奖励版本: v3   并行环境: 12
Using cpu device
Logging to /Users/cichlidfish/tank_trouble/training/tb_logs/PPO_3
---------------------------------
| battle/            |          |
|    draw_rate       | 0        |
|    loss_rate       | 0.97     |
|    win_rate        | 0.03     |
| time/              |          |
|    fps             | 2960     |
|    iterations      | 1        |
|    time_elapsed    | 2        |
|    total_timesteps | 6144     |
---------------------------------
-----------------------------------------
| battle/                 |             |
|    draw_rate            | 0           |
|    loss_rate            | 0.985       |
|    win_rate             | 0.015       |
| time/                   |             |
|    fps                  | 2922        |
|    iterations           | 2           |
|    time_elapsed         | 4           |
|    total_timesteps      | 12288       |
| train/                  |             |
|    approx_kl            | 0.007589095 |
|    clip_fraction        | 0.0595      |
|    clip_range           | 0.2         |
|    entropy_loss         | -2.89       |
|    explained_variance   | -0.344      |
|    learning_rate        | 0.0003      |
|    loss                 | 0.0297      |
|    n_updates            | 6           |
|    policy_gradient_loss | -0.00841    |
|    value_loss           | 0.208       |
-----------------------------------------
-----------------------------------------
| battle/                 |             |
|    draw_rate            | 0           |
|    loss_rate            | 0.953       |
|    win_rate             | 0.0475      |
| time/                   |             |
|    fps                  | 2933        |
|    iterations           | 3           |
|    time_elapsed         | 6           |
|    total_timesteps      | 18432       |
| train/                  |             |
|    approx_kl            | 0.009739857 |
|    clip_fraction        | 0.04        |
|    clip_range           | 0.2         |
|    entropy_loss         | -2.88       |
|    explained_variance   | 0.0161      |
|    learning_rate        | 0.0003      |
|    loss                 | -0.00211    |
|    n_updates            | 12          |
|    policy_gradient_loss | -0.00645    |
|    value_loss           | 0.0976      |
-----------------------------------------
-----------------------------------------
| battle/                 |             |
|    draw_rate            | 0           |
|    loss_rate            | 0.93        |
|    win_rate             | 0.07        |
| time/                   |             |
|    fps                  | 2950        |
|    iterations           | 4           |
|    time_elapsed         | 8           |
|    total_timesteps      | 24576       |
| train/                  |             |
|    approx_kl            | 0.009561378 |
|    clip_fraction        | 0.0486      |
|    clip_range           | 0.2         |
|    entropy_loss         | -2.86       |
|    explained_variance   | 0.161       |
|    learning_rate        | 0.0003      |
|    loss                 | 0.0121      |
|    n_updates            | 18          |
|    policy_gradient_loss | -0.00546    |
|    value_loss           | 0.105       |
-----------------------------------------
-----------------------------------------
| battle/                 |             |
|    draw_rate            | 0           |
|    loss_rate            | 0.935       |
|    win_rate             | 0.065       |
| time/                   |             |
|    fps                  | 2991        |
|    iterations           | 5           |
|    time_elapsed         | 10          |
|    total_timesteps      | 30720       |
| train/                  |             |
|    approx_kl            | 0.009489901 |
|    clip_fraction        | 0.0392      |
|    clip_range           | 0.2         |
|    entropy_loss         | -2.84       |
|    explained_variance   | 0.255       |
|    learning_rate        | 0.0003      |
|    loss                 | 0.0145      |
|    n_updates            | 24          |
|    policy_gradient_loss | -0.00516    |
|    value_loss           | 0.12        |
-----------------------------------------
-----------------------------------------
| battle/                 |             |
|    draw_rate            | 0           |
|    loss_rate            | 0.93        |
|    win_rate             | 0.07        |
| time/                   |             |
|    fps                  | 3022        |
|    iterations           | 6           |
|    time_elapsed         | 12          |
|    total_timesteps      | 36864       |
| train/                  |             |
|    approx_kl            | 0.012035742 |
|    clip_fraction        | 0.08        |
|    clip_range           | 0.2         |
|    entropy_loss         | -2.81       |
|    explained_variance   | 0.262       |
|    learning_rate        | 0.0003      |
|    loss                 | 0.0147      |
|    n_updates            | 30          |
|    policy_gradient_loss | -0.00741    |
|    value_loss           | 0.11        |
-----------------------------------------
------------------------------------------
| battle/                 |              |
|    draw_rate            | 0            |
|    loss_rate            | 0.932        |
|    win_rate             | 0.0675       |
| time/                   |              |
|    fps                  | 3068         |
|    iterations           | 7            |
|    time_elapsed         | 14           |
|    total_timesteps      | 43008        |
| train/                  |              |
|    approx_kl            | 0.0070523103 |
|    clip_fraction        | 0.0362       |
|    clip_range           | 0.2          |
|    entropy_loss         | -2.79        |
|    explained_variance   | 0.24         |
|    learning_rate        | 0.0003       |
|    loss                 | 0.0185       |
|    n_updates            | 36           |
|    policy_gradient_loss | -0.00556     |
|    value_loss           | 0.118        |
------------------------------------------
-----------------------------------------
| battle/                 |             |
|    draw_rate            | 0           |
|    loss_rate            | 0.927       |
|    win_rate             | 0.0725      |
| time/                   |             |
|    fps                  | 3092        |
|    iterations           | 8           |
|    time_elapsed         | 15          |
|    total_timesteps      | 49152       |
| train/                  |             |
|    approx_kl            | 0.008274545 |
|    clip_fraction        | 0.0572      |
|    clip_range           | 0.2         |
|    entropy_loss         | -2.75       |
|    explained_variance   | 0.24        |
|    learning_rate        | 0.0003      |
|    loss                 | 0.0156      |
|    n_updates            | 42          |
|    policy_gradient_loss | -0.00687    |
|    value_loss           | 0.12        |
-----------------------------------------
-----------------------------------------
| battle/                 |             |
|    draw_rate            | 0           |
|    loss_rate            | 0.932       |
|    win_rate             | 0.0675      |
| time/                   |             |
|    fps                  | 3103        |
|    iterations           | 9           |
|    time_elapsed         | 17          |
|    total_timesteps      | 55296       |
| train/                  |             |
|    approx_kl            | 0.008773033 |
|    clip_fraction        | 0.0695      |
|    clip_range           | 0.2         |
|    entropy_loss         | -2.74       |
|    explained_variance   | 0.234       |
|    learning_rate        | 0.0003      |
|    loss                 | 0.0153      |
|    n_updates            | 48          |
|    policy_gradient_loss | -0.00733    |
|    value_loss           | 0.125       |
-----------------------------------------
------------------------------------------
| battle/                 |              |
|    draw_rate            | 0            |
|    loss_rate            | 0.912        |
|    win_rate             | 0.0875       |
| time/                   |              |
|    fps                  | 3153         |
|    iterations           | 10           |
|    time_elapsed         | 19           |
|    total_timesteps      | 61440        |
| train/                  |              |
|    approx_kl            | 0.0067681526 |
|    clip_fraction        | 0.0563       |
|    clip_range           | 0.2          |
|    entropy_loss         | -2.69        |
|    explained_variance   | 0.257        |
|    learning_rate        | 0.0003       |
|    loss                 | 0.0129       |
|    n_updates            | 54           |
|    policy_gradient_loss | -0.00684     |
|    value_loss           | 0.12         |
------------------------------------------
-----------------------------------------
| battle/                 |             |
|    draw_rate            | 0           |
|    loss_rate            | 0.922       |
|    win_rate             | 0.0775      |
| time/                   |             |
|    fps                  | 3179        |
|    iterations           | 11          |
|    time_elapsed         | 21          |
|    total_timesteps      | 67584       |
| train/                  |             |
|    approx_kl            | 0.009239572 |
|    clip_fraction        | 0.0707      |
|    clip_range           | 0.2         |
|    entropy_loss         | -2.68       |
|    explained_variance   | 0.273       |
|    learning_rate        | 0.0003      |
|    loss                 | 0.0201      |
|    n_updates            | 60          |
|    policy_gradient_loss | -0.00646    |
|    value_loss           | 0.129       |
-----------------------------------------
-----------------------------------------
| battle/                 |             |
|    draw_rate            | 0           |
|    loss_rate            | 0.93        |
|    win_rate             | 0.07        |
| time/                   |             |
|    fps                  | 3216        |
|    iterations           | 12          |
|    time_elapsed         | 22          |
|    total_timesteps      | 73728       |
| train/                  |             |
|    approx_kl            | 0.006634733 |
|    clip_fraction        | 0.0671      |
|    clip_range           | 0.2         |
|    entropy_loss         | -2.65       |
|    explained_variance   | 0.241       |
|    learning_rate        | 0.0003      |
|    loss                 | 0.0089      |
|    n_updates            | 66          |
|    policy_gradient_loss | -0.00689    |
|    value_loss           | 0.101       |
-----------------------------------------
------------------------------------------
| battle/                 |              |
|    draw_rate            | 0            |
|    loss_rate            | 0.912        |
|    win_rate             | 0.0875       |
| time/                   |              |
|    fps                  | 3238         |
|    iterations           | 13           |
|    time_elapsed         | 24           |
|    total_timesteps      | 79872        |
| train/                  |              |
|    approx_kl            | 0.0063490146 |
|    clip_fraction        | 0.0518       |
|    clip_range           | 0.2          |
|    entropy_loss         | -2.64        |
|    explained_variance   | 0.282        |
|    learning_rate        | 0.0003       |
|    loss                 | 0.0144       |
|    n_updates            | 72           |
|    policy_gradient_loss | -0.00658     |
|    value_loss           | 0.11         |
------------------------------------------
-----------------------------------------
| battle/                 |             |
|    draw_rate            | 0           |
|    loss_rate            | 0.902       |
|    win_rate             | 0.0975      |
| time/                   |             |
|    fps                  | 3263        |
|    iterations           | 14          |
|    time_elapsed         | 26          |
|    total_timesteps      | 86016       |
| train/                  |             |
|    approx_kl            | 0.006962213 |
|    clip_fraction        | 0.0523      |
|    clip_range           | 0.2         |
|    entropy_loss         | -2.61       |
|    explained_variance   | 0.376       |
|    learning_rate        | 0.0003      |
|    loss                 | 0.00912     |
|    n_updates            | 78          |
|    policy_gradient_loss | -0.00703    |
|    value_loss           | 0.104       |
-----------------------------------------
----------------------------------------
| battle/                 |            |
|    draw_rate            | 0          |
|    loss_rate            | 0.912      |
|    win_rate             | 0.0875     |
| time/                   |            |
|    fps                  | 3279       |
|    iterations           | 15         |
|    time_elapsed         | 28         |
|    total_timesteps      | 92160      |
| train/                  |            |
|    approx_kl            | 0.00670748 |
|    clip_fraction        | 0.0426     |
|    clip_range           | 0.2        |
|    entropy_loss         | -2.57      |
|    explained_variance   | 0.279      |
|    learning_rate        | 0.0003     |
|    loss                 | 0.0392     |
|    n_updates            | 84         |
|    policy_gradient_loss | -0.0056    |
|    value_loss           | 0.145      |
----------------------------------------
-----------------------------------------
| battle/                 |             |
|    draw_rate            | 0           |
|    loss_rate            | 0.938       |
|    win_rate             | 0.0625      |
| time/                   |             |
|    fps                  | 3307        |
|    iterations           | 16          |
|    time_elapsed         | 29          |
|    total_timesteps      | 98304       |
| train/                  |             |
|    approx_kl            | 0.007167349 |
|    clip_fraction        | 0.0621      |
|    clip_range           | 0.2         |
|    entropy_loss         | -2.54       |
|    explained_variance   | 0.263       |
|    learning_rate        | 0.0003      |
|    loss                 | 0.0198      |
|    n_updates            | 90          |
|    policy_gradient_loss | -0.00709    |
|    value_loss           | 0.109       |
-----------------------------------------
------------------------------------------
| battle/                 |              |
|    draw_rate            | 0            |
|    loss_rate            | 0.915        |
|    win_rate             | 0.085        |
| time/                   |              |
|    fps                  | 3336         |
|    iterations           | 17           |
|    time_elapsed         | 31           |
|    total_timesteps      | 104448       |
| train/                  |              |
|    approx_kl            | 0.0076698735 |
|    clip_fraction        | 0.071        |
|    clip_range           | 0.2          |
|    entropy_loss         | -2.51        |
|    explained_variance   | 0.236        |
|    learning_rate        | 0.0003       |
|    loss                 | -0.000165    |
|    n_updates            | 96           |
|    policy_gradient_loss | -0.00794     |
|    value_loss           | 0.0884       |
------------------------------------------
------------------------------------------
| battle/                 |              |
|    draw_rate            | 0            |
|    loss_rate            | 0.877        |
|    win_rate             | 0.122        |
| time/                   |              |
|    fps                  | 3351         |
|    iterations           | 18           |
|    time_elapsed         | 32           |
|    total_timesteps      | 110592       |
| train/                  |              |
|    approx_kl            | 0.0070189624 |
|    clip_fraction        | 0.0662       |
|    clip_range           | 0.2          |
|    entropy_loss         | -2.47        |
|    explained_variance   | 0.32         |
|    learning_rate        | 0.0003       |
|    loss                 | 0.0082       |
|    n_updates            | 102          |
|    policy_gradient_loss | -0.00688     |
|    value_loss           | 0.1          |
------------------------------------------
-----------------------------------------
| battle/                 |             |
|    draw_rate            | 0           |
|    loss_rate            | 0.897       |
|    win_rate             | 0.102       |
| time/                   |             |
|    fps                  | 3381        |
|    iterations           | 19          |
|    time_elapsed         | 34          |
|    total_timesteps      | 116736      |
| train/                  |             |
|    approx_kl            | 0.008576724 |
|    clip_fraction        | 0.0614      |
|    clip_range           | 0.2         |
|    entropy_loss         | -2.44       |
|    explained_variance   | 0.317       |
|    learning_rate        | 0.0003      |
|    loss                 | 0.0204      |
|    n_updates            | 108         |
|    policy_gradient_loss | -0.00708    |
|    value_loss           | 0.12        |
-----------------------------------------
------------------------------------------
| battle/                 |              |
|    draw_rate            | 0            |
|    loss_rate            | 0.9          |
|    win_rate             | 0.1          |
| time/                   |              |
|    fps                  | 3408         |
|    iterations           | 20           |
|    time_elapsed         | 36           |
|    total_timesteps      | 122880       |
| train/                  |              |
|    approx_kl            | 0.0068149525 |
|    clip_fraction        | 0.0566       |
|    clip_range           | 0.2          |
|    entropy_loss         | -2.44        |
|    explained_variance   | 0.25         |
|    learning_rate        | 0.0003       |
|    loss                 | -0.000417    |
|    n_updates            | 114          |
|    policy_gradient_loss | -0.0072      |
|    value_loss           | 0.0939       |
------------------------------------------
------------------------------------------
| battle/                 |              |
|    draw_rate            | 0            |
|    loss_rate            | 0.895        |
|    win_rate             | 0.105        |
| time/                   |              |
|    fps                  | 3430         |
|    iterations           | 21           |
|    time_elapsed         | 37           |
|    total_timesteps      | 129024       |
| train/                  |              |
|    approx_kl            | 0.0077354573 |
|    clip_fraction        | 0.056        |
|    clip_range           | 0.2          |
|    entropy_loss         | -2.42        |
|    explained_variance   | 0.328        |
|    learning_rate        | 0.0003       |
|    loss                 | -0.00129     |
|    n_updates            | 120          |
|    policy_gradient_loss | -0.00794     |
|    value_loss           | 0.0922       |
------------------------------------------
------------------------------------------
| battle/                 |              |
|    draw_rate            | 0            |
|    loss_rate            | 0.892        |
|    win_rate             | 0.107        |
| time/                   |              |
|    fps                  | 3449         |
|    iterations           | 22           |
|    time_elapsed         | 39           |
|    total_timesteps      | 135168       |
| train/                  |              |
|    approx_kl            | 0.0072434596 |
|    clip_fraction        | 0.0652       |
|    clip_range           | 0.2          |
|    entropy_loss         | -2.35        |
|    explained_variance   | 0.301        |
|    learning_rate        | 0.0003       |
|    loss                 | 0.0126       |
|    n_updates            | 126          |
|    policy_gradient_loss | -0.00755     |
|    value_loss           | 0.109        |
------------------------------------------
-----------------------------------------
| battle/                 |             |
|    draw_rate            | 0           |
|    loss_rate            | 0.895       |
|    win_rate             | 0.105       |
| time/                   |             |
|    fps                  | 3478        |
|    iterations           | 23          |
|    time_elapsed         | 40          |
|    total_timesteps      | 141312      |
| train/                  |             |
|    approx_kl            | 0.006094539 |
|    clip_fraction        | 0.0361      |
|    clip_range           | 0.2         |
|    entropy_loss         | -2.34       |
|    explained_variance   | 0.391       |
|    learning_rate        | 0.0003      |
|    loss                 | 0.0178      |
|    n_updates            | 132         |
|    policy_gradient_loss | -0.00631    |
|    value_loss           | 0.108       |
-----------------------------------------
-----------------------------------------
| battle/                 |             |
|    draw_rate            | 0           |
|    loss_rate            | 0.922       |
|    win_rate             | 0.0775      |
| time/                   |             |
|    fps                  | 3492        |
|    iterations           | 24          |
|    time_elapsed         | 42          |
|    total_timesteps      | 147456      |
| train/                  |             |
|    approx_kl            | 0.007017733 |
|    clip_fraction        | 0.0734      |
|    clip_range           | 0.2         |
|    entropy_loss         | -2.34       |
|    explained_variance   | 0.241       |
|    learning_rate        | 0.0003      |
|    loss                 | 0.00504     |
|    n_updates            | 138         |
|    policy_gradient_loss | -0.00765    |
|    value_loss           | 0.0901      |
-----------------------------------------
-----------------------------------------
| battle/                 |             |
|    draw_rate            | 0           |
|    loss_rate            | 0.93        |
|    win_rate             | 0.07        |
| time/                   |             |
|    fps                  | 3516        |
|    iterations           | 25          |
|    time_elapsed         | 43          |
|    total_timesteps      | 153600      |
| train/                  |             |
|    approx_kl            | 0.010014552 |
|    clip_fraction        | 0.065       |
|    clip_range           | 0.2         |
|    entropy_loss         | -2.29       |
|    explained_variance   | 0.15        |
|    learning_rate        | 0.0003      |
|    loss                 | -0.00679    |
|    n_updates            | 144         |
|    policy_gradient_loss | -0.00774    |
|    value_loss           | 0.074       |
-----------------------------------------
-----------------------------------------
| battle/                 |             |
|    draw_rate            | 0           |
|    loss_rate            | 0.895       |
|    win_rate             | 0.105       |
| time/                   |             |
|    fps                  | 3532        |
|    iterations           | 26          |
|    time_elapsed         | 45          |
|    total_timesteps      | 159744      |
| train/                  |             |
|    approx_kl            | 0.010993938 |
|    clip_fraction        | 0.0613      |
|    clip_range           | 0.2         |
|    entropy_loss         | -2.28       |
|    explained_variance   | 0.222       |
|    learning_rate        | 0.0003      |
|    loss                 | 0.00105     |
|    n_updates            | 150         |
|    policy_gradient_loss | -0.00755    |
|    value_loss           | 0.0866      |
-----------------------------------------
----------------------------------------
| battle/                 |            |
|    draw_rate            | 0          |
|    loss_rate            | 0.875      |
|    win_rate             | 0.125      |
| time/                   |            |
|    fps                  | 3552       |
|    iterations           | 27         |
|    time_elapsed         | 46         |
|    total_timesteps      | 165888     |
| train/                  |            |
|    approx_kl            | 0.01129809 |
|    clip_fraction        | 0.0832     |
|    clip_range           | 0.2        |
|    entropy_loss         | -2.25      |
|    explained_variance   | 0.277      |
|    learning_rate        | 0.0003     |
|    loss                 | 0.0201     |
|    n_updates            | 156        |
|    policy_gradient_loss | -0.00801   |
|    value_loss           | 0.117      |
----------------------------------------
-----------------------------------------
| battle/                 |             |
|    draw_rate            | 0           |
|    loss_rate            | 0.902       |
|    win_rate             | 0.0975      |
| time/                   |             |
|    fps                  | 3573        |
|    iterations           | 28          |
|    time_elapsed         | 48          |
|    total_timesteps      | 172032      |
| train/                  |             |
|    approx_kl            | 0.005443943 |
|    clip_fraction        | 0.0426      |
|    clip_range           | 0.2         |
|    entropy_loss         | -2.23       |
|    explained_variance   | 0.241       |
|    learning_rate        | 0.0003      |
|    loss                 | 0.0237      |
|    n_updates            | 162         |
|    policy_gradient_loss | -0.00603    |
|    value_loss           | 0.112       |
-----------------------------------------
------------------------------------------
| battle/                 |              |
|    draw_rate            | 0            |
|    loss_rate            | 0.9          |
|    win_rate             | 0.1          |
| time/                   |              |
|    fps                  | 3583         |
|    iterations           | 29           |
|    time_elapsed         | 49           |
|    total_timesteps      | 178176       |
| train/                  |              |
|    approx_kl            | 0.0063686348 |
|    clip_fraction        | 0.0465       |
|    clip_range           | 0.2          |
|    entropy_loss         | -2.22        |
|    explained_variance   | 0.209        |
|    learning_rate        | 0.0003       |
|    loss                 | -0.0114      |
|    n_updates            | 168          |
|    policy_gradient_loss | -0.00872     |
|    value_loss           | 0.0668       |
------------------------------------------
-----------------------------------------
| battle/                 |             |
|    draw_rate            | 0           |
|    loss_rate            | 0.892       |
|    win_rate             | 0.107       |
| time/                   |             |
|    fps                  | 3605        |
|    iterations           | 30          |
|    time_elapsed         | 51          |
|    total_timesteps      | 184320      |
| train/                  |             |
|    approx_kl            | 0.010045588 |
|    clip_fraction        | 0.075       |
|    clip_range           | 0.2         |
|    entropy_loss         | -2.21       |
|    explained_variance   | 0.221       |
|    learning_rate        | 0.0003      |
|    loss                 | 0.00868     |
|    n_updates            | 174         |
|    policy_gradient_loss | -0.00753    |
|    value_loss           | 0.0959      |
-----------------------------------------
-----------------------------------------
| battle/                 |             |
|    draw_rate            | 0           |
|    loss_rate            | 0.868       |
|    win_rate             | 0.133       |
| time/                   |             |
|    fps                  | 3622        |
|    iterations           | 31          |
|    time_elapsed         | 52          |
|    total_timesteps      | 190464      |
| train/                  |             |
|    approx_kl            | 0.009324198 |
|    clip_fraction        | 0.0855      |
|    clip_range           | 0.2         |
|    entropy_loss         | -2.18       |
|    explained_variance   | 0.273       |
|    learning_rate        | 0.0003      |
|    loss                 | 0.0182      |
|    n_updates            | 180         |
|    policy_gradient_loss | -0.00849    |
|    value_loss           | 0.115       |
-----------------------------------------
-----------------------------------------
| battle/                 |             |
|    draw_rate            | 0           |
|    loss_rate            | 0.868       |
|    win_rate             | 0.133       |
| time/                   |             |
|    fps                  | 3643        |
|    iterations           | 32          |
|    time_elapsed         | 53          |
|    total_timesteps      | 196608      |
| train/                  |             |
|    approx_kl            | 0.009896599 |
|    clip_fraction        | 0.0665      |
|    clip_range           | 0.2         |
|    entropy_loss         | -2.21       |
|    explained_variance   | 0.255       |
|    learning_rate        | 0.0003      |
|    loss                 | 0.0129      |
|    n_updates            | 186         |
|    policy_gradient_loss | -0.0072     |
|    value_loss           | 0.108       |
-----------------------------------------
-----------------------------------------
| battle/                 |             |
|    draw_rate            | 0           |
|    loss_rate            | 0.868       |
|    win_rate             | 0.133       |
| time/                   |             |
|    fps                  | 3665        |
|    iterations           | 33          |
|    time_elapsed         | 55          |
|    total_timesteps      | 202752      |
| train/                  |             |
|    approx_kl            | 0.005929219 |
|    clip_fraction        | 0.0608      |
|    clip_range           | 0.2         |
|    entropy_loss         | -2.14       |
|    explained_variance   | 0.143       |
|    learning_rate        | 0.0003      |
|    loss                 | 0.00544     |
|    n_updates            | 192         |
|    policy_gradient_loss | -0.00809    |
|    value_loss           | 0.0862      |
-----------------------------------------
-----------------------------------------
| battle/                 |             |
|    draw_rate            | 0           |
|    loss_rate            | 0.877       |
|    win_rate             | 0.122       |
| time/                   |             |
|    fps                  | 3686        |
|    iterations           | 34          |
|    time_elapsed         | 56          |
|    total_timesteps      | 208896      |
| train/                  |             |
|    approx_kl            | 0.011251602 |
|    clip_fraction        | 0.0717      |
|    clip_range           | 0.2         |
|    entropy_loss         | -2.13       |
|    explained_variance   | 0.144       |
|    learning_rate        | 0.0003      |
|    loss                 | 0.00405     |
|    n_updates            | 198         |
|    policy_gradient_loss | -0.00829    |
|    value_loss           | 0.103       |
-----------------------------------------
------------------------------------------
| battle/                 |              |
|    draw_rate            | 0            |
|    loss_rate            | 0.868        |
|    win_rate             | 0.133        |
| time/                   |              |
|    fps                  | 3712         |
|    iterations           | 35           |
|    time_elapsed         | 57           |
|    total_timesteps      | 215040       |
| train/                  |              |
|    approx_kl            | 0.0075939945 |
|    clip_fraction        | 0.0562       |
|    clip_range           | 0.2          |
|    entropy_loss         | -2.09        |
|    explained_variance   | 0.195        |
|    learning_rate        | 0.0003       |
|    loss                 | 0.0117       |
|    n_updates            | 204          |
|    policy_gradient_loss | -0.00655     |
|    value_loss           | 0.0917       |
------------------------------------------
-----------------------------------------
| battle/                 |             |
|    draw_rate            | 0           |
|    loss_rate            | 0.848       |
|    win_rate             | 0.152       |
| time/                   |             |
|    fps                  | 3733        |
|    iterations           | 36          |
|    time_elapsed         | 59          |
|    total_timesteps      | 221184      |
| train/                  |             |
|    approx_kl            | 0.008867495 |
|    clip_fraction        | 0.0695      |
|    clip_range           | 0.2         |
|    entropy_loss         | -2.02       |
|    explained_variance   | 0.087       |
|    learning_rate        | 0.0003      |
|    loss                 | 0.0194      |
|    n_updates            | 210         |
|    policy_gradient_loss | -0.00781    |
|    value_loss           | 0.106       |
-----------------------------------------
------------------------------------------
| battle/                 |              |
|    draw_rate            | 0            |
|    loss_rate            | 0.858        |
|    win_rate             | 0.142        |
| time/                   |              |
|    fps                  | 3756         |
|    iterations           | 37           |
|    time_elapsed         | 60           |
|    total_timesteps      | 227328       |
| train/                  |              |
|    approx_kl            | 0.0069388053 |
|    clip_fraction        | 0.036        |
|    clip_range           | 0.2          |
|    entropy_loss         | -2.03        |
|    explained_variance   | 0.175        |
|    learning_rate        | 0.0003       |
|    loss                 | 0.0119       |
|    n_updates            | 216          |
|    policy_gradient_loss | -0.00665     |
|    value_loss           | 0.103        |
------------------------------------------
------------------------------------------
| battle/                 |              |
|    draw_rate            | 0            |
|    loss_rate            | 0.835        |
|    win_rate             | 0.165        |
| time/                   |              |
|    fps                  | 3776         |
|    iterations           | 38           |
|    time_elapsed         | 61           |
|    total_timesteps      | 233472       |
| train/                  |              |
|    approx_kl            | 0.0104968995 |
|    clip_fraction        | 0.0651       |
|    clip_range           | 0.2          |
|    entropy_loss         | -2.01        |
|    explained_variance   | 0.187        |
|    learning_rate        | 0.0003       |
|    loss                 | 0.0164       |
|    n_updates            | 222          |
|    policy_gradient_loss | -0.00862     |
|    value_loss           | 0.111        |
------------------------------------------
-----------------------------------------
| battle/                 |             |
|    draw_rate            | 0           |
|    loss_rate            | 0.835       |
|    win_rate             | 0.165       |
| time/                   |             |
|    fps                  | 3798        |
|    iterations           | 39          |
|    time_elapsed         | 63          |
|    total_timesteps      | 239616      |
| train/                  |             |
|    approx_kl            | 0.009316612 |
|    clip_fraction        | 0.0501      |
|    clip_range           | 0.2         |
|    entropy_loss         | -1.98       |
|    explained_variance   | 0.19        |
|    learning_rate        | 0.0003      |
|    loss                 | 0.0128      |
|    n_updates            | 228         |
|    policy_gradient_loss | -0.00743    |
|    value_loss           | 0.101       |
-----------------------------------------
------------------------------------------
| battle/                 |              |
|    draw_rate            | 0            |
|    loss_rate            | 0.838        |
|    win_rate             | 0.163        |
| time/                   |              |
|    fps                  | 3822         |
|    iterations           | 40           |
|    time_elapsed         | 64           |
|    total_timesteps      | 245760       |
| train/                  |              |
|    approx_kl            | 0.0045603653 |
|    clip_fraction        | 0.0388       |
|    clip_range           | 0.2          |
|    entropy_loss         | -1.95        |
|    explained_variance   | 0.236        |
|    learning_rate        | 0.0003       |
|    loss                 | 0.00529      |
|    n_updates            | 234          |
|    policy_gradient_loss | -0.00607     |
|    value_loss           | 0.0836       |
------------------------------------------
-----------------------------------------
| battle/                 |             |
|    draw_rate            | 0           |
|    loss_rate            | 0.823       |
|    win_rate             | 0.177       |
| time/                   |             |
|    fps                  | 3840        |
|    iterations           | 41          |
|    time_elapsed         | 65          |
|    total_timesteps      | 251904      |
| train/                  |             |
|    approx_kl            | 0.009068083 |
|    clip_fraction        | 0.0554      |
|    clip_range           | 0.2         |
|    entropy_loss         | -1.93       |
|    explained_variance   | 0.245       |
|    learning_rate        | 0.0003      |
|    loss                 | 0.0166      |
|    n_updates            | 240         |
|    policy_gradient_loss | -0.00574    |
|    value_loss           | 0.0942      |
-----------------------------------------
-----------------------------------------
| battle/                 |             |
|    draw_rate            | 0           |
|    loss_rate            | 0.818       |
|    win_rate             | 0.182       |
| time/                   |             |
|    fps                  | 3856        |
|    iterations           | 42          |
|    time_elapsed         | 66          |
|    total_timesteps      | 258048      |
| train/                  |             |
|    approx_kl            | 0.008244853 |
|    clip_fraction        | 0.0821      |
|    clip_range           | 0.2         |
|    entropy_loss         | -1.92       |
|    explained_variance   | 0.0538      |
|    learning_rate        | 0.0003      |
|    loss                 | 0.0098      |
|    n_updates            | 246         |
|    policy_gradient_loss | -0.00867    |
|    value_loss           | 0.0961      |
-----------------------------------------
-----------------------------------------
| battle/                 |             |
|    draw_rate            | 0           |
|    loss_rate            | 0.818       |
|    win_rate             | 0.182       |
| time/                   |             |
|    fps                  | 3877        |
|    iterations           | 43          |
|    time_elapsed         | 68          |
|    total_timesteps      | 264192      |
| train/                  |             |
|    approx_kl            | 0.004549251 |
|    clip_fraction        | 0.025       |
|    clip_range           | 0.2         |
|    entropy_loss         | -1.91       |
|    explained_variance   | 0.156       |
|    learning_rate        | 0.0003      |
|    loss                 | 0.0283      |
|    n_updates            | 252         |
|    policy_gradient_loss | -0.00584    |
|    value_loss           | 0.117       |
-----------------------------------------
------------------------------------------
| battle/                 |              |
|    draw_rate            | 0            |
|    loss_rate            | 0.818        |
|    win_rate             | 0.182        |
| time/                   |              |
|    fps                  | 3896         |
|    iterations           | 44           |
|    time_elapsed         | 69           |
|    total_timesteps      | 270336       |
| train/                  |              |
|    approx_kl            | 0.0077227694 |
|    clip_fraction        | 0.049        |
|    clip_range           | 0.2          |
|    entropy_loss         | -1.89        |
|    explained_variance   | 0.0493       |
|    learning_rate        | 0.0003       |
|    loss                 | 0.0121       |
|    n_updates            | 258          |
|    policy_gradient_loss | -0.0074      |
|    value_loss           | 0.0863       |
------------------------------------------
------------------------------------------
| battle/                 |              |
|    draw_rate            | 0            |
|    loss_rate            | 0.825        |
|    win_rate             | 0.175        |
| time/                   |              |
|    fps                  | 3913         |
|    iterations           | 45           |
|    time_elapsed         | 70           |
|    total_timesteps      | 276480       |
| train/                  |              |
|    approx_kl            | 0.0053048376 |
|    clip_fraction        | 0.0435       |
|    clip_range           | 0.2          |
|    entropy_loss         | -1.9         |
|    explained_variance   | 0.216        |
|    learning_rate        | 0.0003       |
|    loss                 | 0.00281      |
|    n_updates            | 264          |
|    policy_gradient_loss | -0.00667     |
|    value_loss           | 0.0761       |
------------------------------------------
-----------------------------------------
| battle/                 |             |
|    draw_rate            | 0           |
|    loss_rate            | 0.835       |
|    win_rate             | 0.165       |
| time/                   |             |
|    fps                  | 3924        |
|    iterations           | 46          |
|    time_elapsed         | 72          |
|    total_timesteps      | 282624      |
| train/                  |             |
|    approx_kl            | 0.010007122 |
|    clip_fraction        | 0.0664      |
|    clip_range           | 0.2         |
|    entropy_loss         | -1.92       |
|    explained_variance   | 0.115       |
|    learning_rate        | 0.0003      |
|    loss                 | 0.00783     |
|    n_updates            | 270         |
|    policy_gradient_loss | -0.0078     |
|    value_loss           | 0.0971      |
-----------------------------------------
------------------------------------------
| battle/                 |              |
|    draw_rate            | 0            |
|    loss_rate            | 0.823        |
|    win_rate             | 0.177        |
| time/                   |              |
|    fps                  | 3937         |
|    iterations           | 47           |
|    time_elapsed         | 73           |
|    total_timesteps      | 288768       |
| train/                  |              |
|    approx_kl            | 0.0049794847 |
|    clip_fraction        | 0.0922       |
|    clip_range           | 0.2          |
|    entropy_loss         | -1.87        |
|    explained_variance   | 0.201        |
|    learning_rate        | 0.0003       |
|    loss                 | 0.00571      |
|    n_updates            | 276          |
|    policy_gradient_loss | -0.00668     |
|    value_loss           | 0.082        |
------------------------------------------
------------------------------------------
| battle/                 |              |
|    draw_rate            | 0            |
|    loss_rate            | 0.81         |
|    win_rate             | 0.19         |
| time/                   |              |
|    fps                  | 3952         |
|    iterations           | 48           |
|    time_elapsed         | 74           |
|    total_timesteps      | 294912       |
| train/                  |              |
|    approx_kl            | 0.0058455165 |
|    clip_fraction        | 0.0343       |
|    clip_range           | 0.2          |
|    entropy_loss         | -1.9         |
|    explained_variance   | 0.262        |
|    learning_rate        | 0.0003       |
|    loss                 | 0.00769      |
|    n_updates            | 282          |
|    policy_gradient_loss | -0.00673     |
|    value_loss           | 0.0887       |
------------------------------------------
-----------------------------------------
| battle/                 |             |
|    draw_rate            | 0           |
|    loss_rate            | 0.805       |
|    win_rate             | 0.195       |
| time/                   |             |
|    fps                  | 3966        |
|    iterations           | 49          |
|    time_elapsed         | 75          |
|    total_timesteps      | 301056      |
| train/                  |             |
|    approx_kl            | 0.007396609 |
|    clip_fraction        | 0.0559      |
|    clip_range           | 0.2         |
|    entropy_loss         | -1.89       |
|    explained_variance   | 0.261       |
|    learning_rate        | 0.0003      |
|    loss                 | 0.00711     |
|    n_updates            | 288         |
|    policy_gradient_loss | -0.00746    |
|    value_loss           | 0.0948      |
-----------------------------------------
-----------------------------------------
| battle/                 |             |
|    draw_rate            | 0           |
|    loss_rate            | 0.797       |
|    win_rate             | 0.203       |
| time/                   |             |
|    fps                  | 3977        |
|    iterations           | 50          |
|    time_elapsed         | 77          |
|    total_timesteps      | 307200      |
| train/                  |             |
|    approx_kl            | 0.008492146 |
|    clip_fraction        | 0.0419      |
|    clip_range           | 0.2         |
|    entropy_loss         | -1.91       |
|    explained_variance   | 0.27        |
|    learning_rate        | 0.0003      |
|    loss                 | 0.0127      |
|    n_updates            | 294         |
|    policy_gradient_loss | -0.00596    |
|    value_loss           | 0.0891      |
-----------------------------------------
-----------------------------------------
| battle/                 |             |
|    draw_rate            | 0           |
|    loss_rate            | 0.787       |
|    win_rate             | 0.212       |
| time/                   |             |
|    fps                  | 3988        |
|    iterations           | 51          |
|    time_elapsed         | 78          |
|    total_timesteps      | 313344      |
| train/                  |             |
|    approx_kl            | 0.008960874 |
|    clip_fraction        | 0.0568      |
|    clip_range           | 0.2         |
|    entropy_loss         | -1.89       |
|    explained_variance   | 0.225       |
|    learning_rate        | 0.0003      |
|    loss                 | 0.0209      |
|    n_updates            | 300         |
|    policy_gradient_loss | -0.00636    |
|    value_loss           | 0.111       |
-----------------------------------------
-----------------------------------------
| battle/                 |             |
|    draw_rate            | 0           |
|    loss_rate            | 0.792       |
|    win_rate             | 0.207       |
| time/                   |             |
|    fps                  | 4007        |
|    iterations           | 52          |
|    time_elapsed         | 79          |
|    total_timesteps      | 319488      |
| train/                  |             |
|    approx_kl            | 0.006542248 |
|    clip_fraction        | 0.0428      |
|    clip_range           | 0.2         |
|    entropy_loss         | -1.9        |
|    explained_variance   | 0.196       |
|    learning_rate        | 0.0003      |
|    loss                 | 0.0258      |
|    n_updates            | 306         |
|    policy_gradient_loss | -0.00585    |
|    value_loss           | 0.117       |
-----------------------------------------
-----------------------------------------
| battle/                 |             |
|    draw_rate            | 0           |
|    loss_rate            | 0.8         |
|    win_rate             | 0.2         |
| time/                   |             |
|    fps                  | 4022        |
|    iterations           | 53          |
|    time_elapsed         | 80          |
|    total_timesteps      | 325632      |
| train/                  |             |
|    approx_kl            | 0.004374057 |
|    clip_fraction        | 0.0659      |
|    clip_range           | 0.2         |
|    entropy_loss         | -1.89       |
|    explained_variance   | 0.174       |
|    learning_rate        | 0.0003      |
|    loss                 | 0.0127      |
|    n_updates            | 312         |
|    policy_gradient_loss | -0.00708    |
|    value_loss           | 0.0995      |
-----------------------------------------
-----------------------------------------
| battle/                 |             |
|    draw_rate            | 0           |
|    loss_rate            | 0.81        |
|    win_rate             | 0.19        |
| time/                   |             |
|    fps                  | 4034        |
|    iterations           | 54          |
|    time_elapsed         | 82          |
|    total_timesteps      | 331776      |
| train/                  |             |
|    approx_kl            | 0.007875248 |
|    clip_fraction        | 0.0503      |
|    clip_range           | 0.2         |
|    entropy_loss         | -1.91       |
|    explained_variance   | 0.242       |
|    learning_rate        | 0.0003      |
|    loss                 | 0.0026      |
|    n_updates            | 318         |
|    policy_gradient_loss | -0.00776    |
|    value_loss           | 0.0802      |
-----------------------------------------
------------------------------------------
| battle/                 |              |
|    draw_rate            | 0            |
|    loss_rate            | 0.807        |
|    win_rate             | 0.193        |
| time/                   |              |
|    fps                  | 4047         |
|    iterations           | 55           |
|    time_elapsed         | 83           |
|    total_timesteps      | 337920       |
| train/                  |              |
|    approx_kl            | 0.0070774113 |
|    clip_fraction        | 0.056        |
|    clip_range           | 0.2          |
|    entropy_loss         | -1.89        |
|    explained_variance   | 0.271        |
|    learning_rate        | 0.0003       |
|    loss                 | -0.00281     |
|    n_updates            | 324          |
|    policy_gradient_loss | -0.00654     |
|    value_loss           | 0.0631       |
------------------------------------------
------------------------------------------
| battle/                 |              |
|    draw_rate            | 0            |
|    loss_rate            | 0.792        |
|    win_rate             | 0.207        |
| time/                   |              |
|    fps                  | 4060         |
|    iterations           | 56           |
|    time_elapsed         | 84           |
|    total_timesteps      | 344064       |
| train/                  |              |
|    approx_kl            | 0.0077492073 |
|    clip_fraction        | 0.0494       |
|    clip_range           | 0.2          |
|    entropy_loss         | -1.86        |
|    explained_variance   | 0.204        |
|    learning_rate        | 0.0003       |
|    loss                 | 0.00216      |
|    n_updates            | 330          |
|    policy_gradient_loss | -0.00764     |
|    value_loss           | 0.0859       |
------------------------------------------
---------------------------------------
| battle/                 |           |
|    draw_rate            | 0         |
|    loss_rate            | 0.785     |
|    win_rate             | 0.215     |
| time/                   |           |
|    fps                  | 4074      |
|    iterations           | 57        |
|    time_elapsed         | 85        |
|    total_timesteps      | 350208    |
| train/                  |           |
|    approx_kl            | 0.0067522 |
|    clip_fraction        | 0.0338    |
|    clip_range           | 0.2       |
|    entropy_loss         | -1.84     |
|    explained_variance   | 0.264     |
|    learning_rate        | 0.0003    |
|    loss                 | 0.0214    |
|    n_updates            | 336       |
|    policy_gradient_loss | -0.00526  |
|    value_loss           | 0.109     |
---------------------------------------
-----------------------------------------
| battle/                 |             |
|    draw_rate            | 0           |
|    loss_rate            | 0.782       |
|    win_rate             | 0.217       |
| time/                   |             |
|    fps                  | 4085        |
|    iterations           | 58          |
|    time_elapsed         | 87          |
|    total_timesteps      | 356352      |
| train/                  |             |
|    approx_kl            | 0.007816655 |
|    clip_fraction        | 0.0758      |
|    clip_range           | 0.2         |
|    entropy_loss         | -1.89       |
|    explained_variance   | 0.229       |
|    learning_rate        | 0.0003      |
|    loss                 | 0.00844     |
|    n_updates            | 342         |
|    policy_gradient_loss | -0.00645    |
|    value_loss           | 0.0984      |
-----------------------------------------
-----------------------------------------
| battle/                 |             |
|    draw_rate            | 0           |
|    loss_rate            | 0.745       |
|    win_rate             | 0.255       |
| time/                   |             |
|    fps                  | 4095        |
|    iterations           | 59          |
|    time_elapsed         | 88          |
|    total_timesteps      | 362496      |
| train/                  |             |
|    approx_kl            | 0.008431804 |
|    clip_fraction        | 0.056       |
|    clip_range           | 0.2         |
|    entropy_loss         | -1.91       |
|    explained_variance   | 0.241       |
|    learning_rate        | 0.0003      |
|    loss                 | 0.00128     |
|    n_updates            | 348         |
|    policy_gradient_loss | -0.00601    |
|    value_loss           | 0.0811      |
-----------------------------------------
----------------------------------------
| battle/                 |            |
|    draw_rate            | 0          |
|    loss_rate            | 0.752      |
|    win_rate             | 0.247      |
| time/                   |            |
|    fps                  | 4108       |
|    iterations           | 60         |
|    time_elapsed         | 89         |
|    total_timesteps      | 368640     |
| train/                  |            |
|    approx_kl            | 0.00784444 |
|    clip_fraction        | 0.0668     |
|    clip_range           | 0.2        |
|    entropy_loss         | -1.9       |
|    explained_variance   | 0.183      |
|    learning_rate        | 0.0003     |
|    loss                 | 0.0291     |
|    n_updates            | 354        |
|    policy_gradient_loss | -0.00645   |
|    value_loss           | 0.132      |
----------------------------------------
------------------------------------------
| battle/                 |              |
|    draw_rate            | 0            |
|    loss_rate            | 0.765        |
|    win_rate             | 0.235        |
| time/                   |              |
|    fps                  | 4122         |
|    iterations           | 61           |
|    time_elapsed         | 90           |
|    total_timesteps      | 374784       |
| train/                  |              |
|    approx_kl            | 0.0057083927 |
|    clip_fraction        | 0.0442       |
|    clip_range           | 0.2          |
|    entropy_loss         | -1.9         |
|    explained_variance   | 0.215        |
|    learning_rate        | 0.0003       |
|    loss                 | 0.0109       |
|    n_updates            | 360          |
|    policy_gradient_loss | -0.00526     |
|    value_loss           | 0.0881       |
------------------------------------------
------------------------------------------
| battle/                 |              |
|    draw_rate            | 0            |
|    loss_rate            | 0.785        |
|    win_rate             | 0.215        |
| time/                   |              |
|    fps                  | 4136         |
|    iterations           | 62           |
|    time_elapsed         | 92           |
|    total_timesteps      | 380928       |
| train/                  |              |
|    approx_kl            | 0.0070961113 |
|    clip_fraction        | 0.0772       |
|    clip_range           | 0.2          |
|    entropy_loss         | -1.89        |
|    explained_variance   | 0.205        |
|    learning_rate        | 0.0003       |
|    loss                 | 0.0133       |
|    n_updates            | 366          |
|    policy_gradient_loss | -0.00813     |
|    value_loss           | 0.0958       |
------------------------------------------
------------------------------------------
| battle/                 |              |
|    draw_rate            | 0            |
|    loss_rate            | 0.75         |
|    win_rate             | 0.25         |
| time/                   |              |
|    fps                  | 4149         |
|    iterations           | 63           |
|    time_elapsed         | 93           |
|    total_timesteps      | 387072       |
| train/                  |              |
|    approx_kl            | 0.0053565293 |
|    clip_fraction        | 0.0454       |
|    clip_range           | 0.2          |
|    entropy_loss         | -1.9         |
|    explained_variance   | 0.312        |
|    learning_rate        | 0.0003       |
|    loss                 | 0.00763      |
|    n_updates            | 372          |
|    policy_gradient_loss | -0.00681     |
|    value_loss           | 0.0808       |
------------------------------------------
------------------------------------------
| battle/                 |              |
|    draw_rate            | 0            |
|    loss_rate            | 0.762        |
|    win_rate             | 0.237        |
| time/                   |              |
|    fps                  | 4159         |
|    iterations           | 64           |
|    time_elapsed         | 94           |
|    total_timesteps      | 393216       |
| train/                  |              |
|    approx_kl            | 0.0056986664 |
|    clip_fraction        | 0.0401       |
|    clip_range           | 0.2          |
|    entropy_loss         | -1.9         |
|    explained_variance   | 0.208        |
|    learning_rate        | 0.0003       |
|    loss                 | 0.0187       |
|    n_updates            | 378          |
|    policy_gradient_loss | -0.00639     |
|    value_loss           | 0.113        |
------------------------------------------
------------------------------------------
| battle/                 |              |
|    draw_rate            | 0            |
|    loss_rate            | 0.767        |
|    win_rate             | 0.233        |
| time/                   |              |
|    fps                  | 4170         |
|    iterations           | 65           |
|    time_elapsed         | 95           |
|    total_timesteps      | 399360       |
| train/                  |              |
|    approx_kl            | 0.0065149297 |
|    clip_fraction        | 0.0666       |
|    clip_range           | 0.2          |
|    entropy_loss         | -1.89        |
|    explained_variance   | 0.236        |
|    learning_rate        | 0.0003       |
|    loss                 | 0.0148       |
|    n_updates            | 384          |
|    policy_gradient_loss | -0.00682     |
|    value_loss           | 0.0968       |
------------------------------------------
------------------------------------------
| battle/                 |              |
|    draw_rate            | 0            |
|    loss_rate            | 0.762        |
|    win_rate             | 0.237        |
| time/                   |              |
|    fps                  | 4181         |
|    iterations           | 66           |
|    time_elapsed         | 96           |
|    total_timesteps      | 405504       |
| train/                  |              |
|    approx_kl            | 0.0057249065 |
|    clip_fraction        | 0.0423       |
|    clip_range           | 0.2          |
|    entropy_loss         | -1.89        |
|    explained_variance   | 0.311        |
|    learning_rate        | 0.0003       |
|    loss                 | 0.00656      |
|    n_updates            | 390          |
|    policy_gradient_loss | -0.00663     |
|    value_loss           | 0.0794       |
------------------------------------------
------------------------------------------
| battle/                 |              |
|    draw_rate            | 0            |
|    loss_rate            | 0.745        |
|    win_rate             | 0.255        |
| time/                   |              |
|    fps                  | 4191         |
|    iterations           | 67           |
|    time_elapsed         | 98           |
|    total_timesteps      | 411648       |
| train/                  |              |
|    approx_kl            | 0.0075983144 |
|    clip_fraction        | 0.0522       |
|    clip_range           | 0.2          |
|    entropy_loss         | -1.9         |
|    explained_variance   | 0.21         |
|    learning_rate        | 0.0003       |
|    loss                 | 0.0216       |
|    n_updates            | 396          |
|    policy_gradient_loss | -0.00702     |
|    value_loss           | 0.12         |
------------------------------------------
------------------------------------------
| battle/                 |              |
|    draw_rate            | 0            |
|    loss_rate            | 0.757        |
|    win_rate             | 0.242        |
| time/                   |              |
|    fps                  | 4199         |
|    iterations           | 68           |
|    time_elapsed         | 99           |
|    total_timesteps      | 417792       |
| train/                  |              |
|    approx_kl            | 0.0077309893 |
|    clip_fraction        | 0.0308       |
|    clip_range           | 0.2          |
|    entropy_loss         | -1.88        |
|    explained_variance   | 0.289        |
|    learning_rate        | 0.0003       |
|    loss                 | 0.0272       |
|    n_updates            | 402          |
|    policy_gradient_loss | -0.00562     |
|    value_loss           | 0.121        |
------------------------------------------
----------------------------------------
| battle/                 |            |
|    draw_rate            | 0          |
|    loss_rate            | 0.765      |
|    win_rate             | 0.235      |
| time/                   |            |
|    fps                  | 4210       |
|    iterations           | 69         |
|    time_elapsed         | 100        |
|    total_timesteps      | 423936     |
| train/                  |            |
|    approx_kl            | 0.00581859 |
|    clip_fraction        | 0.0554     |
|    clip_range           | 0.2        |
|    entropy_loss         | -1.86      |
|    explained_variance   | 0.296      |
|    learning_rate        | 0.0003     |
|    loss                 | 0.016      |
|    n_updates            | 408        |
|    policy_gradient_loss | -0.00686   |
|    value_loss           | 0.097      |
----------------------------------------
------------------------------------------
| battle/                 |              |
|    draw_rate            | 0            |
|    loss_rate            | 0.745        |
|    win_rate             | 0.255        |
| time/                   |              |
|    fps                  | 4217         |
|    iterations           | 70           |
|    time_elapsed         | 101          |
|    total_timesteps      | 430080       |
| train/                  |              |
|    approx_kl            | 0.0061319545 |
|    clip_fraction        | 0.0251       |
|    clip_range           | 0.2          |
|    entropy_loss         | -1.86        |
|    explained_variance   | 0.308        |
|    learning_rate        | 0.0003       |
|    loss                 | 0.00828      |
|    n_updates            | 414          |
|    policy_gradient_loss | -0.00634     |
|    value_loss           | 0.0988       |
------------------------------------------
------------------------------------------
| battle/                 |              |
|    draw_rate            | 0            |
|    loss_rate            | 0.745        |
|    win_rate             | 0.255        |
| time/                   |              |
|    fps                  | 4224         |
|    iterations           | 71           |
|    time_elapsed         | 103          |
|    total_timesteps      | 436224       |
| train/                  |              |
|    approx_kl            | 0.0068120137 |
|    clip_fraction        | 0.0752       |
|    clip_range           | 0.2          |
|    entropy_loss         | -1.85        |
|    explained_variance   | 0.173        |
|    learning_rate        | 0.0003       |
|    loss                 | 0.019        |
|    n_updates            | 420          |
|    policy_gradient_loss | -0.00862     |
|    value_loss           | 0.117        |
------------------------------------------
-----------------------------------------
| battle/                 |             |
|    draw_rate            | 0           |
|    loss_rate            | 0.765       |
|    win_rate             | 0.235       |
| time/                   |             |
|    fps                  | 4229        |
|    iterations           | 72          |
|    time_elapsed         | 104         |
|    total_timesteps      | 442368      |
| train/                  |             |
|    approx_kl            | 0.005124437 |
|    clip_fraction        | 0.0515      |
|    clip_range           | 0.2         |
|    entropy_loss         | -1.87       |
|    explained_variance   | 0.175       |
|    learning_rate        | 0.0003      |
|    loss                 | 0.017       |
|    n_updates            | 426         |
|    policy_gradient_loss | -0.00668    |
|    value_loss           | 0.102       |
-----------------------------------------
-----------------------------------------
| battle/                 |             |
|    draw_rate            | 0           |
|    loss_rate            | 0.762       |
|    win_rate             | 0.237       |
| time/                   |             |
|    fps                  | 4236        |
|    iterations           | 73          |
|    time_elapsed         | 105         |
|    total_timesteps      | 448512      |
| train/                  |             |
|    approx_kl            | 0.007061338 |
|    clip_fraction        | 0.0582      |
|    clip_range           | 0.2         |
|    entropy_loss         | -1.8        |
|    explained_variance   | 0.36        |
|    learning_rate        | 0.0003      |
|    loss                 | 0.00396     |
|    n_updates            | 432         |
|    policy_gradient_loss | -0.00835    |
|    value_loss           | 0.0808      |
-----------------------------------------
-----------------------------------------
| battle/                 |             |
|    draw_rate            | 0           |
|    loss_rate            | 0.76        |
|    win_rate             | 0.24        |
| time/                   |             |
|    fps                  | 4238        |
|    iterations           | 74          |
|    time_elapsed         | 107         |
|    total_timesteps      | 454656      |
| train/                  |             |
|    approx_kl            | 0.005307825 |
|    clip_fraction        | 0.0582      |
|    clip_range           | 0.2         |
|    entropy_loss         | -1.82       |
|    explained_variance   | 0.262       |
|    learning_rate        | 0.0003      |
|    loss                 | 0.0162      |
|    n_updates            | 438         |
|    policy_gradient_loss | -0.00634    |
|    value_loss           | 0.105       |
-----------------------------------------
-----------------------------------------
| battle/                 |             |
|    draw_rate            | 0           |
|    loss_rate            | 0.748       |
|    win_rate             | 0.253       |
| time/                   |             |
|    fps                  | 4249        |
|    iterations           | 75          |
|    time_elapsed         | 108         |
|    total_timesteps      | 460800      |
| train/                  |             |
|    approx_kl            | 0.010940214 |
|    clip_fraction        | 0.0916      |
|    clip_range           | 0.2         |
|    entropy_loss         | -1.78       |
|    explained_variance   | 0.312       |
|    learning_rate        | 0.0003      |
|    loss                 | 0.0142      |
|    n_updates            | 444         |
|    policy_gradient_loss | -0.0081     |
|    value_loss           | 0.0963      |
-----------------------------------------
-----------------------------------------
| battle/                 |             |
|    draw_rate            | 0           |
|    loss_rate            | 0.762       |
|    win_rate             | 0.237       |
| time/                   |             |
|    fps                  | 4256        |
|    iterations           | 76          |
|    time_elapsed         | 109         |
|    total_timesteps      | 466944      |
| train/                  |             |
|    approx_kl            | 0.004438132 |
|    clip_fraction        | 0.0455      |
|    clip_range           | 0.2         |
|    entropy_loss         | -1.81       |
|    explained_variance   | 0.252       |
|    learning_rate        | 0.0003      |
|    loss                 | 0.019       |
|    n_updates            | 450         |
|    policy_gradient_loss | -0.006      |
|    value_loss           | 0.109       |
-----------------------------------------
-----------------------------------------
| battle/                 |             |
|    draw_rate            | 0           |
|    loss_rate            | 0.75        |
|    win_rate             | 0.25        |
| time/                   |             |
|    fps                  | 4260        |
|    iterations           | 77          |
|    time_elapsed         | 111         |
|    total_timesteps      | 473088      |
| train/                  |             |
|    approx_kl            | 0.006808581 |
|    clip_fraction        | 0.0561      |
|    clip_range           | 0.2         |
|    entropy_loss         | -1.77       |
|    explained_variance   | 0.344       |
|    learning_rate        | 0.0003      |
|    loss                 | 0.000484    |
|    n_updates            | 456         |
|    policy_gradient_loss | -0.00642    |
|    value_loss           | 0.0751      |
-----------------------------------------
------------------------------------------
| battle/                 |              |
|    draw_rate            | 0            |
|    loss_rate            | 0.743        |
|    win_rate             | 0.258        |
| time/                   |              |
|    fps                  | 4266         |
|    iterations           | 78           |
|    time_elapsed         | 112          |
|    total_timesteps      | 479232       |
| train/                  |              |
|    approx_kl            | 0.0079958895 |
|    clip_fraction        | 0.0582       |
|    clip_range           | 0.2          |
|    entropy_loss         | -1.8         |
|    explained_variance   | 0.249        |
|    learning_rate        | 0.0003       |
|    loss                 | 0.0166       |
|    n_updates            | 462          |
|    policy_gradient_loss | -0.00729     |
|    value_loss           | 0.111        |
------------------------------------------
------------------------------------------
| battle/                 |              |
|    draw_rate            | 0            |
|    loss_rate            | 0.735        |
|    win_rate             | 0.265        |
| time/                   |              |
|    fps                  | 4271         |
|    iterations           | 79           |
|    time_elapsed         | 113          |
|    total_timesteps      | 485376       |
| train/                  |              |
|    approx_kl            | 0.0057870275 |
|    clip_fraction        | 0.0638       |
|    clip_range           | 0.2          |
|    entropy_loss         | -1.75        |
|    explained_variance   | 0.197        |
|    learning_rate        | 0.0003       |
|    loss                 | 0.0239       |
|    n_updates            | 468          |
|    policy_gradient_loss | -0.00616     |
|    value_loss           | 0.105        |
------------------------------------------
------------------------------------------
| battle/                 |              |
|    draw_rate            | 0            |
|    loss_rate            | 0.735        |
|    win_rate             | 0.265        |
| time/                   |              |
|    fps                  | 4277         |
|    iterations           | 80           |
|    time_elapsed         | 114          |
|    total_timesteps      | 491520       |
| train/                  |              |
|    approx_kl            | 0.0070201415 |
|    clip_fraction        | 0.0527       |
|    clip_range           | 0.2          |
|    entropy_loss         | -1.77        |
|    explained_variance   | 0.418        |
|    learning_rate        | 0.0003       |
|    loss                 | 0.00379      |
|    n_updates            | 474          |
|    policy_gradient_loss | -0.00689     |
|    value_loss           | 0.074        |
------------------------------------------
------------------------------------------
| battle/                 |              |
|    draw_rate            | 0            |
|    loss_rate            | 0.715        |
|    win_rate             | 0.285        |
| time/                   |              |
|    fps                  | 4279         |
|    iterations           | 81           |
|    time_elapsed         | 116          |
|    total_timesteps      | 497664       |
| train/                  |              |
|    approx_kl            | 0.0073004193 |
|    clip_fraction        | 0.0594       |
|    clip_range           | 0.2          |
|    entropy_loss         | -1.75        |
|    explained_variance   | 0.312        |
|    learning_rate        | 0.0003       |
|    loss                 | 0.0177       |
|    n_updates            | 480          |
|    policy_gradient_loss | -0.00617     |
|    value_loss           | 0.102        |
------------------------------------------

[eval @ 503,808 steps] 确定性评估胜率: 20.0%
  ✓ 新最优, 已保存 /Users/cichlidfish/tank_trouble/training/models/best_model.zip
-----------------------------------------
| battle/                 |             |
|    draw_rate            | 0           |
|    eval_win_rate        | 0.2         |
|    loss_rate            | 0.715       |
|    win_rate             | 0.285       |
| time/                   |             |
|    fps                  | 4157        |
|    iterations           | 82          |
|    time_elapsed         | 121         |
|    total_timesteps      | 503808      |
| train/                  |             |
|    approx_kl            | 0.004342118 |
|    clip_fraction        | 0.0283      |
|    clip_range           | 0.2         |
|    entropy_loss         | -1.76       |
|    explained_variance   | 0.406       |
|    learning_rate        | 0.0003      |
|    loss                 | 0.0168      |
|    n_updates            | 486         |
|    policy_gradient_loss | -0.00614    |
|    value_loss           | 0.105       |
-----------------------------------------
------------------------------------------
| battle/                 |              |
|    draw_rate            | 0            |
|    loss_rate            | 0.723        |
|    win_rate             | 0.278        |
| time/                   |              |
|    fps                  | 4164         |
|    iterations           | 83           |
|    time_elapsed         | 122          |
|    total_timesteps      | 509952       |
| train/                  |              |
|    approx_kl            | 0.0063790325 |
|    clip_fraction        | 0.0438       |
|    clip_range           | 0.2          |
|    entropy_loss         | -1.74        |
|    explained_variance   | 0.277        |
|    learning_rate        | 0.0003       |
|    loss                 | 0.0209       |
|    n_updates            | 492          |
|    policy_gradient_loss | -0.00726     |
|    value_loss           | 0.117        |
------------------------------------------
-----------------------------------------
| battle/                 |             |
|    draw_rate            | 0           |
|    loss_rate            | 0.725       |
|    win_rate             | 0.275       |
| time/                   |             |
|    fps                  | 4171        |
|    iterations           | 84          |
|    time_elapsed         | 123         |
|    total_timesteps      | 516096      |
| train/                  |             |
|    approx_kl            | 0.005621662 |
|    clip_fraction        | 0.0412      |
|    clip_range           | 0.2         |
|    entropy_loss         | -1.74       |
|    explained_variance   | 0.355       |
|    learning_rate        | 0.0003      |
|    loss                 | 0.0187      |
|    n_updates            | 498         |
|    policy_gradient_loss | -0.0058     |
|    value_loss           | 0.101       |
-----------------------------------------
----------------------------------------
| battle/                 |            |
|    draw_rate            | 0          |
|    loss_rate            | 0.728      |
|    win_rate             | 0.273      |
| time/                   |            |
|    fps                  | 4173       |
|    iterations           | 85         |
|    time_elapsed         | 125        |
|    total_timesteps      | 522240     |
| train/                  |            |
|    approx_kl            | 0.00762929 |
|    clip_fraction        | 0.0736     |
|    clip_range           | 0.2        |
|    entropy_loss         | -1.71      |
|    explained_variance   | 0.338      |
|    learning_rate        | 0.0003     |
|    loss                 | 0.0104     |
|    n_updates            | 504        |
|    policy_gradient_loss | -0.0079    |
|    value_loss           | 0.104      |
----------------------------------------
-----------------------------------------
| battle/                 |             |
|    draw_rate            | 0           |
|    loss_rate            | 0.728       |
|    win_rate             | 0.273       |
| time/                   |             |
|    fps                  | 4173        |
|    iterations           | 86          |
|    time_elapsed         | 126         |
|    total_timesteps      | 528384      |
| train/                  |             |
|    approx_kl            | 0.007961494 |
|    clip_fraction        | 0.0447      |
|    clip_range           | 0.2         |
|    entropy_loss         | -1.74       |
|    explained_variance   | 0.307       |
|    learning_rate        | 0.0003      |
|    loss                 | 0.0144      |
|    n_updates            | 510         |
|    policy_gradient_loss | -0.00757    |
|    value_loss           | 0.105       |
-----------------------------------------
-----------------------------------------
| battle/                 |             |
|    draw_rate            | 0           |
|    loss_rate            | 0.73        |
|    win_rate             | 0.27        |
| time/                   |             |
|    fps                  | 4174        |
|    iterations           | 87          |
|    time_elapsed         | 128         |
|    total_timesteps      | 534528      |
| train/                  |             |
|    approx_kl            | 0.005099246 |
|    clip_fraction        | 0.0526      |
|    clip_range           | 0.2         |
|    entropy_loss         | -1.75       |
|    explained_variance   | 0.381       |
|    learning_rate        | 0.0003      |
|    loss                 | 0.00957     |
|    n_updates            | 516         |
|    policy_gradient_loss | -0.00703    |
|    value_loss           | 0.0931      |
-----------------------------------------
-----------------------------------------
| battle/                 |             |
|    draw_rate            | 0           |
|    loss_rate            | 0.735       |
|    win_rate             | 0.265       |
| time/                   |             |
|    fps                  | 4177        |
|    iterations           | 88          |
|    time_elapsed         | 129         |
|    total_timesteps      | 540672      |
| train/                  |             |
|    approx_kl            | 0.005734563 |
|    clip_fraction        | 0.0528      |
|    clip_range           | 0.2         |
|    entropy_loss         | -1.69       |
|    explained_variance   | 0.272       |
|    learning_rate        | 0.0003      |
|    loss                 | 0.0273      |
|    n_updates            | 522         |
|    policy_gradient_loss | -0.00702    |
|    value_loss           | 0.117       |
-----------------------------------------
----------------------------------------
| battle/                 |            |
|    draw_rate            | 0          |
|    loss_rate            | 0.715      |
|    win_rate             | 0.285      |
| time/                   |            |
|    fps                  | 4176       |
|    iterations           | 89         |
|    time_elapsed         | 130        |
|    total_timesteps      | 546816     |
| train/                  |            |
|    approx_kl            | 0.00861607 |
|    clip_fraction        | 0.074      |
|    clip_range           | 0.2        |
|    entropy_loss         | -1.74      |
|    explained_variance   | 0.262      |
|    learning_rate        | 0.0003     |
|    loss                 | 0.0242     |
|    n_updates            | 528        |
|    policy_gradient_loss | -0.00737   |
|    value_loss           | 0.119      |
----------------------------------------
------------------------------------------
| battle/                 |              |
|    draw_rate            | 0            |
|    loss_rate            | 0.71         |
|    win_rate             | 0.29         |
| time/                   |              |
|    fps                  | 4176         |
|    iterations           | 90           |
|    time_elapsed         | 132          |
|    total_timesteps      | 552960       |
| train/                  |              |
|    approx_kl            | 0.0074997307 |
|    clip_fraction        | 0.0652       |
|    clip_range           | 0.2          |
|    entropy_loss         | -1.72        |
|    explained_variance   | 0.231        |
|    learning_rate        | 0.0003       |
|    loss                 | 0.0182       |
|    n_updates            | 534          |
|    policy_gradient_loss | -0.00766     |
|    value_loss           | 0.114        |
------------------------------------------
-----------------------------------------
| battle/                 |             |
|    draw_rate            | 0           |
|    loss_rate            | 0.693       |
|    win_rate             | 0.307       |
| time/                   |             |
|    fps                  | 4177        |
|    iterations           | 91          |
|    time_elapsed         | 133         |
|    total_timesteps      | 559104      |
| train/                  |             |
|    approx_kl            | 0.006979192 |
|    clip_fraction        | 0.0445      |
|    clip_range           | 0.2         |
|    entropy_loss         | -1.74       |
|    explained_variance   | 0.237       |
|    learning_rate        | 0.0003      |
|    loss                 | 0.0195      |
|    n_updates            | 540         |
|    policy_gradient_loss | -0.00786    |
|    value_loss           | 0.112       |
-----------------------------------------
-----------------------------------------
| battle/                 |             |
|    draw_rate            | 0           |
|    loss_rate            | 0.68        |
|    win_rate             | 0.32        |
| time/                   |             |
|    fps                  | 4178        |
|    iterations           | 92          |
|    time_elapsed         | 135         |
|    total_timesteps      | 565248      |
| train/                  |             |
|    approx_kl            | 0.006262204 |
|    clip_fraction        | 0.0484      |
|    clip_range           | 0.2         |
|    entropy_loss         | -1.76       |
|    explained_variance   | 0.267       |
|    learning_rate        | 0.0003      |
|    loss                 | 0.0225      |
|    n_updates            | 546         |
|    policy_gradient_loss | -0.00766    |
|    value_loss           | 0.125       |
-----------------------------------------
-----------------------------------------
| battle/                 |             |
|    draw_rate            | 0           |
|    loss_rate            | 0.677       |
|    win_rate             | 0.323       |
| time/                   |             |
|    fps                  | 4177        |
|    iterations           | 93          |
|    time_elapsed         | 136         |
|    total_timesteps      | 571392      |
| train/                  |             |
|    approx_kl            | 0.007824726 |
|    clip_fraction        | 0.0564      |
|    clip_range           | 0.2         |
|    entropy_loss         | -1.74       |
|    explained_variance   | 0.257       |
|    learning_rate        | 0.0003      |
|    loss                 | 0.018       |
|    n_updates            | 552         |
|    policy_gradient_loss | -0.00859    |
|    value_loss           | 0.107       |
-----------------------------------------
------------------------------------------
| battle/                 |              |
|    draw_rate            | 0            |
|    loss_rate            | 0.685        |
|    win_rate             | 0.315        |
| time/                   |              |
|    fps                  | 4177         |
|    iterations           | 94           |
|    time_elapsed         | 138          |
|    total_timesteps      | 577536       |
| train/                  |              |
|    approx_kl            | 0.0069385576 |
|    clip_fraction        | 0.0501       |
|    clip_range           | 0.2          |
|    entropy_loss         | -1.7         |
|    explained_variance   | 0.249        |
|    learning_rate        | 0.0003       |
|    loss                 | 0.0158       |
|    n_updates            | 558          |
|    policy_gradient_loss | -0.00806     |
|    value_loss           | 0.103        |
------------------------------------------
------------------------------------------
| battle/                 |              |
|    draw_rate            | 0            |
|    loss_rate            | 0.703        |
|    win_rate             | 0.297        |
| time/                   |              |
|    fps                  | 4178         |
|    iterations           | 95           |
|    time_elapsed         | 139          |
|    total_timesteps      | 583680       |
| train/                  |              |
|    approx_kl            | 0.0093228845 |
|    clip_fraction        | 0.0814       |
|    clip_range           | 0.2          |
|    entropy_loss         | -1.72        |
|    explained_variance   | 0.365        |
|    learning_rate        | 0.0003       |
|    loss                 | 0.0219       |
|    n_updates            | 564          |
|    policy_gradient_loss | -0.00826     |
|    value_loss           | 0.103        |
------------------------------------------
------------------------------------------
| battle/                 |              |
|    draw_rate            | 0            |
|    loss_rate            | 0.693        |
|    win_rate             | 0.307        |
| time/                   |              |
|    fps                  | 4179         |
|    iterations           | 96           |
|    time_elapsed         | 141          |
|    total_timesteps      | 589824       |
| train/                  |              |
|    approx_kl            | 0.0053890334 |
|    clip_fraction        | 0.0446       |
|    clip_range           | 0.2          |
|    entropy_loss         | -1.75        |
|    explained_variance   | 0.291        |
|    learning_rate        | 0.0003       |
|    loss                 | 0.0253       |
|    n_updates            | 570          |
|    policy_gradient_loss | -0.00684     |
|    value_loss           | 0.111        |
------------------------------------------
------------------------------------------
| battle/                 |              |
|    draw_rate            | 0            |
|    loss_rate            | 0.705        |
|    win_rate             | 0.295        |
| time/                   |              |
|    fps                  | 4175         |
|    iterations           | 97           |
|    time_elapsed         | 142          |
|    total_timesteps      | 595968       |
| train/                  |              |
|    approx_kl            | 0.0065075494 |
|    clip_fraction        | 0.0534       |
|    clip_range           | 0.2          |
|    entropy_loss         | -1.76        |
|    explained_variance   | 0.33         |
|    learning_rate        | 0.0003       |
|    loss                 | 0.0227       |
|    n_updates            | 576          |
|    policy_gradient_loss | -0.00763     |
|    value_loss           | 0.108        |
------------------------------------------
------------------------------------------
| battle/                 |              |
|    draw_rate            | 0            |
|    loss_rate            | 0.728        |
|    win_rate             | 0.273        |
| time/                   |              |
|    fps                  | 4172         |
|    iterations           | 98           |
|    time_elapsed         | 144          |
|    total_timesteps      | 602112       |
| train/                  |              |
|    approx_kl            | 0.0069917045 |
|    clip_fraction        | 0.0719       |
|    clip_range           | 0.2          |
|    entropy_loss         | -1.73        |
|    explained_variance   | 0.233        |
|    learning_rate        | 0.0003       |
|    loss                 | 0.0258       |
|    n_updates            | 582          |
|    policy_gradient_loss | -0.00835     |
|    value_loss           | 0.12         |
------------------------------------------
------------------------------------------
| battle/                 |              |
|    draw_rate            | 0            |
|    loss_rate            | 0.7          |
|    win_rate             | 0.3          |
| time/                   |              |
|    fps                  | 4167         |
|    iterations           | 99           |
|    time_elapsed         | 145          |
|    total_timesteps      | 608256       |
| train/                  |              |
|    approx_kl            | 0.0046590623 |
|    clip_fraction        | 0.0534       |
|    clip_range           | 0.2          |
|    entropy_loss         | -1.74        |
|    explained_variance   | 0.254        |
|    learning_rate        | 0.0003       |
|    loss                 | 0.0186       |
|    n_updates            | 588          |
|    policy_gradient_loss | -0.00653     |
|    value_loss           | 0.104        |
------------------------------------------
-----------------------------------------
| battle/                 |             |
|    draw_rate            | 0           |
|    loss_rate            | 0.685       |
|    win_rate             | 0.315       |
| time/                   |             |
|    fps                  | 4162        |
|    iterations           | 100         |
|    time_elapsed         | 147         |
|    total_timesteps      | 614400      |
| train/                  |             |
|    approx_kl            | 0.006777808 |
|    clip_fraction        | 0.053       |
|    clip_range           | 0.2         |
|    entropy_loss         | -1.73       |
|    explained_variance   | 0.346       |
|    learning_rate        | 0.0003      |
|    loss                 | 0.0246      |
|    n_updates            | 594         |
|    policy_gradient_loss | -0.00702    |
|    value_loss           | 0.117       |
-----------------------------------------
------------------------------------------
| battle/                 |              |
|    draw_rate            | 0            |
|    loss_rate            | 0.67         |
|    win_rate             | 0.33         |
| time/                   |              |
|    fps                  | 4160         |
|    iterations           | 101          |
|    time_elapsed         | 149          |
|    total_timesteps      | 620544       |
| train/                  |              |
|    approx_kl            | 0.0055596964 |
|    clip_fraction        | 0.0526       |
|    clip_range           | 0.2          |
|    entropy_loss         | -1.69        |
|    explained_variance   | 0.193        |
|    learning_rate        | 0.0003       |
|    loss                 | 0.0274       |
|    n_updates            | 600          |
|    policy_gradient_loss | -0.00802     |
|    value_loss           | 0.14         |
------------------------------------------
-----------------------------------------
| battle/                 |             |
|    draw_rate            | 0           |
|    loss_rate            | 0.685       |
|    win_rate             | 0.315       |
| time/                   |             |
|    fps                  | 4152        |
|    iterations           | 102         |
|    time_elapsed         | 150         |
|    total_timesteps      | 626688      |
| train/                  |             |
|    approx_kl            | 0.006481582 |
|    clip_fraction        | 0.0359      |
|    clip_range           | 0.2         |
|    entropy_loss         | -1.72       |
|    explained_variance   | 0.201       |
|    learning_rate        | 0.0003      |
|    loss                 | 0.0216      |
|    n_updates            | 606         |
|    policy_gradient_loss | -0.00778    |
|    value_loss           | 0.116       |
-----------------------------------------
------------------------------------------
| battle/                 |              |
|    draw_rate            | 0            |
|    loss_rate            | 0.672        |
|    win_rate             | 0.328        |
| time/                   |              |
|    fps                  | 4149         |
|    iterations           | 103          |
|    time_elapsed         | 152          |
|    total_timesteps      | 632832       |
| train/                  |              |
|    approx_kl            | 0.0057974495 |
|    clip_fraction        | 0.045        |
|    clip_range           | 0.2          |
|    entropy_loss         | -1.68        |
|    explained_variance   | 0.315        |
|    learning_rate        | 0.0003       |
|    loss                 | 0.0168       |
|    n_updates            | 612          |
|    policy_gradient_loss | -0.00606     |
|    value_loss           | 0.101        |
------------------------------------------
-----------------------------------------
| battle/                 |             |
|    draw_rate            | 0           |
|    loss_rate            | 0.69        |
|    win_rate             | 0.31        |
| time/                   |             |
|    fps                  | 4146        |
|    iterations           | 104         |
|    time_elapsed         | 154         |
|    total_timesteps      | 638976      |
| train/                  |             |
|    approx_kl            | 0.009078264 |
|    clip_fraction        | 0.0728      |
|    clip_range           | 0.2         |
|    entropy_loss         | -1.69       |
|    explained_variance   | 0.299       |
|    learning_rate        | 0.0003      |
|    loss                 | 0.0194      |
|    n_updates            | 618         |
|    policy_gradient_loss | -0.00811    |
|    value_loss           | 0.111       |
-----------------------------------------
------------------------------------------
| battle/                 |              |
|    draw_rate            | 0            |
|    loss_rate            | 0.705        |
|    win_rate             | 0.295        |
| time/                   |              |
|    fps                  | 4141         |
|    iterations           | 105          |
|    time_elapsed         | 155          |
|    total_timesteps      | 645120       |
| train/                  |              |
|    approx_kl            | 0.0070850365 |
|    clip_fraction        | 0.0603       |
|    clip_range           | 0.2          |
|    entropy_loss         | -1.67        |
|    explained_variance   | 0.244        |
|    learning_rate        | 0.0003       |
|    loss                 | 0.00722      |
|    n_updates            | 624          |
|    policy_gradient_loss | -0.00763     |
|    value_loss           | 0.0968       |
------------------------------------------
------------------------------------------
| battle/                 |              |
|    draw_rate            | 0            |
|    loss_rate            | 0.708        |
|    win_rate             | 0.292        |
| time/                   |              |
|    fps                  | 4135         |
|    iterations           | 106          |
|    time_elapsed         | 157          |
|    total_timesteps      | 651264       |
| train/                  |              |
|    approx_kl            | 0.0065392624 |
|    clip_fraction        | 0.0498       |
|    clip_range           | 0.2          |
|    entropy_loss         | -1.67        |
|    explained_variance   | 0.379        |
|    learning_rate        | 0.0003       |
|    loss                 | 0.0126       |
|    n_updates            | 630          |
|    policy_gradient_loss | -0.00752     |
|    value_loss           | 0.102        |
------------------------------------------
-----------------------------------------
| battle/                 |             |
|    draw_rate            | 0           |
|    loss_rate            | 0.713       |
|    win_rate             | 0.287       |
| time/                   |             |
|    fps                  | 4131        |
|    iterations           | 107         |
|    time_elapsed         | 159         |
|    total_timesteps      | 657408      |
| train/                  |             |
|    approx_kl            | 0.006960059 |
|    clip_fraction        | 0.0548      |
|    clip_range           | 0.2         |
|    entropy_loss         | -1.71       |
|    explained_variance   | 0.379       |
|    learning_rate        | 0.0003      |
|    loss                 | 0.0156      |
|    n_updates            | 636         |
|    policy_gradient_loss | -0.00682    |
|    value_loss           | 0.102       |
-----------------------------------------
-----------------------------------------
| battle/                 |             |
|    draw_rate            | 0           |
|    loss_rate            | 0.718       |
|    win_rate             | 0.282       |
| time/                   |             |
|    fps                  | 4125        |
|    iterations           | 108         |
|    time_elapsed         | 160         |
|    total_timesteps      | 663552      |
| train/                  |             |
|    approx_kl            | 0.009657622 |
|    clip_fraction        | 0.0637      |
|    clip_range           | 0.2         |
|    entropy_loss         | -1.72       |
|    explained_variance   | 0.345       |
|    learning_rate        | 0.0003      |
|    loss                 | 0.0348      |
|    n_updates            | 642         |
|    policy_gradient_loss | -0.0065     |
|    value_loss           | 0.13        |
-----------------------------------------
-----------------------------------------
| battle/                 |             |
|    draw_rate            | 0           |
|    loss_rate            | 0.7         |
|    win_rate             | 0.3         |
| time/                   |             |
|    fps                  | 4118        |
|    iterations           | 109         |
|    time_elapsed         | 162         |
|    total_timesteps      | 669696      |
| train/                  |             |
|    approx_kl            | 0.007928328 |
|    clip_fraction        | 0.06        |
|    clip_range           | 0.2         |
|    entropy_loss         | -1.71       |
|    explained_variance   | 0.36        |
|    learning_rate        | 0.0003      |
|    loss                 | 0.0226      |
|    n_updates            | 648         |
|    policy_gradient_loss | -0.00745    |
|    value_loss           | 0.11        |
-----------------------------------------
------------------------------------------
| battle/                 |              |
|    draw_rate            | 0            |
|    loss_rate            | 0.688        |
|    win_rate             | 0.312        |
| time/                   |              |
|    fps                  | 4113         |
|    iterations           | 110          |
|    time_elapsed         | 164          |
|    total_timesteps      | 675840       |
| train/                  |              |
|    approx_kl            | 0.0076921177 |
|    clip_fraction        | 0.0436       |
|    clip_range           | 0.2          |
|    entropy_loss         | -1.71        |
|    explained_variance   | 0.321        |
|    learning_rate        | 0.0003       |
|    loss                 | 0.0237       |
|    n_updates            | 654          |
|    policy_gradient_loss | -0.00773     |
|    value_loss           | 0.114        |
------------------------------------------
-----------------------------------------
| battle/                 |             |
|    draw_rate            | 0           |
|    loss_rate            | 0.67        |
|    win_rate             | 0.33        |
| time/                   |             |
|    fps                  | 4112        |
|    iterations           | 111         |
|    time_elapsed         | 165         |
|    total_timesteps      | 681984      |
| train/                  |             |
|    approx_kl            | 0.008277239 |
|    clip_fraction        | 0.0457      |
|    clip_range           | 0.2         |
|    entropy_loss         | -1.65       |
|    explained_variance   | 0.296       |
|    learning_rate        | 0.0003      |
|    loss                 | 0.0314      |
|    n_updates            | 660         |
|    policy_gradient_loss | -0.0071     |
|    value_loss           | 0.141       |
-----------------------------------------
------------------------------------------
| battle/                 |              |
|    draw_rate            | 0            |
|    loss_rate            | 0.685        |
|    win_rate             | 0.315        |
| time/                   |              |
|    fps                  | 4106         |
|    iterations           | 112          |
|    time_elapsed         | 167          |
|    total_timesteps      | 688128       |
| train/                  |              |
|    approx_kl            | 0.0069541973 |
|    clip_fraction        | 0.0524       |
|    clip_range           | 0.2          |
|    entropy_loss         | -1.66        |
|    explained_variance   | 0.293        |
|    learning_rate        | 0.0003       |
|    loss                 | 0.0239       |
|    n_updates            | 666          |
|    policy_gradient_loss | -0.00637     |
|    value_loss           | 0.116        |
------------------------------------------
-----------------------------------------
| battle/                 |             |
|    draw_rate            | 0           |
|    loss_rate            | 0.675       |
|    win_rate             | 0.325       |
| time/                   |             |
|    fps                  | 4106        |
|    iterations           | 113         |
|    time_elapsed         | 169         |
|    total_timesteps      | 694272      |
| train/                  |             |
|    approx_kl            | 0.008288806 |
|    clip_fraction        | 0.0557      |
|    clip_range           | 0.2         |
|    entropy_loss         | -1.7        |
|    explained_variance   | 0.375       |
|    learning_rate        | 0.0003      |
|    loss                 | 0.0293      |
|    n_updates            | 672         |
|    policy_gradient_loss | -0.00678    |
|    value_loss           | 0.132       |
-----------------------------------------
------------------------------------------
| battle/                 |              |
|    draw_rate            | 0            |
|    loss_rate            | 0.665        |
|    win_rate             | 0.335        |
| time/                   |              |
|    fps                  | 4104         |
|    iterations           | 114          |
|    time_elapsed         | 170          |
|    total_timesteps      | 700416       |
| train/                  |              |
|    approx_kl            | 0.0068483357 |
|    clip_fraction        | 0.0749       |
|    clip_range           | 0.2          |
|    entropy_loss         | -1.71        |
|    explained_variance   | 0.327        |
|    learning_rate        | 0.0003       |
|    loss                 | 0.0284       |
|    n_updates            | 678          |
|    policy_gradient_loss | -0.00804     |
|    value_loss           | 0.132        |
------------------------------------------
------------------------------------------
| battle/                 |              |
|    draw_rate            | 0            |
|    loss_rate            | 0.677        |
|    win_rate             | 0.323        |
| time/                   |              |
|    fps                  | 4102         |
|    iterations           | 115          |
|    time_elapsed         | 172          |
|    total_timesteps      | 706560       |
| train/                  |              |
|    approx_kl            | 0.0058660507 |
|    clip_fraction        | 0.0557       |
|    clip_range           | 0.2          |
|    entropy_loss         | -1.67        |
|    explained_variance   | 0.361        |
|    learning_rate        | 0.0003       |
|    loss                 | 0.0301       |
|    n_updates            | 684          |
|    policy_gradient_loss | -0.00638     |
|    value_loss           | 0.12         |
------------------------------------------
-----------------------------------------
| battle/                 |             |
|    draw_rate            | 0           |
|    loss_rate            | 0.677       |
|    win_rate             | 0.323       |
| time/                   |             |
|    fps                  | 4101        |
|    iterations           | 116         |
|    time_elapsed         | 173         |
|    total_timesteps      | 712704      |
| train/                  |             |
|    approx_kl            | 0.007085717 |
|    clip_fraction        | 0.0484      |
|    clip_range           | 0.2         |
|    entropy_loss         | -1.65       |
|    explained_variance   | 0.373       |
|    learning_rate        | 0.0003      |
|    loss                 | 0.0199      |
|    n_updates            | 690         |
|    policy_gradient_loss | -0.00742    |
|    value_loss           | 0.111       |
-----------------------------------------
------------------------------------------
| battle/                 |              |
|    draw_rate            | 0            |
|    loss_rate            | 0.682        |
|    win_rate             | 0.318        |
| time/                   |              |
|    fps                  | 4100         |
|    iterations           | 117          |
|    time_elapsed         | 175          |
|    total_timesteps      | 718848       |
| train/                  |              |
|    approx_kl            | 0.0066584535 |
|    clip_fraction        | 0.041        |
|    clip_range           | 0.2          |
|    entropy_loss         | -1.62        |
|    explained_variance   | 0.326        |
|    learning_rate        | 0.0003       |
|    loss                 | 0.0289       |
|    n_updates            | 696          |
|    policy_gradient_loss | -0.00571     |
|    value_loss           | 0.121        |
------------------------------------------
----------------------------------------
| battle/                 |            |
|    draw_rate            | 0          |
|    loss_rate            | 0.682      |
|    win_rate             | 0.318      |
| time/                   |            |
|    fps                  | 4097       |
|    iterations           | 118        |
|    time_elapsed         | 176        |
|    total_timesteps      | 724992     |
| train/                  |            |
|    approx_kl            | 0.00773455 |
|    clip_fraction        | 0.0592     |
|    clip_range           | 0.2        |
|    entropy_loss         | -1.64      |
|    explained_variance   | 0.34       |
|    learning_rate        | 0.0003     |
|    loss                 | 0.0183     |
|    n_updates            | 702        |
|    policy_gradient_loss | -0.00779   |
|    value_loss           | 0.109      |
----------------------------------------
------------------------------------------
| battle/                 |              |
|    draw_rate            | 0            |
|    loss_rate            | 0.67         |
|    win_rate             | 0.33         |
| time/                   |              |
|    fps                  | 4096         |
|    iterations           | 119          |
|    time_elapsed         | 178          |
|    total_timesteps      | 731136       |
| train/                  |              |
|    approx_kl            | 0.0075805187 |
|    clip_fraction        | 0.0541       |
|    clip_range           | 0.2          |
|    entropy_loss         | -1.63        |
|    explained_variance   | 0.356        |
|    learning_rate        | 0.0003       |
|    loss                 | 0.0172       |
|    n_updates            | 708          |
|    policy_gradient_loss | -0.00694     |
|    value_loss           | 0.109        |
------------------------------------------
-----------------------------------------
| battle/                 |             |
|    draw_rate            | 0           |
|    loss_rate            | 0.655       |
|    win_rate             | 0.345       |
| time/                   |             |
|    fps                  | 4094        |
|    iterations           | 120         |
|    time_elapsed         | 180         |
|    total_timesteps      | 737280      |
| train/                  |             |
|    approx_kl            | 0.007600473 |
|    clip_fraction        | 0.0632      |
|    clip_range           | 0.2         |
|    entropy_loss         | -1.63       |
|    explained_variance   | 0.262       |
|    learning_rate        | 0.0003      |
|    loss                 | 0.0333      |
|    n_updates            | 714         |
|    policy_gradient_loss | -0.00723    |
|    value_loss           | 0.141       |
-----------------------------------------
-----------------------------------------
| battle/                 |             |
|    draw_rate            | 0           |
|    loss_rate            | 0.642       |
|    win_rate             | 0.357       |
| time/                   |             |
|    fps                  | 4091        |
|    iterations           | 121         |
|    time_elapsed         | 181         |
|    total_timesteps      | 743424      |
| train/                  |             |
|    approx_kl            | 0.005740896 |
|    clip_fraction        | 0.03        |
|    clip_range           | 0.2         |
|    entropy_loss         | -1.66       |
|    explained_variance   | 0.352       |
|    learning_rate        | 0.0003      |
|    loss                 | 0.0141      |
|    n_updates            | 720         |
|    policy_gradient_loss | -0.00562    |
|    value_loss           | 0.105       |
-----------------------------------------
------------------------------------------
| battle/                 |              |
|    draw_rate            | 0            |
|    loss_rate            | 0.662        |
|    win_rate             | 0.338        |
| time/                   |              |
|    fps                  | 4091         |
|    iterations           | 122          |
|    time_elapsed         | 183          |
|    total_timesteps      | 749568       |
| train/                  |              |
|    approx_kl            | 0.0096339695 |
|    clip_fraction        | 0.0762       |
|    clip_range           | 0.2          |
|    entropy_loss         | -1.62        |
|    explained_variance   | 0.346        |
|    learning_rate        | 0.0003       |
|    loss                 | 0.0234       |
|    n_updates            | 726          |
|    policy_gradient_loss | -0.00789     |
|    value_loss           | 0.122        |
------------------------------------------
-----------------------------------------
| battle/                 |             |
|    draw_rate            | 0           |
|    loss_rate            | 0.647       |
|    win_rate             | 0.352       |
| time/                   |             |
|    fps                  | 4088        |
|    iterations           | 123         |
|    time_elapsed         | 184         |
|    total_timesteps      | 755712      |
| train/                  |             |
|    approx_kl            | 0.007775603 |
|    clip_fraction        | 0.0674      |
|    clip_range           | 0.2         |
|    entropy_loss         | -1.71       |
|    explained_variance   | 0.35        |
|    learning_rate        | 0.0003      |
|    loss                 | 0.0229      |
|    n_updates            | 732         |
|    policy_gradient_loss | -0.00764    |
|    value_loss           | 0.11        |
-----------------------------------------
-----------------------------------------
| battle/                 |             |
|    draw_rate            | 0           |
|    loss_rate            | 0.647       |
|    win_rate             | 0.352       |
| time/                   |             |
|    fps                  | 4086        |
|    iterations           | 124         |
|    time_elapsed         | 186         |
|    total_timesteps      | 761856      |
| train/                  |             |
|    approx_kl            | 0.008928608 |
|    clip_fraction        | 0.0643      |
|    clip_range           | 0.2         |
|    entropy_loss         | -1.67       |
|    explained_variance   | 0.341       |
|    learning_rate        | 0.0003      |
|    loss                 | 0.0254      |
|    n_updates            | 738         |
|    policy_gradient_loss | -0.00692    |
|    value_loss           | 0.12        |
-----------------------------------------
------------------------------------------
| battle/                 |              |
|    draw_rate            | 0            |
|    loss_rate            | 0.672        |
|    win_rate             | 0.328        |
| time/                   |              |
|    fps                  | 4087         |
|    iterations           | 125          |
|    time_elapsed         | 187          |
|    total_timesteps      | 768000       |
| train/                  |              |
|    approx_kl            | 0.0063845622 |
|    clip_fraction        | 0.0465       |
|    clip_range           | 0.2          |
|    entropy_loss         | -1.7         |
|    explained_variance   | 0.298        |
|    learning_rate        | 0.0003       |
|    loss                 | 0.025        |
|    n_updates            | 744          |
|    policy_gradient_loss | -0.00678     |
|    value_loss           | 0.12         |
------------------------------------------
-----------------------------------------
| battle/                 |             |
|    draw_rate            | 0           |
|    loss_rate            | 0.68        |
|    win_rate             | 0.32        |
| time/                   |             |
|    fps                  | 4086        |
|    iterations           | 126         |
|    time_elapsed         | 189         |
|    total_timesteps      | 774144      |
| train/                  |             |
|    approx_kl            | 0.008182597 |
|    clip_fraction        | 0.0623      |
|    clip_range           | 0.2         |
|    entropy_loss         | -1.7        |
|    explained_variance   | 0.368       |
|    learning_rate        | 0.0003      |
|    loss                 | 0.0239      |
|    n_updates            | 750         |
|    policy_gradient_loss | -0.00732    |
|    value_loss           | 0.107       |
-----------------------------------------
------------------------------------------
| battle/                 |              |
|    draw_rate            | 0            |
|    loss_rate            | 0.69         |
|    win_rate             | 0.31         |
| time/                   |              |
|    fps                  | 4083         |
|    iterations           | 127          |
|    time_elapsed         | 191          |
|    total_timesteps      | 780288       |
| train/                  |              |
|    approx_kl            | 0.0064039137 |
|    clip_fraction        | 0.0482       |
|    clip_range           | 0.2          |
|    entropy_loss         | -1.64        |
|    explained_variance   | 0.353        |
|    learning_rate        | 0.0003       |
|    loss                 | 0.0338       |
|    n_updates            | 756          |
|    policy_gradient_loss | -0.0077      |
|    value_loss           | 0.134        |
------------------------------------------
------------------------------------------
| battle/                 |              |
|    draw_rate            | 0            |
|    loss_rate            | 0.68         |
|    win_rate             | 0.32         |
| time/                   |              |
|    fps                  | 4084         |
|    iterations           | 128          |
|    time_elapsed         | 192          |
|    total_timesteps      | 786432       |
| train/                  |              |
|    approx_kl            | 0.0063262754 |
|    clip_fraction        | 0.0504       |
|    clip_range           | 0.2          |
|    entropy_loss         | -1.67        |
|    explained_variance   | 0.457        |
|    learning_rate        | 0.0003       |
|    loss                 | 0.0134       |
|    n_updates            | 762          |
|    policy_gradient_loss | -0.00632     |
|    value_loss           | 0.0918       |
------------------------------------------
-----------------------------------------
| battle/                 |             |
|    draw_rate            | 0           |
|    loss_rate            | 0.708       |
|    win_rate             | 0.292       |
| time/                   |             |
|    fps                  | 4084        |
|    iterations           | 129         |
|    time_elapsed         | 194         |
|    total_timesteps      | 792576      |
| train/                  |             |
|    approx_kl            | 0.011260203 |
|    clip_fraction        | 0.0924      |
|    clip_range           | 0.2         |
|    entropy_loss         | -1.65       |
|    explained_variance   | 0.394       |
|    learning_rate        | 0.0003      |
|    loss                 | 0.0172      |
|    n_updates            | 768         |
|    policy_gradient_loss | -0.00755    |
|    value_loss           | 0.107       |
-----------------------------------------
-----------------------------------------
| battle/                 |             |
|    draw_rate            | 0           |
|    loss_rate            | 0.703       |
|    win_rate             | 0.297       |
| time/                   |             |
|    fps                  | 4081        |
|    iterations           | 130         |
|    time_elapsed         | 195         |
|    total_timesteps      | 798720      |
| train/                  |             |
|    approx_kl            | 0.005976124 |
|    clip_fraction        | 0.063       |
|    clip_range           | 0.2         |
|    entropy_loss         | -1.63       |
|    explained_variance   | 0.393       |
|    learning_rate        | 0.0003      |
|    loss                 | 0.0119      |
|    n_updates            | 774         |
|    policy_gradient_loss | -0.00697    |
|    value_loss           | 0.0973      |
-----------------------------------------
------------------------------------------
| battle/                 |              |
|    draw_rate            | 0            |
|    loss_rate            | 0.708        |
|    win_rate             | 0.292        |
| time/                   |              |
|    fps                  | 4080         |
|    iterations           | 131          |
|    time_elapsed         | 197          |
|    total_timesteps      | 804864       |
| train/                  |              |
|    approx_kl            | 0.0063102064 |
|    clip_fraction        | 0.0374       |
|    clip_range           | 0.2          |
|    entropy_loss         | -1.65        |
|    explained_variance   | 0.366        |
|    learning_rate        | 0.0003       |
|    loss                 | 0.0303       |
|    n_updates            | 780          |
|    policy_gradient_loss | -0.00703     |
|    value_loss           | 0.129        |
------------------------------------------
------------------------------------------
| battle/                 |              |
|    draw_rate            | 0            |
|    loss_rate            | 0.718        |
|    win_rate             | 0.282        |
| time/                   |              |
|    fps                  | 4079         |
|    iterations           | 132          |
|    time_elapsed         | 198          |
|    total_timesteps      | 811008       |
| train/                  |              |
|    approx_kl            | 0.0061271354 |
|    clip_fraction        | 0.0601       |
|    clip_range           | 0.2          |
|    entropy_loss         | -1.62        |
|    explained_variance   | 0.487        |
|    learning_rate        | 0.0003       |
|    loss                 | 0.0159       |
|    n_updates            | 786          |
|    policy_gradient_loss | -0.00705     |
|    value_loss           | 0.0967       |
------------------------------------------
-----------------------------------------
| battle/                 |             |
|    draw_rate            | 0           |
|    loss_rate            | 0.72        |
|    win_rate             | 0.28        |
| time/                   |             |
|    fps                  | 4077        |
|    iterations           | 133         |
|    time_elapsed         | 200         |
|    total_timesteps      | 817152      |
| train/                  |             |
|    approx_kl            | 0.009534474 |
|    clip_fraction        | 0.0746      |
|    clip_range           | 0.2         |
|    entropy_loss         | -1.59       |
|    explained_variance   | 0.415       |
|    learning_rate        | 0.0003      |
|    loss                 | 0.022       |
|    n_updates            | 792         |
|    policy_gradient_loss | -0.00746    |
|    value_loss           | 0.107       |
-----------------------------------------
-----------------------------------------
| battle/                 |             |
|    draw_rate            | 0           |
|    loss_rate            | 0.72        |
|    win_rate             | 0.28        |
| time/                   |             |
|    fps                  | 4075        |
|    iterations           | 134         |
|    time_elapsed         | 202         |
|    total_timesteps      | 823296      |
| train/                  |             |
|    approx_kl            | 0.008314599 |
|    clip_fraction        | 0.0442      |
|    clip_range           | 0.2         |
|    entropy_loss         | -1.56       |
|    explained_variance   | 0.402       |
|    learning_rate        | 0.0003      |
|    loss                 | 0.022       |
|    n_updates            | 798         |
|    policy_gradient_loss | -0.00834    |
|    value_loss           | 0.11        |
-----------------------------------------
-----------------------------------------
| battle/                 |             |
|    draw_rate            | 0           |
|    loss_rate            | 0.723       |
|    win_rate             | 0.278       |
| time/                   |             |
|    fps                  | 4074        |
|    iterations           | 135         |
|    time_elapsed         | 203         |
|    total_timesteps      | 829440      |
| train/                  |             |
|    approx_kl            | 0.005425515 |
|    clip_fraction        | 0.0388      |
|    clip_range           | 0.2         |
|    entropy_loss         | -1.63       |
|    explained_variance   | 0.346       |
|    learning_rate        | 0.0003      |
|    loss                 | 0.0159      |
|    n_updates            | 804         |
|    policy_gradient_loss | -0.00631    |
|    value_loss           | 0.101       |
-----------------------------------------
-----------------------------------------
| battle/                 |             |
|    draw_rate            | 0           |
|    loss_rate            | 0.713       |
|    win_rate             | 0.287       |
| time/                   |             |
|    fps                  | 4072        |
|    iterations           | 136         |
|    time_elapsed         | 205         |
|    total_timesteps      | 835584      |
| train/                  |             |
|    approx_kl            | 0.006528979 |
|    clip_fraction        | 0.0656      |
|    clip_range           | 0.2         |
|    entropy_loss         | -1.59       |
|    explained_variance   | 0.428       |
|    learning_rate        | 0.0003      |
|    loss                 | 0.0181      |
|    n_updates            | 810         |
|    policy_gradient_loss | -0.0072     |
|    value_loss           | 0.109       |
-----------------------------------------
-----------------------------------------
| battle/                 |             |
|    draw_rate            | 0           |
|    loss_rate            | 0.708       |
|    win_rate             | 0.292       |
| time/                   |             |
|    fps                  | 4072        |
|    iterations           | 137         |
|    time_elapsed         | 206         |
|    total_timesteps      | 841728      |
| train/                  |             |
|    approx_kl            | 0.006274058 |
|    clip_fraction        | 0.0407      |
|    clip_range           | 0.2         |
|    entropy_loss         | -1.55       |
|    explained_variance   | 0.272       |
|    learning_rate        | 0.0003      |
|    loss                 | 0.0354      |
|    n_updates            | 816         |
|    policy_gradient_loss | -0.00614    |
|    value_loss           | 0.139       |
-----------------------------------------
-----------------------------------------
| battle/                 |             |
|    draw_rate            | 0           |
|    loss_rate            | 0.698       |
|    win_rate             | 0.302       |
| time/                   |             |
|    fps                  | 4068        |
|    iterations           | 138         |
|    time_elapsed         | 208         |
|    total_timesteps      | 847872      |
| train/                  |             |
|    approx_kl            | 0.007325263 |
|    clip_fraction        | 0.0453      |
|    clip_range           | 0.2         |
|    entropy_loss         | -1.58       |
|    explained_variance   | 0.302       |
|    learning_rate        | 0.0003      |
|    loss                 | 0.0256      |
|    n_updates            | 822         |
|    policy_gradient_loss | -0.00663    |
|    value_loss           | 0.115       |
-----------------------------------------
-----------------------------------------
| battle/                 |             |
|    draw_rate            | 0           |
|    loss_rate            | 0.667       |
|    win_rate             | 0.333       |
| time/                   |             |
|    fps                  | 4066        |
|    iterations           | 139         |
|    time_elapsed         | 209         |
|    total_timesteps      | 854016      |
| train/                  |             |
|    approx_kl            | 0.006521342 |
|    clip_fraction        | 0.0395      |
|    clip_range           | 0.2         |
|    entropy_loss         | -1.55       |
|    explained_variance   | 0.341       |
|    learning_rate        | 0.0003      |
|    loss                 | 0.0254      |
|    n_updates            | 828         |
|    policy_gradient_loss | -0.0063     |
|    value_loss           | 0.121       |
-----------------------------------------
------------------------------------------
| battle/                 |              |
|    draw_rate            | 0            |
|    loss_rate            | 0.66         |
|    win_rate             | 0.34         |
| time/                   |              |
|    fps                  | 4064         |
|    iterations           | 140          |
|    time_elapsed         | 211          |
|    total_timesteps      | 860160       |
| train/                  |              |
|    approx_kl            | 0.0051199985 |
|    clip_fraction        | 0.0323       |
|    clip_range           | 0.2          |
|    entropy_loss         | -1.57        |
|    explained_variance   | 0.273        |
|    learning_rate        | 0.0003       |
|    loss                 | 0.029        |
|    n_updates            | 834          |
|    policy_gradient_loss | -0.00621     |
|    value_loss           | 0.132        |
------------------------------------------
------------------------------------------
| battle/                 |              |
|    draw_rate            | 0            |
|    loss_rate            | 0.675        |
|    win_rate             | 0.325        |
| time/                   |              |
|    fps                  | 4062         |
|    iterations           | 141          |
|    time_elapsed         | 213          |
|    total_timesteps      | 866304       |
| train/                  |              |
|    approx_kl            | 0.0046088733 |
|    clip_fraction        | 0.0237       |
|    clip_range           | 0.2          |
|    entropy_loss         | -1.57        |
|    explained_variance   | 0.338        |
|    learning_rate        | 0.0003       |
|    loss                 | 0.027        |
|    n_updates            | 840          |
|    policy_gradient_loss | -0.00605     |
|    value_loss           | 0.117        |
------------------------------------------
---------------------------------------
| battle/                 |           |
|    draw_rate            | 0         |
|    loss_rate            | 0.675     |
|    win_rate             | 0.325     |
| time/                   |           |
|    fps                  | 4060      |
|    iterations           | 142       |
|    time_elapsed         | 214       |
|    total_timesteps      | 872448    |
| train/                  |           |
|    approx_kl            | 0.0059289 |
|    clip_fraction        | 0.0365    |
|    clip_range           | 0.2       |
|    entropy_loss         | -1.61     |
|    explained_variance   | 0.385     |
|    learning_rate        | 0.0003    |
|    loss                 | 0.031     |
|    n_updates            | 846       |
|    policy_gradient_loss | -0.00526  |
|    value_loss           | 0.122     |
---------------------------------------
-----------------------------------------
| battle/                 |             |
|    draw_rate            | 0           |
|    loss_rate            | 0.69        |
|    win_rate             | 0.31        |
| time/                   |             |
|    fps                  | 4058        |
|    iterations           | 143         |
|    time_elapsed         | 216         |
|    total_timesteps      | 878592      |
| train/                  |             |
|    approx_kl            | 0.006841975 |
|    clip_fraction        | 0.0444      |
|    clip_range           | 0.2         |
|    entropy_loss         | -1.56       |
|    explained_variance   | 0.386       |
|    learning_rate        | 0.0003      |
|    loss                 | 0.0216      |
|    n_updates            | 852         |
|    policy_gradient_loss | -0.00719    |
|    value_loss           | 0.116       |
-----------------------------------------
------------------------------------------
| battle/                 |              |
|    draw_rate            | 0            |
|    loss_rate            | 0.693        |
|    win_rate             | 0.307        |
| time/                   |              |
|    fps                  | 4056         |
|    iterations           | 144          |
|    time_elapsed         | 218          |
|    total_timesteps      | 884736       |
| train/                  |              |
|    approx_kl            | 0.0073094405 |
|    clip_fraction        | 0.0447       |
|    clip_range           | 0.2          |
|    entropy_loss         | -1.58        |
|    explained_variance   | 0.379        |
|    learning_rate        | 0.0003       |
|    loss                 | 0.0195       |
|    n_updates            | 858          |
|    policy_gradient_loss | -0.00631     |
|    value_loss           | 0.108        |
------------------------------------------
-----------------------------------------
| battle/                 |             |
|    draw_rate            | 0           |
|    loss_rate            | 0.708       |
|    win_rate             | 0.292       |
| time/                   |             |
|    fps                  | 4055        |
|    iterations           | 145         |
|    time_elapsed         | 219         |
|    total_timesteps      | 890880      |
| train/                  |             |
|    approx_kl            | 0.007642398 |
|    clip_fraction        | 0.0393      |
|    clip_range           | 0.2         |
|    entropy_loss         | -1.57       |
|    explained_variance   | 0.326       |
|    learning_rate        | 0.0003      |
|    loss                 | 0.0277      |
|    n_updates            | 864         |
|    policy_gradient_loss | -0.0064     |
|    value_loss           | 0.122       |
-----------------------------------------
-----------------------------------------
| battle/                 |             |
|    draw_rate            | 0           |
|    loss_rate            | 0.71        |
|    win_rate             | 0.29        |
| time/                   |             |
|    fps                  | 4054        |
|    iterations           | 146         |
|    time_elapsed         | 221         |
|    total_timesteps      | 897024      |
| train/                  |             |
|    approx_kl            | 0.005455723 |
|    clip_fraction        | 0.0475      |
|    clip_range           | 0.2         |
|    entropy_loss         | -1.48       |
|    explained_variance   | 0.409       |
|    learning_rate        | 0.0003      |
|    loss                 | 0.0305      |
|    n_updates            | 870         |
|    policy_gradient_loss | -0.00607    |
|    value_loss           | 0.128       |
-----------------------------------------
-----------------------------------------
| battle/                 |             |
|    draw_rate            | 0           |
|    loss_rate            | 0.71        |
|    win_rate             | 0.29        |
| time/                   |             |
|    fps                  | 4054        |
|    iterations           | 147         |
|    time_elapsed         | 222         |
|    total_timesteps      | 903168      |
| train/                  |             |
|    approx_kl            | 0.004973459 |
|    clip_fraction        | 0.0395      |
|    clip_range           | 0.2         |
|    entropy_loss         | -1.54       |
|    explained_variance   | 0.341       |
|    learning_rate        | 0.0003      |
|    loss                 | 0.0234      |
|    n_updates            | 876         |
|    policy_gradient_loss | -0.00589    |
|    value_loss           | 0.114       |
-----------------------------------------
------------------------------------------
| battle/                 |              |
|    draw_rate            | 0            |
|    loss_rate            | 0.677        |
|    win_rate             | 0.323        |
| time/                   |              |
|    fps                  | 4053         |
|    iterations           | 148          |
|    time_elapsed         | 224          |
|    total_timesteps      | 909312       |
| train/                  |              |
|    approx_kl            | 0.0064543537 |
|    clip_fraction        | 0.0468       |
|    clip_range           | 0.2          |
|    entropy_loss         | -1.52        |
|    explained_variance   | 0.478        |
|    learning_rate        | 0.0003       |
|    loss                 | 0.0278       |
|    n_updates            | 882          |
|    policy_gradient_loss | -0.00627     |
|    value_loss           | 0.124        |
------------------------------------------
-----------------------------------------
| battle/                 |             |
|    draw_rate            | 0           |
|    loss_rate            | 0.682       |
|    win_rate             | 0.318       |
| time/                   |             |
|    fps                  | 4052        |
|    iterations           | 149         |
|    time_elapsed         | 225         |
|    total_timesteps      | 915456      |
| train/                  |             |
|    approx_kl            | 0.007498497 |
|    clip_fraction        | 0.0678      |
|    clip_range           | 0.2         |
|    entropy_loss         | -1.58       |
|    explained_variance   | 0.41        |
|    learning_rate        | 0.0003      |
|    loss                 | 0.04        |
|    n_updates            | 888         |
|    policy_gradient_loss | -0.00684    |
|    value_loss           | 0.137       |
-----------------------------------------
----------------------------------------
| battle/                 |            |
|    draw_rate            | 0          |
|    loss_rate            | 0.665      |
|    win_rate             | 0.335      |
| time/                   |            |
|    fps                  | 4051       |
|    iterations           | 150        |
|    time_elapsed         | 227        |
|    total_timesteps      | 921600     |
| train/                  |            |
|    approx_kl            | 0.00545959 |
|    clip_fraction        | 0.0406     |
|    clip_range           | 0.2        |
|    entropy_loss         | -1.53      |
|    explained_variance   | 0.465      |
|    learning_rate        | 0.0003     |
|    loss                 | 0.0106     |
|    n_updates            | 894        |
|    policy_gradient_loss | -0.00603   |
|    value_loss           | 0.0859     |
----------------------------------------
------------------------------------------
| battle/                 |              |
|    draw_rate            | 0            |
|    loss_rate            | 0.677        |
|    win_rate             | 0.323        |
| time/                   |              |
|    fps                  | 4050         |
|    iterations           | 151          |
|    time_elapsed         | 229          |
|    total_timesteps      | 927744       |
| train/                  |              |
|    approx_kl            | 0.0058396026 |
|    clip_fraction        | 0.0432       |
|    clip_range           | 0.2          |
|    entropy_loss         | -1.52        |
|    explained_variance   | 0.384        |
|    learning_rate        | 0.0003       |
|    loss                 | 0.0248       |
|    n_updates            | 900          |
|    policy_gradient_loss | -0.00646     |
|    value_loss           | 0.129        |
------------------------------------------
------------------------------------------
| battle/                 |              |
|    draw_rate            | 0            |
|    loss_rate            | 0.662        |
|    win_rate             | 0.338        |
| time/                   |              |
|    fps                  | 4050         |
|    iterations           | 152          |
|    time_elapsed         | 230          |
|    total_timesteps      | 933888       |
| train/                  |              |
|    approx_kl            | 0.0057751364 |
|    clip_fraction        | 0.0306       |
|    clip_range           | 0.2          |
|    entropy_loss         | -1.54        |
|    explained_variance   | 0.376        |
|    learning_rate        | 0.0003       |
|    loss                 | 0.029        |
|    n_updates            | 906          |
|    policy_gradient_loss | -0.00647     |
|    value_loss           | 0.109        |
------------------------------------------
-----------------------------------------
| battle/                 |             |
|    draw_rate            | 0           |
|    loss_rate            | 0.652       |
|    win_rate             | 0.347       |
| time/                   |             |
|    fps                  | 4048        |
|    iterations           | 153         |
|    time_elapsed         | 232         |
|    total_timesteps      | 940032      |
| train/                  |             |
|    approx_kl            | 0.008889172 |
|    clip_fraction        | 0.0507      |
|    clip_range           | 0.2         |
|    entropy_loss         | -1.56       |
|    explained_variance   | 0.268       |
|    learning_rate        | 0.0003      |
|    loss                 | 0.0409      |
|    n_updates            | 912         |
|    policy_gradient_loss | -0.00753    |
|    value_loss           | 0.155       |
-----------------------------------------
-----------------------------------------
| battle/                 |             |
|    draw_rate            | 0           |
|    loss_rate            | 0.657       |
|    win_rate             | 0.343       |
| time/                   |             |
|    fps                  | 4049        |
|    iterations           | 154         |
|    time_elapsed         | 233         |
|    total_timesteps      | 946176      |
| train/                  |             |
|    approx_kl            | 0.005400572 |
|    clip_fraction        | 0.0605      |
|    clip_range           | 0.2         |
|    entropy_loss         | -1.56       |
|    explained_variance   | 0.24        |
|    learning_rate        | 0.0003      |
|    loss                 | 0.031       |
|    n_updates            | 918         |
|    policy_gradient_loss | -0.00739    |
|    value_loss           | 0.131       |
-----------------------------------------
-----------------------------------------
| battle/                 |             |
|    draw_rate            | 0           |
|    loss_rate            | 0.637       |
|    win_rate             | 0.362       |
| time/                   |             |
|    fps                  | 4051        |
|    iterations           | 155         |
|    time_elapsed         | 235         |
|    total_timesteps      | 952320      |
| train/                  |             |
|    approx_kl            | 0.005120233 |
|    clip_fraction        | 0.031       |
|    clip_range           | 0.2         |
|    entropy_loss         | -1.53       |
|    explained_variance   | 0.382       |
|    learning_rate        | 0.0003      |
|    loss                 | 0.0308      |
|    n_updates            | 924         |
|    policy_gradient_loss | -0.00621    |
|    value_loss           | 0.125       |
-----------------------------------------
-----------------------------------------
| battle/                 |             |
|    draw_rate            | 0           |
|    loss_rate            | 0.625       |
|    win_rate             | 0.375       |
| time/                   |             |
|    fps                  | 4051        |
|    iterations           | 156         |
|    time_elapsed         | 236         |
|    total_timesteps      | 958464      |
| train/                  |             |
|    approx_kl            | 0.004881935 |
|    clip_fraction        | 0.0439      |
|    clip_range           | 0.2         |
|    entropy_loss         | -1.55       |
|    explained_variance   | 0.401       |
|    learning_rate        | 0.0003      |
|    loss                 | 0.033       |
|    n_updates            | 930         |
|    policy_gradient_loss | -0.00622    |
|    value_loss           | 0.132       |
-----------------------------------------
------------------------------------------
| battle/                 |              |
|    draw_rate            | 0            |
|    loss_rate            | 0.605        |
|    win_rate             | 0.395        |
| time/                   |              |
|    fps                  | 4050         |
|    iterations           | 157          |
|    time_elapsed         | 238          |
|    total_timesteps      | 964608       |
| train/                  |              |
|    approx_kl            | 0.0060666576 |
|    clip_fraction        | 0.0447       |
|    clip_range           | 0.2          |
|    entropy_loss         | -1.54        |
|    explained_variance   | 0.338        |
|    learning_rate        | 0.0003       |
|    loss                 | 0.0442       |
|    n_updates            | 936          |
|    policy_gradient_loss | -0.00624     |
|    value_loss           | 0.15         |
------------------------------------------
------------------------------------------
| battle/                 |              |
|    draw_rate            | 0            |
|    loss_rate            | 0.613        |
|    win_rate             | 0.388        |
| time/                   |              |
|    fps                  | 4048         |
|    iterations           | 158          |
|    time_elapsed         | 239          |
|    total_timesteps      | 970752       |
| train/                  |              |
|    approx_kl            | 0.0066788774 |
|    clip_fraction        | 0.0481       |
|    clip_range           | 0.2          |
|    entropy_loss         | -1.5         |
|    explained_variance   | 0.345        |
|    learning_rate        | 0.0003       |
|    loss                 | 0.023        |
|    n_updates            | 942          |
|    policy_gradient_loss | -0.00679     |
|    value_loss           | 0.119        |
------------------------------------------
------------------------------------------
| battle/                 |              |
|    draw_rate            | 0            |
|    loss_rate            | 0.615        |
|    win_rate             | 0.385        |
| time/                   |              |
|    fps                  | 4048         |
|    iterations           | 159          |
|    time_elapsed         | 241          |
|    total_timesteps      | 976896       |
| train/                  |              |
|    approx_kl            | 0.0059929118 |
|    clip_fraction        | 0.0479       |
|    clip_range           | 0.2          |
|    entropy_loss         | -1.56        |
|    explained_variance   | 0.374        |
|    learning_rate        | 0.0003       |
|    loss                 | 0.0307       |
|    n_updates            | 948          |
|    policy_gradient_loss | -0.00639     |
|    value_loss           | 0.117        |
------------------------------------------
------------------------------------------
| battle/                 |              |
|    draw_rate            | 0            |
|    loss_rate            | 0.613        |
|    win_rate             | 0.388        |
| time/                   |              |
|    fps                  | 4049         |
|    iterations           | 160          |
|    time_elapsed         | 242          |
|    total_timesteps      | 983040       |
| train/                  |              |
|    approx_kl            | 0.0076702237 |
|    clip_fraction        | 0.0595       |
|    clip_range           | 0.2          |
|    entropy_loss         | -1.57        |
|    explained_variance   | 0.421        |
|    learning_rate        | 0.0003       |
|    loss                 | 0.0321       |
|    n_updates            | 954          |
|    policy_gradient_loss | -0.00658     |
|    value_loss           | 0.131        |
------------------------------------------
-----------------------------------------
| battle/                 |             |
|    draw_rate            | 0           |
|    loss_rate            | 0.645       |
|    win_rate             | 0.355       |
| time/                   |             |
|    fps                  | 4048        |
|    iterations           | 161         |
|    time_elapsed         | 244         |
|    total_timesteps      | 989184      |
| train/                  |             |
|    approx_kl            | 0.008491057 |
|    clip_fraction        | 0.0802      |
|    clip_range           | 0.2         |
|    entropy_loss         | -1.56       |
|    explained_variance   | 0.395       |
|    learning_rate        | 0.0003      |
|    loss                 | 0.0361      |
|    n_updates            | 960         |
|    policy_gradient_loss | -0.00846    |
|    value_loss           | 0.145       |
-----------------------------------------
-----------------------------------------
| battle/                 |             |
|    draw_rate            | 0           |
|    loss_rate            | 0.665       |
|    win_rate             | 0.335       |
| time/                   |             |
|    fps                  | 4047        |
|    iterations           | 162         |
|    time_elapsed         | 245         |
|    total_timesteps      | 995328      |
| train/                  |             |
|    approx_kl            | 0.005762787 |
|    clip_fraction        | 0.0631      |
|    clip_range           | 0.2         |
|    entropy_loss         | -1.52       |
|    explained_variance   | 0.412       |
|    learning_rate        | 0.0003      |
|    loss                 | 0.019       |
|    n_updates            | 966         |
|    policy_gradient_loss | -0.00765    |
|    value_loss           | 0.106       |
-----------------------------------------

[eval @ 1,001,472 steps] 确定性评估胜率: 28.0%
  ✓ 新最优, 已保存 /Users/cichlidfish/tank_trouble/training/models/best_model.zip
-----------------------------------------
| battle/                 |             |
|    draw_rate            | 0           |
|    eval_win_rate        | 0.28        |
|    loss_rate            | 0.698       |
|    win_rate             | 0.302       |
| time/                   |             |
|    fps                  | 3995        |
|    iterations           | 163         |
|    time_elapsed         | 250         |
|    total_timesteps      | 1001472     |
| train/                  |             |
|    approx_kl            | 0.007139034 |
|    clip_fraction        | 0.0595      |
|    clip_range           | 0.2         |
|    entropy_loss         | -1.48       |
|    explained_variance   | 0.37        |
|    learning_rate        | 0.0003      |
|    loss                 | 0.0382      |
|    n_updates            | 972         |
|    policy_gradient_loss | -0.00751    |
|    value_loss           | 0.128       |
-----------------------------------------
-----------------------------------------
| battle/                 |             |
|    draw_rate            | 0           |
|    loss_rate            | 0.703       |
|    win_rate             | 0.297       |
| time/                   |             |
|    fps                  | 3993        |
|    iterations           | 164         |
|    time_elapsed         | 252         |
|    total_timesteps      | 1007616     |
| train/                  |             |
|    approx_kl            | 0.008579261 |
|    clip_fraction        | 0.0614      |
|    clip_range           | 0.2         |
|    entropy_loss         | -1.5        |
|    explained_variance   | 0.424       |
|    learning_rate        | 0.0003      |
|    loss                 | 0.0167      |
|    n_updates            | 978         |
|    policy_gradient_loss | -0.00787    |
|    value_loss           | 0.104       |
-----------------------------------------
-----------------------------------------
| battle/                 |             |
|    draw_rate            | 0           |
|    loss_rate            | 0.705       |
|    win_rate             | 0.295       |
| time/                   |             |
|    fps                  | 3989        |
|    iterations           | 165         |
|    time_elapsed         | 254         |
|    total_timesteps      | 1013760     |
| train/                  |             |
|    approx_kl            | 0.006333104 |
|    clip_fraction        | 0.0655      |
|    clip_range           | 0.2         |
|    entropy_loss         | -1.48       |
|    explained_variance   | 0.42        |
|    learning_rate        | 0.0003      |
|    loss                 | 0.0189      |
|    n_updates            | 984         |
|    policy_gradient_loss | -0.00723    |
|    value_loss           | 0.102       |
-----------------------------------------
------------------------------------------
| battle/                 |              |
|    draw_rate            | 0            |
|    loss_rate            | 0.7          |
|    win_rate             | 0.3          |
| time/                   |              |
|    fps                  | 3987         |
|    iterations           | 166          |
|    time_elapsed         | 255          |
|    total_timesteps      | 1019904      |
| train/                  |              |
|    approx_kl            | 0.0061485674 |
|    clip_fraction        | 0.0448       |
|    clip_range           | 0.2          |
|    entropy_loss         | -1.44        |
|    explained_variance   | 0.316        |
|    learning_rate        | 0.0003       |
|    loss                 | 0.031        |
|    n_updates            | 990          |
|    policy_gradient_loss | -0.00683     |
|    value_loss           | 0.123        |
------------------------------------------
-----------------------------------------
| battle/                 |             |
|    draw_rate            | 0           |
|    loss_rate            | 0.698       |
|    win_rate             | 0.302       |
| time/                   |             |
|    fps                  | 3987        |
|    iterations           | 167         |
|    time_elapsed         | 257         |
|    total_timesteps      | 1026048     |
| train/                  |             |
|    approx_kl            | 0.005829234 |
|    clip_fraction        | 0.0532      |
|    clip_range           | 0.2         |
|    entropy_loss         | -1.47       |
|    explained_variance   | 0.339       |
|    learning_rate        | 0.0003      |
|    loss                 | 0.033       |
|    n_updates            | 996         |
|    policy_gradient_loss | -0.0064     |
|    value_loss           | 0.122       |
-----------------------------------------
-----------------------------------------
| battle/                 |             |
|    draw_rate            | 0           |
|    loss_rate            | 0.685       |
|    win_rate             | 0.315       |
| time/                   |             |
|    fps                  | 3983        |
|    iterations           | 168         |
|    time_elapsed         | 259         |
|    total_timesteps      | 1032192     |
| train/                  |             |
|    approx_kl            | 0.006351111 |
|    clip_fraction        | 0.0439      |
|    clip_range           | 0.2         |
|    entropy_loss         | -1.48       |
|    explained_variance   | 0.385       |
|    learning_rate        | 0.0003      |
|    loss                 | 0.0228      |
|    n_updates            | 1002        |
|    policy_gradient_loss | -0.00709    |
|    value_loss           | 0.115       |
-----------------------------------------
-----------------------------------------
| battle/                 |             |
|    draw_rate            | 0           |
|    loss_rate            | 0.662       |
|    win_rate             | 0.338       |
| time/                   |             |
|    fps                  | 3976        |
|    iterations           | 169         |
|    time_elapsed         | 261         |
|    total_timesteps      | 1038336     |
| train/                  |             |
|    approx_kl            | 0.008467614 |
|    clip_fraction        | 0.0582      |
|    clip_range           | 0.2         |
|    entropy_loss         | -1.45       |
|    explained_variance   | 0.319       |
|    learning_rate        | 0.0003      |
|    loss                 | 0.0327      |
|    n_updates            | 1008        |
|    policy_gradient_loss | -0.00731    |
|    value_loss           | 0.133       |
-----------------------------------------
------------------------------------------
| battle/                 |              |
|    draw_rate            | 0            |
|    loss_rate            | 0.667        |
|    win_rate             | 0.333        |
| time/                   |              |
|    fps                  | 3972         |
|    iterations           | 170          |
|    time_elapsed         | 262          |
|    total_timesteps      | 1044480      |
| train/                  |              |
|    approx_kl            | 0.0060138106 |
|    clip_fraction        | 0.0529       |
|    clip_range           | 0.2          |
|    entropy_loss         | -1.41        |
|    explained_variance   | 0.334        |
|    learning_rate        | 0.0003       |
|    loss                 | 0.032        |
|    n_updates            | 1014         |
|    policy_gradient_loss | -0.00673     |
|    value_loss           | 0.131        |
------------------------------------------
----------------------------------------
| battle/                 |            |
|    draw_rate            | 0          |
|    loss_rate            | 0.665      |
|    win_rate             | 0.335      |
| time/                   |            |
|    fps                  | 3970       |
|    iterations           | 171        |
|    time_elapsed         | 264        |
|    total_timesteps      | 1050624    |
| train/                  |            |
|    approx_kl            | 0.00668278 |
|    clip_fraction        | 0.0563     |
|    clip_range           | 0.2        |
|    entropy_loss         | -1.43      |
|    explained_variance   | 0.343      |
|    learning_rate        | 0.0003     |
|    loss                 | 0.0236     |
|    n_updates            | 1020       |
|    policy_gradient_loss | -0.00697   |
|    value_loss           | 0.111      |
----------------------------------------
------------------------------------------
| battle/                 |              |
|    draw_rate            | 0            |
|    loss_rate            | 0.66         |
|    win_rate             | 0.34         |
| time/                   |              |
|    fps                  | 3968         |
|    iterations           | 172          |
|    time_elapsed         | 266          |
|    total_timesteps      | 1056768      |
| train/                  |              |
|    approx_kl            | 0.0064236745 |
|    clip_fraction        | 0.0489       |
|    clip_range           | 0.2          |
|    entropy_loss         | -1.46        |
|    explained_variance   | 0.397        |
|    learning_rate        | 0.0003       |
|    loss                 | 0.0325       |
|    n_updates            | 1026         |
|    policy_gradient_loss | -0.00674     |
|    value_loss           | 0.131        |
------------------------------------------
-----------------------------------------
| battle/                 |             |
|    draw_rate            | 0           |
|    loss_rate            | 0.665       |
|    win_rate             | 0.335       |
| time/                   |             |
|    fps                  | 3962        |
|    iterations           | 173         |
|    time_elapsed         | 268         |
|    total_timesteps      | 1062912     |
| train/                  |             |
|    approx_kl            | 0.007132107 |
|    clip_fraction        | 0.0568      |
|    clip_range           | 0.2         |
|    entropy_loss         | -1.36       |
|    explained_variance   | 0.484       |
|    learning_rate        | 0.0003      |
|    loss                 | 0.0335      |
|    n_updates            | 1032        |
|    policy_gradient_loss | -0.0063     |
|    value_loss           | 0.129       |
-----------------------------------------
-----------------------------------------
| battle/                 |             |
|    draw_rate            | 0           |
|    loss_rate            | 0.665       |
|    win_rate             | 0.335       |
| time/                   |             |
|    fps                  | 3955        |
|    iterations           | 174         |
|    time_elapsed         | 270         |
|    total_timesteps      | 1069056     |
| train/                  |             |
|    approx_kl            | 0.006496942 |
|    clip_fraction        | 0.0553      |
|    clip_range           | 0.2         |
|    entropy_loss         | -1.47       |
|    explained_variance   | 0.412       |
|    learning_rate        | 0.0003      |
|    loss                 | 0.0337      |
|    n_updates            | 1038        |
|    policy_gradient_loss | -0.00676    |
|    value_loss           | 0.145       |
-----------------------------------------
-----------------------------------------
| battle/                 |             |
|    draw_rate            | 0           |
|    loss_rate            | 0.647       |
|    win_rate             | 0.352       |
| time/                   |             |
|    fps                  | 3947        |
|    iterations           | 175         |
|    time_elapsed         | 272         |
|    total_timesteps      | 1075200     |
| train/                  |             |
|    approx_kl            | 0.007760599 |
|    clip_fraction        | 0.0575      |
|    clip_range           | 0.2         |
|    entropy_loss         | -1.44       |
|    explained_variance   | 0.396       |
|    learning_rate        | 0.0003      |
|    loss                 | 0.0286      |
|    n_updates            | 1044        |
|    policy_gradient_loss | -0.00729    |
|    value_loss           | 0.132       |
-----------------------------------------
----------------------------------------
| battle/                 |            |
|    draw_rate            | 0          |
|    loss_rate            | 0.627      |
|    win_rate             | 0.372      |
| time/                   |            |
|    fps                  | 3941       |
|    iterations           | 176        |
|    time_elapsed         | 274        |
|    total_timesteps      | 1081344    |
| train/                  |            |
|    approx_kl            | 0.00574287 |
|    clip_fraction        | 0.0487     |
|    clip_range           | 0.2        |
|    entropy_loss         | -1.42      |
|    explained_variance   | 0.459      |
|    learning_rate        | 0.0003     |
|    loss                 | 0.021      |
|    n_updates            | 1050       |
|    policy_gradient_loss | -0.00623   |
|    value_loss           | 0.107      |
----------------------------------------
-----------------------------------------
| battle/                 |             |
|    draw_rate            | 0           |
|    loss_rate            | 0.632       |
|    win_rate             | 0.367       |
| time/                   |             |
|    fps                  | 3934        |
|    iterations           | 177         |
|    time_elapsed         | 276         |
|    total_timesteps      | 1087488     |
| train/                  |             |
|    approx_kl            | 0.006075313 |
|    clip_fraction        | 0.0413      |
|    clip_range           | 0.2         |
|    entropy_loss         | -1.43       |
|    explained_variance   | 0.288       |
|    learning_rate        | 0.0003      |
|    loss                 | 0.0459      |
|    n_updates            | 1056        |
|    policy_gradient_loss | -0.00669    |
|    value_loss           | 0.159       |
-----------------------------------------
-----------------------------------------
| battle/                 |             |
|    draw_rate            | 0           |
|    loss_rate            | 0.62        |
|    win_rate             | 0.38        |
| time/                   |             |
|    fps                  | 3928        |
|    iterations           | 178         |
|    time_elapsed         | 278         |
|    total_timesteps      | 1093632     |
| train/                  |             |
|    approx_kl            | 0.006383918 |
|    clip_fraction        | 0.0515      |
|    clip_range           | 0.2         |
|    entropy_loss         | -1.46       |
|    explained_variance   | 0.488       |
|    learning_rate        | 0.0003      |
|    loss                 | 0.0281      |
|    n_updates            | 1062        |
|    policy_gradient_loss | -0.00799    |
|    value_loss           | 0.122       |
-----------------------------------------
------------------------------------------
| battle/                 |              |
|    draw_rate            | 0            |
|    loss_rate            | 0.615        |
|    win_rate             | 0.385        |
| time/                   |              |
|    fps                  | 3919         |
|    iterations           | 179          |
|    time_elapsed         | 280          |
|    total_timesteps      | 1099776      |
| train/                  |              |
|    approx_kl            | 0.0062658614 |
|    clip_fraction        | 0.0586       |
|    clip_range           | 0.2          |
|    entropy_loss         | -1.43        |
|    explained_variance   | 0.356        |
|    learning_rate        | 0.0003       |
|    loss                 | 0.0323       |
|    n_updates            | 1068         |
|    policy_gradient_loss | -0.00718     |
|    value_loss           | 0.126        |
------------------------------------------
-----------------------------------------
| battle/                 |             |
|    draw_rate            | 0           |
|    loss_rate            | 0.632       |
|    win_rate             | 0.367       |
| time/                   |             |
|    fps                  | 3910        |
|    iterations           | 180         |
|    time_elapsed         | 282         |
|    total_timesteps      | 1105920     |
| train/                  |             |
|    approx_kl            | 0.006245453 |
|    clip_fraction        | 0.0417      |
|    clip_range           | 0.2         |
|    entropy_loss         | -1.44       |
|    explained_variance   | 0.367       |
|    learning_rate        | 0.0003      |
|    loss                 | 0.0408      |
|    n_updates            | 1074        |
|    policy_gradient_loss | -0.00657    |
|    value_loss           | 0.139       |
-----------------------------------------
------------------------------------------
| battle/                 |              |
|    draw_rate            | 0            |
|    loss_rate            | 0.637        |
|    win_rate             | 0.362        |
| time/                   |              |
|    fps                  | 3903         |
|    iterations           | 181          |
|    time_elapsed         | 284          |
|    total_timesteps      | 1112064      |
| train/                  |              |
|    approx_kl            | 0.0077102133 |
|    clip_fraction        | 0.0648       |
|    clip_range           | 0.2          |
|    entropy_loss         | -1.4         |
|    explained_variance   | 0.425        |
|    learning_rate        | 0.0003       |
|    loss                 | 0.018        |
|    n_updates            | 1080         |
|    policy_gradient_loss | -0.00703     |
|    value_loss           | 0.119        |
------------------------------------------
-----------------------------------------
| battle/                 |             |
|    draw_rate            | 0           |
|    loss_rate            | 0.645       |
|    win_rate             | 0.355       |
| time/                   |             |
|    fps                  | 3893        |
|    iterations           | 182         |
|    time_elapsed         | 287         |
|    total_timesteps      | 1118208     |
| train/                  |             |
|    approx_kl            | 0.006294122 |
|    clip_fraction        | 0.0326      |
|    clip_range           | 0.2         |
|    entropy_loss         | -1.44       |
|    explained_variance   | 0.32        |
|    learning_rate        | 0.0003      |
|    loss                 | 0.0482      |
|    n_updates            | 1086        |
|    policy_gradient_loss | -0.00502    |
|    value_loss           | 0.151       |
-----------------------------------------
-----------------------------------------
| battle/                 |             |
|    draw_rate            | 0           |
|    loss_rate            | 0.642       |
|    win_rate             | 0.357       |
| time/                   |             |
|    fps                  | 3885        |
|    iterations           | 183         |
|    time_elapsed         | 289         |
|    total_timesteps      | 1124352     |
| train/                  |             |
|    approx_kl            | 0.007191807 |
|    clip_fraction        | 0.0536      |
|    clip_range           | 0.2         |
|    entropy_loss         | -1.44       |
|    explained_variance   | 0.315       |
|    learning_rate        | 0.0003      |
|    loss                 | 0.0419      |
|    n_updates            | 1092        |
|    policy_gradient_loss | -0.00747    |
|    value_loss           | 0.145       |
-----------------------------------------
-----------------------------------------
| battle/                 |             |
|    draw_rate            | 0           |
|    loss_rate            | 0.657       |
|    win_rate             | 0.343       |
| time/                   |             |
|    fps                  | 3879        |
|    iterations           | 184         |
|    time_elapsed         | 291         |
|    total_timesteps      | 1130496     |
| train/                  |             |
|    approx_kl            | 0.005707089 |
|    clip_fraction        | 0.0419      |
|    clip_range           | 0.2         |
|    entropy_loss         | -1.38       |
|    explained_variance   | 0.367       |
|    learning_rate        | 0.0003      |
|    loss                 | 0.042       |
|    n_updates            | 1098        |
|    policy_gradient_loss | -0.00623    |
|    value_loss           | 0.144       |
-----------------------------------------
------------------------------------------
| battle/                 |              |
|    draw_rate            | 0            |
|    loss_rate            | 0.662        |
|    win_rate             | 0.338        |
| time/                   |              |
|    fps                  | 3874         |
|    iterations           | 185          |
|    time_elapsed         | 293          |
|    total_timesteps      | 1136640      |
| train/                  |              |
|    approx_kl            | 0.0043302937 |
|    clip_fraction        | 0.0382       |
|    clip_range           | 0.2          |
|    entropy_loss         | -1.45        |
|    explained_variance   | 0.516        |
|    learning_rate        | 0.0003       |
|    loss                 | 0.0183       |
|    n_updates            | 1104         |
|    policy_gradient_loss | -0.00594     |
|    value_loss           | 0.108        |
------------------------------------------
-----------------------------------------
| battle/                 |             |
|    draw_rate            | 0           |
|    loss_rate            | 0.65        |
|    win_rate             | 0.35        |
| time/                   |             |
|    fps                  | 3867        |
|    iterations           | 186         |
|    time_elapsed         | 295         |
|    total_timesteps      | 1142784     |
| train/                  |             |
|    approx_kl            | 0.006327961 |
|    clip_fraction        | 0.0444      |
|    clip_range           | 0.2         |
|    entropy_loss         | -1.44       |
|    explained_variance   | 0.336       |
|    learning_rate        | 0.0003      |
|    loss                 | 0.0302      |
|    n_updates            | 1110        |
|    policy_gradient_loss | -0.00638    |
|    value_loss           | 0.118       |
-----------------------------------------
------------------------------------------
| battle/                 |              |
|    draw_rate            | 0            |
|    loss_rate            | 0.665        |
|    win_rate             | 0.335        |
| time/                   |              |
|    fps                  | 3861         |
|    iterations           | 187          |
|    time_elapsed         | 297          |
|    total_timesteps      | 1148928      |
| train/                  |              |
|    approx_kl            | 0.0077159293 |
|    clip_fraction        | 0.0399       |
|    clip_range           | 0.2          |
|    entropy_loss         | -1.44        |
|    explained_variance   | 0.442        |
|    learning_rate        | 0.0003       |
|    loss                 | 0.0264       |
|    n_updates            | 1116         |
|    policy_gradient_loss | -0.00699     |
|    value_loss           | 0.112        |
------------------------------------------
-----------------------------------------
| battle/                 |             |
|    draw_rate            | 0           |
|    loss_rate            | 0.632       |
|    win_rate             | 0.367       |
| time/                   |             |
|    fps                  | 3854        |
|    iterations           | 188         |
|    time_elapsed         | 299         |
|    total_timesteps      | 1155072     |
| train/                  |             |
|    approx_kl            | 0.007331103 |
|    clip_fraction        | 0.0438      |
|    clip_range           | 0.2         |
|    entropy_loss         | -1.43       |
|    explained_variance   | 0.284       |
|    learning_rate        | 0.0003      |
|    loss                 | 0.0338      |
|    n_updates            | 1122        |
|    policy_gradient_loss | -0.00758    |
|    value_loss           | 0.141       |
-----------------------------------------
-----------------------------------------
| battle/                 |             |
|    draw_rate            | 0           |
|    loss_rate            | 0.625       |
|    win_rate             | 0.375       |
| time/                   |             |
|    fps                  | 3850        |
|    iterations           | 189         |
|    time_elapsed         | 301         |
|    total_timesteps      | 1161216     |
| train/                  |             |
|    approx_kl            | 0.005593656 |
|    clip_fraction        | 0.0431      |
|    clip_range           | 0.2         |
|    entropy_loss         | -1.43       |
|    explained_variance   | 0.29        |
|    learning_rate        | 0.0003      |
|    loss                 | 0.0388      |
|    n_updates            | 1128        |
|    policy_gradient_loss | -0.00696    |
|    value_loss           | 0.148       |
-----------------------------------------
-----------------------------------------
| battle/                 |             |
|    draw_rate            | 0           |
|    loss_rate            | 0.623       |
|    win_rate             | 0.378       |
| time/                   |             |
|    fps                  | 3845        |
|    iterations           | 190         |
|    time_elapsed         | 303         |
|    total_timesteps      | 1167360     |
| train/                  |             |
|    approx_kl            | 0.005257886 |
|    clip_fraction        | 0.0547      |
|    clip_range           | 0.2         |
|    entropy_loss         | -1.51       |
|    explained_variance   | 0.364       |
|    learning_rate        | 0.0003      |
|    loss                 | 0.0229      |
|    n_updates            | 1134        |
|    policy_gradient_loss | -0.00635    |
|    value_loss           | 0.116       |
-----------------------------------------
------------------------------------------
| battle/                 |              |
|    draw_rate            | 0            |
|    loss_rate            | 0.605        |
|    win_rate             | 0.395        |
| time/                   |              |
|    fps                  | 3840         |
|    iterations           | 191          |
|    time_elapsed         | 305          |
|    total_timesteps      | 1173504      |
| train/                  |              |
|    approx_kl            | 0.0057911617 |
|    clip_fraction        | 0.0462       |
|    clip_range           | 0.2          |
|    entropy_loss         | -1.48        |
|    explained_variance   | 0.365        |
|    learning_rate        | 0.0003       |
|    loss                 | 0.0361       |
|    n_updates            | 1140         |
|    policy_gradient_loss | -0.00597     |
|    value_loss           | 0.136        |
------------------------------------------
------------------------------------------
| battle/                 |              |
|    draw_rate            | 0            |
|    loss_rate            | 0.6          |
|    win_rate             | 0.4          |
| time/                   |              |
|    fps                  | 3835         |
|    iterations           | 192          |
|    time_elapsed         | 307          |
|    total_timesteps      | 1179648      |
| train/                  |              |
|    approx_kl            | 0.0077376124 |
|    clip_fraction        | 0.0447       |
|    clip_range           | 0.2          |
|    entropy_loss         | -1.48        |
|    explained_variance   | 0.429        |
|    learning_rate        | 0.0003       |
|    loss                 | 0.0275       |
|    n_updates            | 1146         |
|    policy_gradient_loss | -0.00642     |
|    value_loss           | 0.126        |
------------------------------------------
-----------------------------------------
| battle/                 |             |
|    draw_rate            | 0           |
|    loss_rate            | 0.608       |
|    win_rate             | 0.393       |
| time/                   |             |
|    fps                  | 3829        |
|    iterations           | 193         |
|    time_elapsed         | 309         |
|    total_timesteps      | 1185792     |
| train/                  |             |
|    approx_kl            | 0.005631397 |
|    clip_fraction        | 0.0541      |
|    clip_range           | 0.2         |
|    entropy_loss         | -1.49       |
|    explained_variance   | 0.37        |
|    learning_rate        | 0.0003      |
|    loss                 | 0.0525      |
|    n_updates            | 1152        |
|    policy_gradient_loss | -0.00614    |
|    value_loss           | 0.163       |
-----------------------------------------
-----------------------------------------
| battle/                 |             |
|    draw_rate            | 0           |
|    loss_rate            | 0.588       |
|    win_rate             | 0.412       |
| time/                   |             |
|    fps                  | 3821        |
|    iterations           | 194         |
|    time_elapsed         | 311         |
|    total_timesteps      | 1191936     |
| train/                  |             |
|    approx_kl            | 0.005013619 |
|    clip_fraction        | 0.039       |
|    clip_range           | 0.2         |
|    entropy_loss         | -1.44       |
|    explained_variance   | 0.411       |
|    learning_rate        | 0.0003      |
|    loss                 | 0.0391      |
|    n_updates            | 1158        |
|    policy_gradient_loss | -0.00672    |
|    value_loss           | 0.143       |
-----------------------------------------
------------------------------------------
| battle/                 |              |
|    draw_rate            | 0            |
|    loss_rate            | 0.6          |
|    win_rate             | 0.4          |
| time/                   |              |
|    fps                  | 3814         |
|    iterations           | 195          |
|    time_elapsed         | 314          |
|    total_timesteps      | 1198080      |
| train/                  |              |
|    approx_kl            | 0.0065732677 |
|    clip_fraction        | 0.0545       |
|    clip_range           | 0.2          |
|    entropy_loss         | -1.43        |
|    explained_variance   | 0.457        |
|    learning_rate        | 0.0003       |
|    loss                 | 0.0493       |
|    n_updates            | 1164         |
|    policy_gradient_loss | -0.00715     |
|    value_loss           | 0.159        |
------------------------------------------
------------------------------------------
| battle/                 |              |
|    draw_rate            | 0            |
|    loss_rate            | 0.598        |
|    win_rate             | 0.403        |
| time/                   |              |
|    fps                  | 3809         |
|    iterations           | 196          |
|    time_elapsed         | 316          |
|    total_timesteps      | 1204224      |
| train/                  |              |
|    approx_kl            | 0.0074314293 |
|    clip_fraction        | 0.0476       |
|    clip_range           | 0.2          |
|    entropy_loss         | -1.48        |
|    explained_variance   | 0.493        |
|    learning_rate        | 0.0003       |
|    loss                 | 0.022        |
|    n_updates            | 1170         |
|    policy_gradient_loss | -0.00744     |
|    value_loss           | 0.106        |
------------------------------------------
-----------------------------------------
| battle/                 |             |
|    draw_rate            | 0           |
|    loss_rate            | 0.588       |
|    win_rate             | 0.412       |
| time/                   |             |
|    fps                  | 3803        |
|    iterations           | 197         |
|    time_elapsed         | 318         |
|    total_timesteps      | 1210368     |
| train/                  |             |
|    approx_kl            | 0.006949233 |
|    clip_fraction        | 0.0566      |
|    clip_range           | 0.2         |
|    entropy_loss         | -1.46       |
|    explained_variance   | 0.367       |
|    learning_rate        | 0.0003      |
|    loss                 | 0.0295      |
|    n_updates            | 1176        |
|    policy_gradient_loss | -0.007      |
|    value_loss           | 0.136       |
-----------------------------------------
------------------------------------------
| battle/                 |              |
|    draw_rate            | 0            |
|    loss_rate            | 0.578        |
|    win_rate             | 0.422        |
| time/                   |              |
|    fps                  | 3798         |
|    iterations           | 198          |
|    time_elapsed         | 320          |
|    total_timesteps      | 1216512      |
| train/                  |              |
|    approx_kl            | 0.0069665774 |
|    clip_fraction        | 0.0398       |
|    clip_range           | 0.2          |
|    entropy_loss         | -1.45        |
|    explained_variance   | 0.308        |
|    learning_rate        | 0.0003       |
|    loss                 | 0.0368       |
|    n_updates            | 1182         |
|    policy_gradient_loss | -0.00736     |
|    value_loss           | 0.135        |
------------------------------------------
----------------------------------------
| battle/                 |            |
|    draw_rate            | 0          |
|    loss_rate            | 0.57       |
|    win_rate             | 0.43       |
| time/                   |            |
|    fps                  | 3793       |
|    iterations           | 199        |
|    time_elapsed         | 322        |
|    total_timesteps      | 1222656    |
| train/                  |            |
|    approx_kl            | 0.00697181 |
|    clip_fraction        | 0.051      |
|    clip_range           | 0.2        |
|    entropy_loss         | -1.46      |
|    explained_variance   | 0.266      |
|    learning_rate        | 0.0003     |
|    loss                 | 0.0248     |
|    n_updates            | 1188       |
|    policy_gradient_loss | -0.00635   |
|    value_loss           | 0.119      |
----------------------------------------
------------------------------------------
| battle/                 |              |
|    draw_rate            | 0            |
|    loss_rate            | 0.585        |
|    win_rate             | 0.415        |
| time/                   |              |
|    fps                  | 3789         |
|    iterations           | 200          |
|    time_elapsed         | 324          |
|    total_timesteps      | 1228800      |
| train/                  |              |
|    approx_kl            | 0.0073720603 |
|    clip_fraction        | 0.0655       |
|    clip_range           | 0.2          |
|    entropy_loss         | -1.48        |
|    explained_variance   | 0.319        |
|    learning_rate        | 0.0003       |
|    loss                 | 0.0373       |
|    n_updates            | 1194         |
|    policy_gradient_loss | -0.00819     |
|    value_loss           | 0.14         |
------------------------------------------
-----------------------------------------
| battle/                 |             |
|    draw_rate            | 0           |
|    loss_rate            | 0.608       |
|    win_rate             | 0.393       |
| time/                   |             |
|    fps                  | 3785        |
|    iterations           | 201         |
|    time_elapsed         | 326         |
|    total_timesteps      | 1234944     |
| train/                  |             |
|    approx_kl            | 0.006487763 |
|    clip_fraction        | 0.0391      |
|    clip_range           | 0.2         |
|    entropy_loss         | -1.42       |
|    explained_variance   | 0.335       |
|    learning_rate        | 0.0003      |
|    loss                 | 0.0412      |
|    n_updates            | 1200        |
|    policy_gradient_loss | -0.00586    |
|    value_loss           | 0.141       |
-----------------------------------------
-----------------------------------------
| battle/                 |             |
|    draw_rate            | 0           |
|    loss_rate            | 0.605       |
|    win_rate             | 0.395       |
| time/                   |             |
|    fps                  | 3780        |
|    iterations           | 202         |
|    time_elapsed         | 328         |
|    total_timesteps      | 1241088     |
| train/                  |             |
|    approx_kl            | 0.006388383 |
|    clip_fraction        | 0.0517      |
|    clip_range           | 0.2         |
|    entropy_loss         | -1.42       |
|    explained_variance   | 0.326       |
|    learning_rate        | 0.0003      |
|    loss                 | 0.0421      |
|    n_updates            | 1206        |
|    policy_gradient_loss | -0.00712    |
|    value_loss           | 0.149       |
-----------------------------------------
------------------------------------------
| battle/                 |              |
|    draw_rate            | 0            |
|    loss_rate            | 0.613        |
|    win_rate             | 0.388        |
| time/                   |              |
|    fps                  | 3777         |
|    iterations           | 203          |
|    time_elapsed         | 330          |
|    total_timesteps      | 1247232      |
| train/                  |              |
|    approx_kl            | 0.0056044213 |
|    clip_fraction        | 0.0315       |
|    clip_range           | 0.2          |
|    entropy_loss         | -1.45        |
|    explained_variance   | 0.341        |
|    learning_rate        | 0.0003       |
|    loss                 | 0.0301       |
|    n_updates            | 1212         |
|    policy_gradient_loss | -0.00741     |
|    value_loss           | 0.128        |
------------------------------------------
-----------------------------------------
| battle/                 |             |
|    draw_rate            | 0           |
|    loss_rate            | 0.635       |
|    win_rate             | 0.365       |
| time/                   |             |
|    fps                  | 3776        |
|    iterations           | 204         |
|    time_elapsed         | 331         |
|    total_timesteps      | 1253376     |
| train/                  |             |
|    approx_kl            | 0.007111491 |
|    clip_fraction        | 0.0535      |
|    clip_range           | 0.2         |
|    entropy_loss         | -1.4        |
|    explained_variance   | 0.325       |
|    learning_rate        | 0.0003      |
|    loss                 | 0.0386      |
|    n_updates            | 1218        |
|    policy_gradient_loss | -0.00724    |
|    value_loss           | 0.141       |
-----------------------------------------
-----------------------------------------
| battle/                 |             |
|    draw_rate            | 0           |
|    loss_rate            | 0.632       |
|    win_rate             | 0.367       |
| time/                   |             |
|    fps                  | 3775        |
|    iterations           | 205         |
|    time_elapsed         | 333         |
|    total_timesteps      | 1259520     |
| train/                  |             |
|    approx_kl            | 0.008337021 |
|    clip_fraction        | 0.0461      |
|    clip_range           | 0.2         |
|    entropy_loss         | -1.49       |
|    explained_variance   | 0.336       |
|    learning_rate        | 0.0003      |
|    loss                 | 0.0325      |
|    n_updates            | 1224        |
|    policy_gradient_loss | -0.00813    |
|    value_loss           | 0.134       |
-----------------------------------------
-----------------------------------------
| battle/                 |             |
|    draw_rate            | 0           |
|    loss_rate            | 0.627       |
|    win_rate             | 0.372       |
| time/                   |             |
|    fps                  | 3774        |
|    iterations           | 206         |
|    time_elapsed         | 335         |
|    total_timesteps      | 1265664     |
| train/                  |             |
|    approx_kl            | 0.007950851 |
|    clip_fraction        | 0.0507      |
|    clip_range           | 0.2         |
|    entropy_loss         | -1.45       |
|    explained_variance   | 0.414       |
|    learning_rate        | 0.0003      |
|    loss                 | 0.033       |
|    n_updates            | 1230        |
|    policy_gradient_loss | -0.00756    |
|    value_loss           | 0.134       |
-----------------------------------------
-----------------------------------------
| battle/                 |             |
|    draw_rate            | 0           |
|    loss_rate            | 0.608       |
|    win_rate             | 0.393       |
| time/                   |             |
|    fps                  | 3772        |
|    iterations           | 207         |
|    time_elapsed         | 337         |
|    total_timesteps      | 1271808     |
| train/                  |             |
|    approx_kl            | 0.007972031 |
|    clip_fraction        | 0.0569      |
|    clip_range           | 0.2         |
|    entropy_loss         | -1.46       |
|    explained_variance   | 0.361       |
|    learning_rate        | 0.0003      |
|    loss                 | 0.0327      |
|    n_updates            | 1236        |
|    policy_gradient_loss | -0.00739    |
|    value_loss           | 0.142       |
-----------------------------------------
-----------------------------------------
| battle/                 |             |
|    draw_rate            | 0           |
|    loss_rate            | 0.623       |
|    win_rate             | 0.378       |
| time/                   |             |
|    fps                  | 3772        |
|    iterations           | 208         |
|    time_elapsed         | 338         |
|    total_timesteps      | 1277952     |
| train/                  |             |
|    approx_kl            | 0.008333721 |
|    clip_fraction        | 0.0605      |
|    clip_range           | 0.2         |
|    entropy_loss         | -1.46       |
|    explained_variance   | 0.329       |
|    learning_rate        | 0.0003      |
|    loss                 | 0.0396      |
|    n_updates            | 1242        |
|    policy_gradient_loss | -0.00634    |
|    value_loss           | 0.147       |
-----------------------------------------
-----------------------------------------
| battle/                 |             |
|    draw_rate            | 0           |
|    loss_rate            | 0.635       |
|    win_rate             | 0.365       |
| time/                   |             |
|    fps                  | 3772        |
|    iterations           | 209         |
|    time_elapsed         | 340         |
|    total_timesteps      | 1284096     |
| train/                  |             |
|    approx_kl            | 0.008112233 |
|    clip_fraction        | 0.0526      |
|    clip_range           | 0.2         |
|    entropy_loss         | -1.52       |
|    explained_variance   | 0.331       |
|    learning_rate        | 0.0003      |
|    loss                 | 0.0281      |
|    n_updates            | 1248        |
|    policy_gradient_loss | -0.00725    |
|    value_loss           | 0.129       |
-----------------------------------------
-----------------------------------------
| battle/                 |             |
|    draw_rate            | 0           |
|    loss_rate            | 0.642       |
|    win_rate             | 0.357       |
| time/                   |             |
|    fps                  | 3772        |
|    iterations           | 210         |
|    time_elapsed         | 342         |
|    total_timesteps      | 1290240     |
| train/                  |             |
|    approx_kl            | 0.006395782 |
|    clip_fraction        | 0.0578      |
|    clip_range           | 0.2         |
|    entropy_loss         | -1.45       |
|    explained_variance   | 0.433       |
|    learning_rate        | 0.0003      |
|    loss                 | 0.0262      |
|    n_updates            | 1254        |
|    policy_gradient_loss | -0.00681    |
|    value_loss           | 0.115       |
-----------------------------------------
-----------------------------------------
| battle/                 |             |
|    draw_rate            | 0           |
|    loss_rate            | 0.63        |
|    win_rate             | 0.37        |
| time/                   |             |
|    fps                  | 3772        |
|    iterations           | 211         |
|    time_elapsed         | 343         |
|    total_timesteps      | 1296384     |
| train/                  |             |
|    approx_kl            | 0.006003689 |
|    clip_fraction        | 0.0435      |
|    clip_range           | 0.2         |
|    entropy_loss         | -1.46       |
|    explained_variance   | 0.463       |
|    learning_rate        | 0.0003      |
|    loss                 | 0.0318      |
|    n_updates            | 1260        |
|    policy_gradient_loss | -0.00686    |
|    value_loss           | 0.133       |
-----------------------------------------
-----------------------------------------
| battle/                 |             |
|    draw_rate            | 0           |
|    loss_rate            | 0.615       |
|    win_rate             | 0.385       |
| time/                   |             |
|    fps                  | 3771        |
|    iterations           | 212         |
|    time_elapsed         | 345         |
|    total_timesteps      | 1302528     |
| train/                  |             |
|    approx_kl            | 0.006781572 |
|    clip_fraction        | 0.0487      |
|    clip_range           | 0.2         |
|    entropy_loss         | -1.5        |
|    explained_variance   | 0.434       |
|    learning_rate        | 0.0003      |
|    loss                 | 0.0345      |
|    n_updates            | 1266        |
|    policy_gradient_loss | -0.00712    |
|    value_loss           | 0.147       |
-----------------------------------------
-----------------------------------------
| battle/                 |             |
|    draw_rate            | 0           |
|    loss_rate            | 0.603       |
|    win_rate             | 0.398       |
| time/                   |             |
|    fps                  | 3771        |
|    iterations           | 213         |
|    time_elapsed         | 347         |
|    total_timesteps      | 1308672     |
| train/                  |             |
|    approx_kl            | 0.007530309 |
|    clip_fraction        | 0.068       |
|    clip_range           | 0.2         |
|    entropy_loss         | -1.41       |
|    explained_variance   | 0.411       |
|    learning_rate        | 0.0003      |
|    loss                 | 0.032       |
|    n_updates            | 1272        |
|    policy_gradient_loss | -0.00808    |
|    value_loss           | 0.139       |
-----------------------------------------
-----------------------------------------
| battle/                 |             |
|    draw_rate            | 0           |
|    loss_rate            | 0.598       |
|    win_rate             | 0.403       |
| time/                   |             |
|    fps                  | 3769        |
|    iterations           | 214         |
|    time_elapsed         | 348         |
|    total_timesteps      | 1314816     |
| train/                  |             |
|    approx_kl            | 0.007611413 |
|    clip_fraction        | 0.0578      |
|    clip_range           | 0.2         |
|    entropy_loss         | -1.46       |
|    explained_variance   | 0.348       |
|    learning_rate        | 0.0003      |
|    loss                 | 0.0443      |
|    n_updates            | 1278        |
|    policy_gradient_loss | -0.00642    |
|    value_loss           | 0.142       |
-----------------------------------------
-----------------------------------------
| battle/                 |             |
|    draw_rate            | 0           |
|    loss_rate            | 0.627       |
|    win_rate             | 0.372       |
| time/                   |             |
|    fps                  | 3769        |
|    iterations           | 215         |
|    time_elapsed         | 350         |
|    total_timesteps      | 1320960     |
| train/                  |             |
|    approx_kl            | 0.008381196 |
|    clip_fraction        | 0.0598      |
|    clip_range           | 0.2         |
|    entropy_loss         | -1.5        |
|    explained_variance   | 0.417       |
|    learning_rate        | 0.0003      |
|    loss                 | 0.0263      |
|    n_updates            | 1284        |
|    policy_gradient_loss | -0.00715    |
|    value_loss           | 0.111       |
-----------------------------------------
-----------------------------------------
| battle/                 |             |
|    draw_rate            | 0           |
|    loss_rate            | 0.635       |
|    win_rate             | 0.365       |
| time/                   |             |
|    fps                  | 3764        |
|    iterations           | 216         |
|    time_elapsed         | 352         |
|    total_timesteps      | 1327104     |
| train/                  |             |
|    approx_kl            | 0.009054712 |
|    clip_fraction        | 0.0688      |
|    clip_range           | 0.2         |
|    entropy_loss         | -1.4        |
|    explained_variance   | 0.299       |
|    learning_rate        | 0.0003      |
|    loss                 | 0.0359      |
|    n_updates            | 1290        |
|    policy_gradient_loss | -0.00859    |
|    value_loss           | 0.138       |
-----------------------------------------
-----------------------------------------
| battle/                 |             |
|    draw_rate            | 0           |
|    loss_rate            | 0.647       |
|    win_rate             | 0.352       |
| time/                   |             |
|    fps                  | 3760        |
|    iterations           | 217         |
|    time_elapsed         | 354         |
|    total_timesteps      | 1333248     |
| train/                  |             |
|    approx_kl            | 0.007018591 |
|    clip_fraction        | 0.0485      |
|    clip_range           | 0.2         |
|    entropy_loss         | -1.48       |
|    explained_variance   | 0.358       |
|    learning_rate        | 0.0003      |
|    loss                 | 0.04        |
|    n_updates            | 1296        |
|    policy_gradient_loss | -0.00704    |
|    value_loss           | 0.14        |
-----------------------------------------
-----------------------------------------
| battle/                 |             |
|    draw_rate            | 0           |
|    loss_rate            | 0.645       |
|    win_rate             | 0.355       |
| time/                   |             |
|    fps                  | 3756        |
|    iterations           | 218         |
|    time_elapsed         | 356         |
|    total_timesteps      | 1339392     |
| train/                  |             |
|    approx_kl            | 0.008430681 |
|    clip_fraction        | 0.0712      |
|    clip_range           | 0.2         |
|    entropy_loss         | -1.48       |
|    explained_variance   | 0.407       |
|    learning_rate        | 0.0003      |
|    loss                 | 0.0258      |
|    n_updates            | 1302        |
|    policy_gradient_loss | -0.00751    |
|    value_loss           | 0.118       |
-----------------------------------------
------------------------------------------
| battle/                 |              |
|    draw_rate            | 0            |
|    loss_rate            | 0.632        |
|    win_rate             | 0.367        |
| time/                   |              |
|    fps                  | 3750         |
|    iterations           | 219          |
|    time_elapsed         | 358          |
|    total_timesteps      | 1345536      |
| train/                  |              |
|    approx_kl            | 0.0067821783 |
|    clip_fraction        | 0.0523       |
|    clip_range           | 0.2          |
|    entropy_loss         | -1.42        |
|    explained_variance   | 0.496        |
|    learning_rate        | 0.0003       |
|    loss                 | 0.0288       |
|    n_updates            | 1308         |
|    policy_gradient_loss | -0.00644     |
|    value_loss           | 0.123        |
------------------------------------------
-----------------------------------------
| battle/                 |             |
|    draw_rate            | 0           |
|    loss_rate            | 0.63        |
|    win_rate             | 0.37        |
| time/                   |             |
|    fps                  | 3747        |
|    iterations           | 220         |
|    time_elapsed         | 360         |
|    total_timesteps      | 1351680     |
| train/                  |             |
|    approx_kl            | 0.006985555 |
|    clip_fraction        | 0.0711      |
|    clip_range           | 0.2         |
|    entropy_loss         | -1.34       |
|    explained_variance   | 0.363       |
|    learning_rate        | 0.0003      |
|    loss                 | 0.0521      |
|    n_updates            | 1314        |
|    policy_gradient_loss | -0.00701    |
|    value_loss           | 0.163       |
-----------------------------------------
-----------------------------------------
| battle/                 |             |
|    draw_rate            | 0           |
|    loss_rate            | 0.623       |
|    win_rate             | 0.378       |
| time/                   |             |
|    fps                  | 3744        |
|    iterations           | 221         |
|    time_elapsed         | 362         |
|    total_timesteps      | 1357824     |
| train/                  |             |
|    approx_kl            | 0.007214442 |
|    clip_fraction        | 0.0395      |
|    clip_range           | 0.2         |
|    entropy_loss         | -1.4        |
|    explained_variance   | 0.399       |
|    learning_rate        | 0.0003      |
|    loss                 | 0.0309      |
|    n_updates            | 1320        |
|    policy_gradient_loss | -0.00729    |
|    value_loss           | 0.137       |
-----------------------------------------
------------------------------------------
| battle/                 |              |
|    draw_rate            | 0            |
|    loss_rate            | 0.6          |
|    win_rate             | 0.4          |
| time/                   |              |
|    fps                  | 3740         |
|    iterations           | 222          |
|    time_elapsed         | 364          |
|    total_timesteps      | 1363968      |
| train/                  |              |
|    approx_kl            | 0.0075895563 |
|    clip_fraction        | 0.063        |
|    clip_range           | 0.2          |
|    entropy_loss         | -1.42        |
|    explained_variance   | 0.477        |
|    learning_rate        | 0.0003       |
|    loss                 | 0.0291       |
|    n_updates            | 1326         |
|    policy_gradient_loss | -0.00694     |
|    value_loss           | 0.125        |
------------------------------------------
-----------------------------------------
| battle/                 |             |
|    draw_rate            | 0           |
|    loss_rate            | 0.605       |
|    win_rate             | 0.395       |
| time/                   |             |
|    fps                  | 3742        |
|    iterations           | 223         |
|    time_elapsed         | 366         |
|    total_timesteps      | 1370112     |
| train/                  |             |
|    approx_kl            | 0.008489155 |
|    clip_fraction        | 0.0613      |
|    clip_range           | 0.2         |
|    entropy_loss         | -1.43       |
|    explained_variance   | 0.353       |
|    learning_rate        | 0.0003      |
|    loss                 | 0.0443      |
|    n_updates            | 1332        |
|    policy_gradient_loss | -0.0072     |
|    value_loss           | 0.157       |
-----------------------------------------
-----------------------------------------
| battle/                 |             |
|    draw_rate            | 0           |
|    loss_rate            | 0.605       |
|    win_rate             | 0.395       |
| time/                   |             |
|    fps                  | 3741        |
|    iterations           | 224         |
|    time_elapsed         | 367         |
|    total_timesteps      | 1376256     |
| train/                  |             |
|    approx_kl            | 0.007978521 |
|    clip_fraction        | 0.0616      |
|    clip_range           | 0.2         |
|    entropy_loss         | -1.47       |
|    explained_variance   | 0.417       |
|    learning_rate        | 0.0003      |
|    loss                 | 0.0262      |
|    n_updates            | 1338        |
|    policy_gradient_loss | -0.00751    |
|    value_loss           | 0.11        |
-----------------------------------------
------------------------------------------
| battle/                 |              |
|    draw_rate            | 0            |
|    loss_rate            | 0.615        |
|    win_rate             | 0.385        |
| time/                   |              |
|    fps                  | 3741         |
|    iterations           | 225          |
|    time_elapsed         | 369          |
|    total_timesteps      | 1382400      |
| train/                  |              |
|    approx_kl            | 0.0057215313 |
|    clip_fraction        | 0.0333       |
|    clip_range           | 0.2          |
|    entropy_loss         | -1.46        |
|    explained_variance   | 0.432        |
|    learning_rate        | 0.0003       |
|    loss                 | 0.031        |
|    n_updates            | 1344         |
|    policy_gradient_loss | -0.00618     |
|    value_loss           | 0.13         |
------------------------------------------
----------------------------------------
| battle/                 |            |
|    draw_rate            | 0          |
|    loss_rate            | 0.61       |
|    win_rate             | 0.39       |
| time/                   |            |
|    fps                  | 3740       |
|    iterations           | 226        |
|    time_elapsed         | 371        |
|    total_timesteps      | 1388544    |
| train/                  |            |
|    approx_kl            | 0.00731398 |
|    clip_fraction        | 0.0591     |
|    clip_range           | 0.2        |
|    entropy_loss         | -1.42      |
|    explained_variance   | 0.43       |
|    learning_rate        | 0.0003     |
|    loss                 | 0.0181     |
|    n_updates            | 1350       |
|    policy_gradient_loss | -0.00746   |
|    value_loss           | 0.111      |
----------------------------------------
------------------------------------------
| battle/                 |              |
|    draw_rate            | 0            |
|    loss_rate            | 0.632        |
|    win_rate             | 0.367        |
| time/                   |              |
|    fps                  | 3739         |
|    iterations           | 227          |
|    time_elapsed         | 372          |
|    total_timesteps      | 1394688      |
| train/                  |              |
|    approx_kl            | 0.0066220895 |
|    clip_fraction        | 0.0451       |
|    clip_range           | 0.2          |
|    entropy_loss         | -1.44        |
|    explained_variance   | 0.322        |
|    learning_rate        | 0.0003       |
|    loss                 | 0.0304       |
|    n_updates            | 1356         |
|    policy_gradient_loss | -0.00696     |
|    value_loss           | 0.127        |
------------------------------------------
------------------------------------------
| battle/                 |              |
|    draw_rate            | 0            |
|    loss_rate            | 0.662        |
|    win_rate             | 0.338        |
| time/                   |              |
|    fps                  | 3739         |
|    iterations           | 228          |
|    time_elapsed         | 374          |
|    total_timesteps      | 1400832      |
| train/                  |              |
|    approx_kl            | 0.0050942893 |
|    clip_fraction        | 0.0433       |
|    clip_range           | 0.2          |
|    entropy_loss         | -1.41        |
|    explained_variance   | 0.3          |
|    learning_rate        | 0.0003       |
|    loss                 | 0.024        |
|    n_updates            | 1362         |
|    policy_gradient_loss | -0.00584     |
|    value_loss           | 0.112        |
------------------------------------------
-----------------------------------------
| battle/                 |             |
|    draw_rate            | 0           |
|    loss_rate            | 0.65        |
|    win_rate             | 0.35        |
| time/                   |             |
|    fps                  | 3740        |
|    iterations           | 229         |
|    time_elapsed         | 376         |
|    total_timesteps      | 1406976     |
| train/                  |             |
|    approx_kl            | 0.006834635 |
|    clip_fraction        | 0.0498      |
|    clip_range           | 0.2         |
|    entropy_loss         | -1.42       |
|    explained_variance   | 0.345       |
|    learning_rate        | 0.0003      |
|    loss                 | 0.0286      |
|    n_updates            | 1368        |
|    policy_gradient_loss | -0.00678    |
|    value_loss           | 0.122       |
-----------------------------------------
------------------------------------------
| battle/                 |              |
|    draw_rate            | 0            |
|    loss_rate            | 0.652        |
|    win_rate             | 0.347        |
| time/                   |              |
|    fps                  | 3739         |
|    iterations           | 230          |
|    time_elapsed         | 377          |
|    total_timesteps      | 1413120      |
| train/                  |              |
|    approx_kl            | 0.0068765967 |
|    clip_fraction        | 0.0638       |
|    clip_range           | 0.2          |
|    entropy_loss         | -1.46        |
|    explained_variance   | 0.336        |
|    learning_rate        | 0.0003       |
|    loss                 | 0.0235       |
|    n_updates            | 1374         |
|    policy_gradient_loss | -0.00856     |
|    value_loss           | 0.113        |
------------------------------------------
------------------------------------------
| battle/                 |              |
|    draw_rate            | 0            |
|    loss_rate            | 0.645        |
|    win_rate             | 0.355        |
| time/                   |              |
|    fps                  | 3738         |
|    iterations           | 231          |
|    time_elapsed         | 379          |
|    total_timesteps      | 1419264      |
| train/                  |              |
|    approx_kl            | 0.0064902133 |
|    clip_fraction        | 0.0672       |
|    clip_range           | 0.2          |
|    entropy_loss         | -1.35        |
|    explained_variance   | 0.345        |
|    learning_rate        | 0.0003       |
|    loss                 | 0.0336       |
|    n_updates            | 1380         |
|    policy_gradient_loss | -0.00769     |
|    value_loss           | 0.14         |
------------------------------------------
------------------------------------------
| battle/                 |              |
|    draw_rate            | 0            |
|    loss_rate            | 0.618        |
|    win_rate             | 0.383        |
| time/                   |              |
|    fps                  | 3737         |
|    iterations           | 232          |
|    time_elapsed         | 381          |
|    total_timesteps      | 1425408      |
| train/                  |              |
|    approx_kl            | 0.0072679794 |
|    clip_fraction        | 0.0602       |
|    clip_range           | 0.2          |
|    entropy_loss         | -1.45        |
|    explained_variance   | 0.458        |
|    learning_rate        | 0.0003       |
|    loss                 | 0.031        |
|    n_updates            | 1386         |
|    policy_gradient_loss | -0.00737     |
|    value_loss           | 0.13         |
------------------------------------------
------------------------------------------
| battle/                 |              |
|    draw_rate            | 0            |
|    loss_rate            | 0.608        |
|    win_rate             | 0.393        |
| time/                   |              |
|    fps                  | 3737         |
|    iterations           | 233          |
|    time_elapsed         | 383          |
|    total_timesteps      | 1431552      |
| train/                  |              |
|    approx_kl            | 0.0073717334 |
|    clip_fraction        | 0.0569       |
|    clip_range           | 0.2          |
|    entropy_loss         | -1.38        |
|    explained_variance   | 0.44         |
|    learning_rate        | 0.0003       |
|    loss                 | 0.0415       |
|    n_updates            | 1392         |
|    policy_gradient_loss | -0.00661     |
|    value_loss           | 0.142        |
------------------------------------------
------------------------------------------
| battle/                 |              |
|    draw_rate            | 0            |
|    loss_rate            | 0.595        |
|    win_rate             | 0.405        |
| time/                   |              |
|    fps                  | 3737         |
|    iterations           | 234          |
|    time_elapsed         | 384          |
|    total_timesteps      | 1437696      |
| train/                  |              |
|    approx_kl            | 0.0071988846 |
|    clip_fraction        | 0.0431       |
|    clip_range           | 0.2          |
|    entropy_loss         | -1.36        |
|    explained_variance   | 0.347        |
|    learning_rate        | 0.0003       |
|    loss                 | 0.0389       |
|    n_updates            | 1398         |
|    policy_gradient_loss | -0.00644     |
|    value_loss           | 0.138        |
------------------------------------------
------------------------------------------
| battle/                 |              |
|    draw_rate            | 0            |
|    loss_rate            | 0.593        |
|    win_rate             | 0.407        |
| time/                   |              |
|    fps                  | 3735         |
|    iterations           | 235          |
|    time_elapsed         | 386          |
|    total_timesteps      | 1443840      |
| train/                  |              |
|    approx_kl            | 0.0065619424 |
|    clip_fraction        | 0.0605       |
|    clip_range           | 0.2          |
|    entropy_loss         | -1.44        |
|    explained_variance   | 0.388        |
|    learning_rate        | 0.0003       |
|    loss                 | 0.0375       |
|    n_updates            | 1404         |
|    policy_gradient_loss | -0.00721     |
|    value_loss           | 0.137        |
------------------------------------------
-----------------------------------------
| battle/                 |             |
|    draw_rate            | 0           |
|    loss_rate            | 0.608       |
|    win_rate             | 0.393       |
| time/                   |             |
|    fps                  | 3735        |
|    iterations           | 236         |
|    time_elapsed         | 388         |
|    total_timesteps      | 1449984     |
| train/                  |             |
|    approx_kl            | 0.007708347 |
|    clip_fraction        | 0.0493      |
|    clip_range           | 0.2         |
|    entropy_loss         | -1.44       |
|    explained_variance   | 0.435       |
|    learning_rate        | 0.0003      |
|    loss                 | 0.02        |
|    n_updates            | 1410        |
|    policy_gradient_loss | -0.00735    |
|    value_loss           | 0.102       |
-----------------------------------------
-----------------------------------------
| battle/                 |             |
|    draw_rate            | 0           |
|    loss_rate            | 0.588       |
|    win_rate             | 0.412       |
| time/                   |             |
|    fps                  | 3734        |
|    iterations           | 237         |
|    time_elapsed         | 389         |
|    total_timesteps      | 1456128     |
| train/                  |             |
|    approx_kl            | 0.006900452 |
|    clip_fraction        | 0.055       |
|    clip_range           | 0.2         |
|    entropy_loss         | -1.44       |
|    explained_variance   | 0.525       |
|    learning_rate        | 0.0003      |
|    loss                 | 0.0231      |
|    n_updates            | 1416        |
|    policy_gradient_loss | -0.00598    |
|    value_loss           | 0.101       |
-----------------------------------------
-----------------------------------------
| battle/                 |             |
|    draw_rate            | 0           |
|    loss_rate            | 0.588       |
|    win_rate             | 0.412       |
| time/                   |             |
|    fps                  | 3735        |
|    iterations           | 238         |
|    time_elapsed         | 391         |
|    total_timesteps      | 1462272     |
| train/                  |             |
|    approx_kl            | 0.007358895 |
|    clip_fraction        | 0.0544      |
|    clip_range           | 0.2         |
|    entropy_loss         | -1.41       |
|    explained_variance   | 0.398       |
|    learning_rate        | 0.0003      |
|    loss                 | 0.0488      |
|    n_updates            | 1422        |
|    policy_gradient_loss | -0.00706    |
|    value_loss           | 0.162       |
-----------------------------------------
------------------------------------------
| battle/                 |              |
|    draw_rate            | 0            |
|    loss_rate            | 0.588        |
|    win_rate             | 0.412        |
| time/                   |              |
|    fps                  | 3735         |
|    iterations           | 239          |
|    time_elapsed         | 393          |
|    total_timesteps      | 1468416      |
| train/                  |              |
|    approx_kl            | 0.0061739977 |
|    clip_fraction        | 0.0398       |
|    clip_range           | 0.2          |
|    entropy_loss         | -1.44        |
|    explained_variance   | 0.497        |
|    learning_rate        | 0.0003       |
|    loss                 | 0.0391       |
|    n_updates            | 1428         |
|    policy_gradient_loss | -0.0067      |
|    value_loss           | 0.135        |
------------------------------------------
-----------------------------------------
| battle/                 |             |
|    draw_rate            | 0           |
|    loss_rate            | 0.568       |
|    win_rate             | 0.432       |
| time/                   |             |
|    fps                  | 3736        |
|    iterations           | 240         |
|    time_elapsed         | 394         |
|    total_timesteps      | 1474560     |
| train/                  |             |
|    approx_kl            | 0.011830463 |
|    clip_fraction        | 0.0765      |
|    clip_range           | 0.2         |
|    entropy_loss         | -1.35       |
|    explained_variance   | 0.457       |
|    learning_rate        | 0.0003      |
|    loss                 | 0.0409      |
|    n_updates            | 1434        |
|    policy_gradient_loss | -0.00734    |
|    value_loss           | 0.145       |
-----------------------------------------
-----------------------------------------
| battle/                 |             |
|    draw_rate            | 0           |
|    loss_rate            | 0.547       |
|    win_rate             | 0.453       |
| time/                   |             |
|    fps                  | 3736        |
|    iterations           | 241         |
|    time_elapsed         | 396         |
|    total_timesteps      | 1480704     |
| train/                  |             |
|    approx_kl            | 0.008396135 |
|    clip_fraction        | 0.0677      |
|    clip_range           | 0.2         |
|    entropy_loss         | -1.41       |
|    explained_variance   | 0.253       |
|    learning_rate        | 0.0003      |
|    loss                 | 0.0434      |
|    n_updates            | 1440        |
|    policy_gradient_loss | -0.0068     |
|    value_loss           | 0.15        |
-----------------------------------------
------------------------------------------
| battle/                 |              |
|    draw_rate            | 0            |
|    loss_rate            | 0.59         |
|    win_rate             | 0.41         |
| time/                   |              |
|    fps                  | 3734         |
|    iterations           | 242          |
|    time_elapsed         | 398          |
|    total_timesteps      | 1486848      |
| train/                  |              |
|    approx_kl            | 0.0076577812 |
|    clip_fraction        | 0.0657       |
|    clip_range           | 0.2          |
|    entropy_loss         | -1.4         |
|    explained_variance   | 0.31         |
|    learning_rate        | 0.0003       |
|    loss                 | 0.0478       |
|    n_updates            | 1446         |
|    policy_gradient_loss | -0.00771     |
|    value_loss           | 0.158        |
------------------------------------------
------------------------------------------
| battle/                 |              |
|    draw_rate            | 0            |
|    loss_rate            | 0.598        |
|    win_rate             | 0.403        |
| time/                   |              |
|    fps                  | 3735         |
|    iterations           | 243          |
|    time_elapsed         | 399          |
|    total_timesteps      | 1492992      |
| train/                  |              |
|    approx_kl            | 0.0061693154 |
|    clip_fraction        | 0.0656       |
|    clip_range           | 0.2          |
|    entropy_loss         | -1.39        |
|    explained_variance   | 0.441        |
|    learning_rate        | 0.0003       |
|    loss                 | 0.0367       |
|    n_updates            | 1452         |
|    policy_gradient_loss | -0.00722     |
|    value_loss           | 0.138        |
------------------------------------------
------------------------------------------
| battle/                 |              |
|    draw_rate            | 0            |
|    loss_rate            | 0.613        |
|    win_rate             | 0.388        |
| time/                   |              |
|    fps                  | 3734         |
|    iterations           | 244          |
|    time_elapsed         | 401          |
|    total_timesteps      | 1499136      |
| train/                  |              |
|    approx_kl            | 0.0065620854 |
|    clip_fraction        | 0.0372       |
|    clip_range           | 0.2          |
|    entropy_loss         | -1.43        |
|    explained_variance   | 0.427        |
|    learning_rate        | 0.0003       |
|    loss                 | 0.0294       |
|    n_updates            | 1458         |
|    policy_gradient_loss | -0.00614     |
|    value_loss           | 0.123        |
------------------------------------------

[eval @ 1,505,280 steps] 确定性评估胜率: 33.0%
  ✓ 新最优, 已保存 /Users/cichlidfish/tank_trouble/training/models/best_model.zip
-----------------------------------------
| battle/                 |             |
|    draw_rate            | 0           |
|    eval_win_rate        | 0.33        |
|    loss_rate            | 0.632       |
|    win_rate             | 0.367       |
| time/                   |             |
|    fps                  | 3700        |
|    iterations           | 245         |
|    time_elapsed         | 406         |
|    total_timesteps      | 1505280     |
| train/                  |             |
|    approx_kl            | 0.008595205 |
|    clip_fraction        | 0.058       |
|    clip_range           | 0.2         |
|    entropy_loss         | -1.45       |
|    explained_variance   | 0.487       |
|    learning_rate        | 0.0003      |
|    loss                 | 0.0388      |
|    n_updates            | 1464        |
|    policy_gradient_loss | -0.00711    |
|    value_loss           | 0.128       |
-----------------------------------------
-----------------------------------------
| battle/                 |             |
|    draw_rate            | 0           |
|    loss_rate            | 0.642       |
|    win_rate             | 0.357       |
| time/                   |             |
|    fps                  | 3701        |
|    iterations           | 246         |
|    time_elapsed         | 408         |
|    total_timesteps      | 1511424     |
| train/                  |             |
|    approx_kl            | 0.008543293 |
|    clip_fraction        | 0.0626      |
|    clip_range           | 0.2         |
|    entropy_loss         | -1.31       |
|    explained_variance   | 0.388       |
|    learning_rate        | 0.0003      |
|    loss                 | 0.0318      |
|    n_updates            | 1470        |
|    policy_gradient_loss | -0.00728    |
|    value_loss           | 0.13        |
-----------------------------------------
-----------------------------------------
| battle/                 |             |
|    draw_rate            | 0           |
|    loss_rate            | 0.632       |
|    win_rate             | 0.367       |
| time/                   |             |
|    fps                  | 3700        |
|    iterations           | 247         |
|    time_elapsed         | 410         |
|    total_timesteps      | 1517568     |
| train/                  |             |
|    approx_kl            | 0.008039535 |
|    clip_fraction        | 0.0638      |
|    clip_range           | 0.2         |
|    entropy_loss         | -1.41       |
|    explained_variance   | 0.393       |
|    learning_rate        | 0.0003      |
|    loss                 | 0.02        |
|    n_updates            | 1476        |
|    policy_gradient_loss | -0.00671    |
|    value_loss           | 0.11        |
-----------------------------------------
------------------------------------------
| battle/                 |              |
|    draw_rate            | 0            |
|    loss_rate            | 0.608        |
|    win_rate             | 0.393        |
| time/                   |              |
|    fps                  | 3698         |
|    iterations           | 248          |
|    time_elapsed         | 411          |
|    total_timesteps      | 1523712      |
| train/                  |              |
|    approx_kl            | 0.0073300637 |
|    clip_fraction        | 0.055        |
|    clip_range           | 0.2          |
|    entropy_loss         | -1.41        |
|    explained_variance   | 0.273        |
|    learning_rate        | 0.0003       |
|    loss                 | 0.0416       |
|    n_updates            | 1482         |
|    policy_gradient_loss | -0.00817     |
|    value_loss           | 0.148        |
------------------------------------------
-----------------------------------------
| battle/                 |             |
|    draw_rate            | 0           |
|    loss_rate            | 0.618       |
|    win_rate             | 0.383       |
| time/                   |             |
|    fps                  | 3699        |
|    iterations           | 249         |
|    time_elapsed         | 413         |
|    total_timesteps      | 1529856     |
| train/                  |             |
|    approx_kl            | 0.008692539 |
|    clip_fraction        | 0.0599      |
|    clip_range           | 0.2         |
|    entropy_loss         | -1.38       |
|    explained_variance   | 0.434       |
|    learning_rate        | 0.0003      |
|    loss                 | 0.0504      |
|    n_updates            | 1488        |
|    policy_gradient_loss | -0.00687    |
|    value_loss           | 0.154       |
-----------------------------------------
------------------------------------------
| battle/                 |              |
|    draw_rate            | 0            |
|    loss_rate            | 0.63         |
|    win_rate             | 0.37         |
| time/                   |              |
|    fps                  | 3696         |
|    iterations           | 250          |
|    time_elapsed         | 415          |
|    total_timesteps      | 1536000      |
| train/                  |              |
|    approx_kl            | 0.0057714866 |
|    clip_fraction        | 0.053        |
|    clip_range           | 0.2          |
|    entropy_loss         | -1.41        |
|    explained_variance   | 0.297        |
|    learning_rate        | 0.0003       |
|    loss                 | 0.0248       |
|    n_updates            | 1494         |
|    policy_gradient_loss | -0.00796     |
|    value_loss           | 0.118        |
------------------------------------------
----------------------------------------
| battle/                 |            |
|    draw_rate            | 0          |
|    loss_rate            | 0.598      |
|    win_rate             | 0.403      |
| time/                   |            |
|    fps                  | 3695       |
|    iterations           | 251        |
|    time_elapsed         | 417        |
|    total_timesteps      | 1542144    |
| train/                  |            |
|    approx_kl            | 0.00455418 |
|    clip_fraction        | 0.0262     |
|    clip_range           | 0.2        |
|    entropy_loss         | -1.4       |
|    explained_variance   | 0.458      |
|    learning_rate        | 0.0003     |
|    loss                 | 0.0184     |
|    n_updates            | 1500       |
|    policy_gradient_loss | -0.00647   |
|    value_loss           | 0.097      |
----------------------------------------
------------------------------------------
| battle/                 |              |
|    draw_rate            | 0            |
|    loss_rate            | 0.59         |
|    win_rate             | 0.41         |
| time/                   |              |
|    fps                  | 3690         |
|    iterations           | 252          |
|    time_elapsed         | 419          |
|    total_timesteps      | 1548288      |
| train/                  |              |
|    approx_kl            | 0.0062993816 |
|    clip_fraction        | 0.0639       |
|    clip_range           | 0.2          |
|    entropy_loss         | -1.41        |
|    explained_variance   | 0.368        |
|    learning_rate        | 0.0003       |
|    loss                 | 0.0451       |
|    n_updates            | 1506         |
|    policy_gradient_loss | -0.00765     |
|    value_loss           | 0.166        |
------------------------------------------
------------------------------------------
| battle/                 |              |
|    draw_rate            | 0            |
|    loss_rate            | 0.593        |
|    win_rate             | 0.407        |
| time/                   |              |
|    fps                  | 3683         |
|    iterations           | 253          |
|    time_elapsed         | 422          |
|    total_timesteps      | 1554432      |
| train/                  |              |
|    approx_kl            | 0.0075333305 |
|    clip_fraction        | 0.0532       |
|    clip_range           | 0.2          |
|    entropy_loss         | -1.4         |
|    explained_variance   | 0.328        |
|    learning_rate        | 0.0003       |
|    loss                 | 0.0354       |
|    n_updates            | 1512         |
|    policy_gradient_loss | -0.00784     |
|    value_loss           | 0.14         |
------------------------------------------
------------------------------------------
| battle/                 |              |
|    draw_rate            | 0            |
|    loss_rate            | 0.593        |
|    win_rate             | 0.407        |
| time/                   |              |
|    fps                  | 3675         |
|    iterations           | 254          |
|    time_elapsed         | 424          |
|    total_timesteps      | 1560576      |
| train/                  |              |
|    approx_kl            | 0.0059116283 |
|    clip_fraction        | 0.0559       |
|    clip_range           | 0.2          |
|    entropy_loss         | -1.41        |
|    explained_variance   | 0.439        |
|    learning_rate        | 0.0003       |
|    loss                 | 0.0386       |
|    n_updates            | 1518         |
|    policy_gradient_loss | -0.00604     |
|    value_loss           | 0.144        |
------------------------------------------
------------------------------------------
| battle/                 |              |
|    draw_rate            | 0            |
|    loss_rate            | 0.595        |
|    win_rate             | 0.405        |
| time/                   |              |
|    fps                  | 3669         |
|    iterations           | 255          |
|    time_elapsed         | 426          |
|    total_timesteps      | 1566720      |
| train/                  |              |
|    approx_kl            | 0.0066737663 |
|    clip_fraction        | 0.0491       |
|    clip_range           | 0.2          |
|    entropy_loss         | -1.46        |
|    explained_variance   | 0.49         |
|    learning_rate        | 0.0003       |
|    loss                 | 0.0322       |
|    n_updates            | 1524         |
|    policy_gradient_loss | -0.00681     |
|    value_loss           | 0.119        |
------------------------------------------
-----------------------------------------
| battle/                 |             |
|    draw_rate            | 0           |
|    loss_rate            | 0.608       |
|    win_rate             | 0.393       |
| time/                   |             |
|    fps                  | 3662        |
|    iterations           | 256         |
|    time_elapsed         | 429         |
|    total_timesteps      | 1572864     |
| train/                  |             |
|    approx_kl            | 0.006833861 |
|    clip_fraction        | 0.0426      |
|    clip_range           | 0.2         |
|    entropy_loss         | -1.37       |
|    explained_variance   | 0.472       |
|    learning_rate        | 0.0003      |
|    loss                 | 0.0415      |
|    n_updates            | 1530        |
|    policy_gradient_loss | -0.00593    |
|    value_loss           | 0.145       |
-----------------------------------------
-----------------------------------------
| battle/                 |             |
|    draw_rate            | 0           |
|    loss_rate            | 0.652       |
|    win_rate             | 0.347       |
| time/                   |             |
|    fps                  | 3654        |
|    iterations           | 257         |
|    time_elapsed         | 432         |
|    total_timesteps      | 1579008     |
| train/                  |             |
|    approx_kl            | 0.007448614 |
|    clip_fraction        | 0.0485      |
|    clip_range           | 0.2         |
|    entropy_loss         | -1.45       |
|    explained_variance   | 0.545       |
|    learning_rate        | 0.0003      |
|    loss                 | 0.0234      |
|    n_updates            | 1536        |
|    policy_gradient_loss | -0.00621    |
|    value_loss           | 0.0997      |
-----------------------------------------
------------------------------------------
| battle/                 |              |
|    draw_rate            | 0            |
|    loss_rate            | 0.657        |
|    win_rate             | 0.343        |
| time/                   |              |
|    fps                  | 3644         |
|    iterations           | 258          |
|    time_elapsed         | 434          |
|    total_timesteps      | 1585152      |
| train/                  |              |
|    approx_kl            | 0.0064956583 |
|    clip_fraction        | 0.0455       |
|    clip_range           | 0.2          |
|    entropy_loss         | -1.4         |
|    explained_variance   | 0.447        |
|    learning_rate        | 0.0003       |
|    loss                 | 0.0209       |
|    n_updates            | 1542         |
|    policy_gradient_loss | -0.00747     |
|    value_loss           | 0.102        |
------------------------------------------
-----------------------------------------
| battle/                 |             |
|    draw_rate            | 0           |
|    loss_rate            | 0.67        |
|    win_rate             | 0.33        |
| time/                   |             |
|    fps                  | 3638        |
|    iterations           | 259         |
|    time_elapsed         | 437         |
|    total_timesteps      | 1591296     |
| train/                  |             |
|    approx_kl            | 0.004922895 |
|    clip_fraction        | 0.0479      |
|    clip_range           | 0.2         |
|    entropy_loss         | -1.39       |
|    explained_variance   | 0.433       |
|    learning_rate        | 0.0003      |
|    loss                 | 0.0394      |
|    n_updates            | 1548        |
|    policy_gradient_loss | -0.00621    |
|    value_loss           | 0.13        |
-----------------------------------------
-----------------------------------------
| battle/                 |             |
|    draw_rate            | 0           |
|    loss_rate            | 0.698       |
|    win_rate             | 0.302       |
| time/                   |             |
|    fps                  | 3634        |
|    iterations           | 260         |
|    time_elapsed         | 439         |
|    total_timesteps      | 1597440     |
| train/                  |             |
|    approx_kl            | 0.008960563 |
|    clip_fraction        | 0.0552      |
|    clip_range           | 0.2         |
|    entropy_loss         | -1.31       |
|    explained_variance   | 0.311       |
|    learning_rate        | 0.0003      |
|    loss                 | 0.0372      |
|    n_updates            | 1554        |
|    policy_gradient_loss | -0.00752    |
|    value_loss           | 0.154       |
-----------------------------------------
-----------------------------------------
| battle/                 |             |
|    draw_rate            | 0           |
|    loss_rate            | 0.667       |
|    win_rate             | 0.333       |
| time/                   |             |
|    fps                  | 3629        |
|    iterations           | 261         |
|    time_elapsed         | 441         |
|    total_timesteps      | 1603584     |
| train/                  |             |
|    approx_kl            | 0.007817906 |
|    clip_fraction        | 0.0723      |
|    clip_range           | 0.2         |
|    entropy_loss         | -1.41       |
|    explained_variance   | 0.516       |
|    learning_rate        | 0.0003      |
|    loss                 | 0.0222      |
|    n_updates            | 1560        |
|    policy_gradient_loss | -0.00672    |
|    value_loss           | 0.104       |
-----------------------------------------
-----------------------------------------
| battle/                 |             |
|    draw_rate            | 0           |
|    loss_rate            | 0.647       |
|    win_rate             | 0.352       |
| time/                   |             |
|    fps                  | 3624        |
|    iterations           | 262         |
|    time_elapsed         | 444         |
|    total_timesteps      | 1609728     |
| train/                  |             |
|    approx_kl            | 0.008043945 |
|    clip_fraction        | 0.0563      |
|    clip_range           | 0.2         |
|    entropy_loss         | -1.38       |
|    explained_variance   | 0.354       |
|    learning_rate        | 0.0003      |
|    loss                 | 0.0327      |
|    n_updates            | 1566        |
|    policy_gradient_loss | -0.00695    |
|    value_loss           | 0.131       |
-----------------------------------------
------------------------------------------
| battle/                 |              |
|    draw_rate            | 0            |
|    loss_rate            | 0.615        |
|    win_rate             | 0.385        |
| time/                   |              |
|    fps                  | 3619         |
|    iterations           | 263          |
|    time_elapsed         | 446          |
|    total_timesteps      | 1615872      |
| train/                  |              |
|    approx_kl            | 0.0059022643 |
|    clip_fraction        | 0.0468       |
|    clip_range           | 0.2          |
|    entropy_loss         | -1.37        |
|    explained_variance   | 0.459        |
|    learning_rate        | 0.0003       |
|    loss                 | 0.0339       |
|    n_updates            | 1572         |
|    policy_gradient_loss | -0.00595     |
|    value_loss           | 0.124        |
------------------------------------------
------------------------------------------
| battle/                 |              |
|    draw_rate            | 0            |
|    loss_rate            | 0.627        |
|    win_rate             | 0.372        |
| time/                   |              |
|    fps                  | 3615         |
|    iterations           | 264          |
|    time_elapsed         | 448          |
|    total_timesteps      | 1622016      |
| train/                  |              |
|    approx_kl            | 0.0064870645 |
|    clip_fraction        | 0.0386       |
|    clip_range           | 0.2          |
|    entropy_loss         | -1.37        |
|    explained_variance   | 0.428        |
|    learning_rate        | 0.0003       |
|    loss                 | 0.0408       |
|    n_updates            | 1578         |
|    policy_gradient_loss | -0.00711     |
|    value_loss           | 0.14         |
------------------------------------------
-----------------------------------------
| battle/                 |             |
|    draw_rate            | 0           |
|    loss_rate            | 0.613       |
|    win_rate             | 0.388       |
| time/                   |             |
|    fps                  | 3611        |
|    iterations           | 265         |
|    time_elapsed         | 450         |
|    total_timesteps      | 1628160     |
| train/                  |             |
|    approx_kl            | 0.009118467 |
|    clip_fraction        | 0.0606      |
|    clip_range           | 0.2         |
|    entropy_loss         | -1.31       |
|    explained_variance   | 0.42        |
|    learning_rate        | 0.0003      |
|    loss                 | 0.0354      |
|    n_updates            | 1584        |
|    policy_gradient_loss | -0.00843    |
|    value_loss           | 0.138       |
-----------------------------------------
-----------------------------------------
| battle/                 |             |
|    draw_rate            | 0           |
|    loss_rate            | 0.61        |
|    win_rate             | 0.39        |
| time/                   |             |
|    fps                  | 3603        |
|    iterations           | 266         |
|    time_elapsed         | 453         |
|    total_timesteps      | 1634304     |
| train/                  |             |
|    approx_kl            | 0.011518854 |
|    clip_fraction        | 0.0958      |
|    clip_range           | 0.2         |
|    entropy_loss         | -1.37       |
|    explained_variance   | 0.404       |
|    learning_rate        | 0.0003      |
|    loss                 | 0.041       |
|    n_updates            | 1590        |
|    policy_gradient_loss | -0.00796    |
|    value_loss           | 0.143       |
-----------------------------------------
-----------------------------------------
| battle/                 |             |
|    draw_rate            | 0           |
|    loss_rate            | 0.608       |
|    win_rate             | 0.393       |
| time/                   |             |
|    fps                  | 3599        |
|    iterations           | 267         |
|    time_elapsed         | 455         |
|    total_timesteps      | 1640448     |
| train/                  |             |
|    approx_kl            | 0.007882857 |
|    clip_fraction        | 0.0588      |
|    clip_range           | 0.2         |
|    entropy_loss         | -1.29       |
|    explained_variance   | 0.471       |
|    learning_rate        | 0.0003      |
|    loss                 | 0.039       |
|    n_updates            | 1596        |
|    policy_gradient_loss | -0.00708    |
|    value_loss           | 0.152       |
-----------------------------------------
------------------------------------------
| battle/                 |              |
|    draw_rate            | 0            |
|    loss_rate            | 0.62         |
|    win_rate             | 0.38         |
| time/                   |              |
|    fps                  | 3595         |
|    iterations           | 268          |
|    time_elapsed         | 457          |
|    total_timesteps      | 1646592      |
| train/                  |              |
|    approx_kl            | 0.0072880406 |
|    clip_fraction        | 0.0529       |
|    clip_range           | 0.2          |
|    entropy_loss         | -1.36        |
|    explained_variance   | 0.446        |
|    learning_rate        | 0.0003       |
|    loss                 | 0.0351       |
|    n_updates            | 1602         |
|    policy_gradient_loss | -0.00696     |
|    value_loss           | 0.139        |
------------------------------------------
------------------------------------------
| battle/                 |              |
|    draw_rate            | 0            |
|    loss_rate            | 0.598        |
|    win_rate             | 0.403        |
| time/                   |              |
|    fps                  | 3590         |
|    iterations           | 269          |
|    time_elapsed         | 460          |
|    total_timesteps      | 1652736      |
| train/                  |              |
|    approx_kl            | 0.0068870834 |
|    clip_fraction        | 0.0573       |
|    clip_range           | 0.2          |
|    entropy_loss         | -1.31        |
|    explained_variance   | 0.534        |
|    learning_rate        | 0.0003       |
|    loss                 | 0.0258       |
|    n_updates            | 1608         |
|    policy_gradient_loss | -0.00764     |
|    value_loss           | 0.116        |
------------------------------------------
-----------------------------------------
| battle/                 |             |
|    draw_rate            | 0           |
|    loss_rate            | 0.595       |
|    win_rate             | 0.405       |
| time/                   |             |
|    fps                  | 3586        |
|    iterations           | 270         |
|    time_elapsed         | 462         |
|    total_timesteps      | 1658880     |
| train/                  |             |
|    approx_kl            | 0.009520133 |
|    clip_fraction        | 0.0654      |
|    clip_range           | 0.2         |
|    entropy_loss         | -1.37       |
|    explained_variance   | 0.345       |
|    learning_rate        | 0.0003      |
|    loss                 | 0.0574      |
|    n_updates            | 1614        |
|    policy_gradient_loss | -0.00656    |
|    value_loss           | 0.173       |
-----------------------------------------
-----------------------------------------
| battle/                 |             |
|    draw_rate            | 0           |
|    loss_rate            | 0.603       |
|    win_rate             | 0.398       |
| time/                   |             |
|    fps                  | 3582        |
|    iterations           | 271         |
|    time_elapsed         | 464         |
|    total_timesteps      | 1665024     |
| train/                  |             |
|    approx_kl            | 0.008550413 |
|    clip_fraction        | 0.0667      |
|    clip_range           | 0.2         |
|    entropy_loss         | -1.32       |
|    explained_variance   | 0.421       |
|    learning_rate        | 0.0003      |
|    loss                 | 0.0336      |
|    n_updates            | 1620        |
|    policy_gradient_loss | -0.00759    |
|    value_loss           | 0.131       |
-----------------------------------------
-----------------------------------------
| battle/                 |             |
|    draw_rate            | 0           |
|    loss_rate            | 0.6         |
|    win_rate             | 0.4         |
| time/                   |             |
|    fps                  | 3578        |
|    iterations           | 272         |
|    time_elapsed         | 466         |
|    total_timesteps      | 1671168     |
| train/                  |             |
|    approx_kl            | 0.006658491 |
|    clip_fraction        | 0.0495      |
|    clip_range           | 0.2         |
|    entropy_loss         | -1.35       |
|    explained_variance   | 0.525       |
|    learning_rate        | 0.0003      |
|    loss                 | 0.0212      |
|    n_updates            | 1626        |
|    policy_gradient_loss | -0.00656    |
|    value_loss           | 0.106       |
-----------------------------------------
-----------------------------------------
| battle/                 |             |
|    draw_rate            | 0           |
|    loss_rate            | 0.6         |
|    win_rate             | 0.4         |
| time/                   |             |
|    fps                  | 3573        |
|    iterations           | 273         |
|    time_elapsed         | 469         |
|    total_timesteps      | 1677312     |
| train/                  |             |
|    approx_kl            | 0.007940753 |
|    clip_fraction        | 0.0611      |
|    clip_range           | 0.2         |
|    entropy_loss         | -1.32       |
|    explained_variance   | 0.52        |
|    learning_rate        | 0.0003      |
|    loss                 | 0.0393      |
|    n_updates            | 1632        |
|    policy_gradient_loss | -0.00683    |
|    value_loss           | 0.144       |
-----------------------------------------
------------------------------------------
| battle/                 |              |
|    draw_rate            | 0            |
|    loss_rate            | 0.593        |
|    win_rate             | 0.407        |
| time/                   |              |
|    fps                  | 3570         |
|    iterations           | 274          |
|    time_elapsed         | 471          |
|    total_timesteps      | 1683456      |
| train/                  |              |
|    approx_kl            | 0.0072595687 |
|    clip_fraction        | 0.0578       |
|    clip_range           | 0.2          |
|    entropy_loss         | -1.34        |
|    explained_variance   | 0.506        |
|    learning_rate        | 0.0003       |
|    loss                 | 0.0361       |
|    n_updates            | 1638         |
|    policy_gradient_loss | -0.00848     |
|    value_loss           | 0.129        |
------------------------------------------
-----------------------------------------
| battle/                 |             |
|    draw_rate            | 0           |
|    loss_rate            | 0.59        |
|    win_rate             | 0.41        |
| time/                   |             |
|    fps                  | 3566        |
|    iterations           | 275         |
|    time_elapsed         | 473         |
|    total_timesteps      | 1689600     |
| train/                  |             |
|    approx_kl            | 0.009326653 |
|    clip_fraction        | 0.066       |
|    clip_range           | 0.2         |
|    entropy_loss         | -1.35       |
|    explained_variance   | 0.459       |
|    learning_rate        | 0.0003      |
|    loss                 | 0.0317      |
|    n_updates            | 1644        |
|    policy_gradient_loss | -0.00743    |
|    value_loss           | 0.133       |
-----------------------------------------
------------------------------------------
| battle/                 |              |
|    draw_rate            | 0            |
|    loss_rate            | 0.603        |
|    win_rate             | 0.398        |
| time/                   |              |
|    fps                  | 3563         |
|    iterations           | 276          |
|    time_elapsed         | 475          |
|    total_timesteps      | 1695744      |
| train/                  |              |
|    approx_kl            | 0.0064505152 |
|    clip_fraction        | 0.049        |
|    clip_range           | 0.2          |
|    entropy_loss         | -1.29        |
|    explained_variance   | 0.48         |
|    learning_rate        | 0.0003       |
|    loss                 | 0.0359       |
|    n_updates            | 1650         |
|    policy_gradient_loss | -0.00702     |
|    value_loss           | 0.133        |
------------------------------------------
------------------------------------------
| battle/                 |              |
|    draw_rate            | 0            |
|    loss_rate            | 0.583        |
|    win_rate             | 0.417        |
| time/                   |              |
|    fps                  | 3558         |
|    iterations           | 277          |
|    time_elapsed         | 478          |
|    total_timesteps      | 1701888      |
| train/                  |              |
|    approx_kl            | 0.0070840106 |
|    clip_fraction        | 0.0599       |
|    clip_range           | 0.2          |
|    entropy_loss         | -1.34        |
|    explained_variance   | 0.413        |
|    learning_rate        | 0.0003       |
|    loss                 | 0.0376       |
|    n_updates            | 1656         |
|    policy_gradient_loss | -0.0082      |
|    value_loss           | 0.144        |
------------------------------------------
------------------------------------------
| battle/                 |              |
|    draw_rate            | 0            |
|    loss_rate            | 0.565        |
|    win_rate             | 0.435        |
| time/                   |              |
|    fps                  | 3554         |
|    iterations           | 278          |
|    time_elapsed         | 480          |
|    total_timesteps      | 1708032      |
| train/                  |              |
|    approx_kl            | 0.0067930464 |
|    clip_fraction        | 0.0448       |
|    clip_range           | 0.2          |
|    entropy_loss         | -1.28        |
|    explained_variance   | 0.492        |
|    learning_rate        | 0.0003       |
|    loss                 | 0.0402       |
|    n_updates            | 1662         |
|    policy_gradient_loss | -0.00638     |
|    value_loss           | 0.152        |
------------------------------------------
-----------------------------------------
| battle/                 |             |
|    draw_rate            | 0           |
|    loss_rate            | 0.575       |
|    win_rate             | 0.425       |
| time/                   |             |
|    fps                  | 3550        |
|    iterations           | 279         |
|    time_elapsed         | 482         |
|    total_timesteps      | 1714176     |
| train/                  |             |
|    approx_kl            | 0.005400408 |
|    clip_fraction        | 0.0394      |
|    clip_range           | 0.2         |
|    entropy_loss         | -1.33       |
|    explained_variance   | 0.454       |
|    learning_rate        | 0.0003      |
|    loss                 | 0.0551      |
|    n_updates            | 1668        |
|    policy_gradient_loss | -0.0062     |
|    value_loss           | 0.165       |
-----------------------------------------
------------------------------------------
| battle/                 |              |
|    draw_rate            | 0            |
|    loss_rate            | 0.575        |
|    win_rate             | 0.425        |
| time/                   |              |
|    fps                  | 3545         |
|    iterations           | 280          |
|    time_elapsed         | 485          |
|    total_timesteps      | 1720320      |
| train/                  |              |
|    approx_kl            | 0.0061447024 |
|    clip_fraction        | 0.0446       |
|    clip_range           | 0.2          |
|    entropy_loss         | -1.3         |
|    explained_variance   | 0.346        |
|    learning_rate        | 0.0003       |
|    loss                 | 0.0413       |
|    n_updates            | 1674         |
|    policy_gradient_loss | -0.00628     |
|    value_loss           | 0.141        |
------------------------------------------
-----------------------------------------
| battle/                 |             |
|    draw_rate            | 0           |
|    loss_rate            | 0.578       |
|    win_rate             | 0.422       |
| time/                   |             |
|    fps                  | 3544        |
|    iterations           | 281         |
|    time_elapsed         | 487         |
|    total_timesteps      | 1726464     |
| train/                  |             |
|    approx_kl            | 0.007248986 |
|    clip_fraction        | 0.0686      |
|    clip_range           | 0.2         |
|    entropy_loss         | -1.33       |
|    explained_variance   | 0.464       |
|    learning_rate        | 0.0003      |
|    loss                 | 0.0263      |
|    n_updates            | 1680        |
|    policy_gradient_loss | -0.00806    |
|    value_loss           | 0.122       |
-----------------------------------------
------------------------------------------
| battle/                 |              |
|    draw_rate            | 0            |
|    loss_rate            | 0.585        |
|    win_rate             | 0.415        |
| time/                   |              |
|    fps                  | 3544         |
|    iterations           | 282          |
|    time_elapsed         | 488          |
|    total_timesteps      | 1732608      |
| train/                  |              |
|    approx_kl            | 0.0070630214 |
|    clip_fraction        | 0.0547       |
|    clip_range           | 0.2          |
|    entropy_loss         | -1.35        |
|    explained_variance   | 0.414        |
|    learning_rate        | 0.0003       |
|    loss                 | 0.0527       |
|    n_updates            | 1686         |
|    policy_gradient_loss | -0.00693     |
|    value_loss           | 0.164        |
------------------------------------------
------------------------------------------
| battle/                 |              |
|    draw_rate            | 0            |
|    loss_rate            | 0.583        |
|    win_rate             | 0.417        |
| time/                   |              |
|    fps                  | 3543         |
|    iterations           | 283          |
|    time_elapsed         | 490          |
|    total_timesteps      | 1738752      |
| train/                  |              |
|    approx_kl            | 0.0071146563 |
|    clip_fraction        | 0.0606       |
|    clip_range           | 0.2          |
|    entropy_loss         | -1.36        |
|    explained_variance   | 0.457        |
|    learning_rate        | 0.0003       |
|    loss                 | 0.042        |
|    n_updates            | 1692         |
|    policy_gradient_loss | -0.00641     |
|    value_loss           | 0.144        |
------------------------------------------
------------------------------------------
| battle/                 |              |
|    draw_rate            | 0            |
|    loss_rate            | 0.605        |
|    win_rate             | 0.395        |
| time/                   |              |
|    fps                  | 3543         |
|    iterations           | 284          |
|    time_elapsed         | 492          |
|    total_timesteps      | 1744896      |
| train/                  |              |
|    approx_kl            | 0.0078014904 |
|    clip_fraction        | 0.0528       |
|    clip_range           | 0.2          |
|    entropy_loss         | -1.3         |
|    explained_variance   | 0.426        |
|    learning_rate        | 0.0003       |
|    loss                 | 0.0331       |
|    n_updates            | 1698         |
|    policy_gradient_loss | -0.00689     |
|    value_loss           | 0.133        |
------------------------------------------
-----------------------------------------
| battle/                 |             |
|    draw_rate            | 0           |
|    loss_rate            | 0.615       |
|    win_rate             | 0.385       |
| time/                   |             |
|    fps                  | 3543        |
|    iterations           | 285         |
|    time_elapsed         | 494         |
|    total_timesteps      | 1751040     |
| train/                  |             |
|    approx_kl            | 0.008427487 |
|    clip_fraction        | 0.0927      |
|    clip_range           | 0.2         |
|    entropy_loss         | -1.28       |
|    explained_variance   | 0.349       |
|    learning_rate        | 0.0003      |
|    loss                 | 0.0246      |
|    n_updates            | 1704        |
|    policy_gradient_loss | -0.00905    |
|    value_loss           | 0.122       |
-----------------------------------------
-----------------------------------------
| battle/                 |             |
|    draw_rate            | 0           |
|    loss_rate            | 0.623       |
|    win_rate             | 0.378       |
| time/                   |             |
|    fps                  | 3542        |
|    iterations           | 286         |
|    time_elapsed         | 496         |
|    total_timesteps      | 1757184     |
| train/                  |             |
|    approx_kl            | 0.006838843 |
|    clip_fraction        | 0.0458      |
|    clip_range           | 0.2         |
|    entropy_loss         | -1.36       |
|    explained_variance   | 0.403       |
|    learning_rate        | 0.0003      |
|    loss                 | 0.0358      |
|    n_updates            | 1710        |
|    policy_gradient_loss | -0.00714    |
|    value_loss           | 0.124       |
-----------------------------------------
-----------------------------------------
| battle/                 |             |
|    draw_rate            | 0           |
|    loss_rate            | 0.625       |
|    win_rate             | 0.375       |
| time/                   |             |
|    fps                  | 3542        |
|    iterations           | 287         |
|    time_elapsed         | 497         |
|    total_timesteps      | 1763328     |
| train/                  |             |
|    approx_kl            | 0.006165378 |
|    clip_fraction        | 0.0564      |
|    clip_range           | 0.2         |
|    entropy_loss         | -1.29       |
|    explained_variance   | 0.444       |
|    learning_rate        | 0.0003      |
|    loss                 | 0.0329      |
|    n_updates            | 1716        |
|    policy_gradient_loss | -0.00734    |
|    value_loss           | 0.128       |
-----------------------------------------
-----------------------------------------
| battle/                 |             |
|    draw_rate            | 0           |
|    loss_rate            | 0.67        |
|    win_rate             | 0.33        |
| time/                   |             |
|    fps                  | 3541        |
|    iterations           | 288         |
|    time_elapsed         | 499         |
|    total_timesteps      | 1769472     |
| train/                  |             |
|    approx_kl            | 0.008335344 |
|    clip_fraction        | 0.0525      |
|    clip_range           | 0.2         |
|    entropy_loss         | -1.35       |
|    explained_variance   | 0.47        |
|    learning_rate        | 0.0003      |
|    loss                 | 0.0254      |
|    n_updates            | 1722        |
|    policy_gradient_loss | -0.00794    |
|    value_loss           | 0.115       |
-----------------------------------------
----------------------------------------
| battle/                 |            |
|    draw_rate            | 0          |
|    loss_rate            | 0.635      |
|    win_rate             | 0.365      |
| time/                   |            |
|    fps                  | 3540       |
|    iterations           | 289        |
|    time_elapsed         | 501        |
|    total_timesteps      | 1775616    |
| train/                  |            |
|    approx_kl            | 0.00792019 |
|    clip_fraction        | 0.064      |
|    clip_range           | 0.2        |
|    entropy_loss         | -1.31      |
|    explained_variance   | 0.433      |
|    learning_rate        | 0.0003     |
|    loss                 | 0.0219     |
|    n_updates            | 1728       |
|    policy_gradient_loss | -0.00702   |
|    value_loss           | 0.0969     |
----------------------------------------
------------------------------------------
| battle/                 |              |
|    draw_rate            | 0            |
|    loss_rate            | 0.637        |
|    win_rate             | 0.362        |
| time/                   |              |
|    fps                  | 3540         |
|    iterations           | 290          |
|    time_elapsed         | 503          |
|    total_timesteps      | 1781760      |
| train/                  |              |
|    approx_kl            | 0.0057748123 |
|    clip_fraction        | 0.0511       |
|    clip_range           | 0.2          |
|    entropy_loss         | -1.3         |
|    explained_variance   | 0.486        |
|    learning_rate        | 0.0003       |
|    loss                 | 0.0461       |
|    n_updates            | 1734         |
|    policy_gradient_loss | -0.00565     |
|    value_loss           | 0.158        |
------------------------------------------
-----------------------------------------
| battle/                 |             |
|    draw_rate            | 0           |
|    loss_rate            | 0.647       |
|    win_rate             | 0.352       |
| time/                   |             |
|    fps                  | 3539        |
|    iterations           | 291         |
|    time_elapsed         | 505         |
|    total_timesteps      | 1787904     |
| train/                  |             |
|    approx_kl            | 0.006144943 |
|    clip_fraction        | 0.0463      |
|    clip_range           | 0.2         |
|    entropy_loss         | -1.34       |
|    explained_variance   | 0.412       |
|    learning_rate        | 0.0003      |
|    loss                 | 0.0331      |
|    n_updates            | 1740        |
|    policy_gradient_loss | -0.00649    |
|    value_loss           | 0.132       |
-----------------------------------------
------------------------------------------
| battle/                 |              |
|    draw_rate            | 0            |
|    loss_rate            | 0.65         |
|    win_rate             | 0.35         |
| time/                   |              |
|    fps                  | 3539         |
|    iterations           | 292          |
|    time_elapsed         | 506          |
|    total_timesteps      | 1794048      |
| train/                  |              |
|    approx_kl            | 0.0071882457 |
|    clip_fraction        | 0.0623       |
|    clip_range           | 0.2          |
|    entropy_loss         | -1.28        |
|    explained_variance   | 0.402        |
|    learning_rate        | 0.0003       |
|    loss                 | 0.0404       |
|    n_updates            | 1746         |
|    policy_gradient_loss | -0.00693     |
|    value_loss           | 0.146        |
------------------------------------------
------------------------------------------
| battle/                 |              |
|    draw_rate            | 0            |
|    loss_rate            | 0.615        |
|    win_rate             | 0.385        |
| time/                   |              |
|    fps                  | 3540         |
|    iterations           | 293          |
|    time_elapsed         | 508          |
|    total_timesteps      | 1800192      |
| train/                  |              |
|    approx_kl            | 0.0058523654 |
|    clip_fraction        | 0.0389       |
|    clip_range           | 0.2          |
|    entropy_loss         | -1.33        |
|    explained_variance   | 0.271        |
|    learning_rate        | 0.0003       |
|    loss                 | 0.0492       |
|    n_updates            | 1752         |
|    policy_gradient_loss | -0.00659     |
|    value_loss           | 0.152        |
------------------------------------------
-----------------------------------------
| battle/                 |             |
|    draw_rate            | 0           |
|    loss_rate            | 0.615       |
|    win_rate             | 0.385       |
| time/                   |             |
|    fps                  | 3540        |
|    iterations           | 294         |
|    time_elapsed         | 510         |
|    total_timesteps      | 1806336     |
| train/                  |             |
|    approx_kl            | 0.005461549 |
|    clip_fraction        | 0.0427      |
|    clip_range           | 0.2         |
|    entropy_loss         | -1.3        |
|    explained_variance   | 0.343       |
|    learning_rate        | 0.0003      |
|    loss                 | 0.0413      |
|    n_updates            | 1758        |
|    policy_gradient_loss | -0.00636    |
|    value_loss           | 0.141       |
-----------------------------------------
-----------------------------------------
| battle/                 |             |
|    draw_rate            | 0           |
|    loss_rate            | 0.623       |
|    win_rate             | 0.378       |
| time/                   |             |
|    fps                  | 3542        |
|    iterations           | 295         |
|    time_elapsed         | 511         |
|    total_timesteps      | 1812480     |
| train/                  |             |
|    approx_kl            | 0.008153037 |
|    clip_fraction        | 0.0486      |
|    clip_range           | 0.2         |
|    entropy_loss         | -1.35       |
|    explained_variance   | 0.547       |
|    learning_rate        | 0.0003      |
|    loss                 | 0.0225      |
|    n_updates            | 1764        |
|    policy_gradient_loss | -0.00743    |
|    value_loss           | 0.111       |
-----------------------------------------
-----------------------------------------
| battle/                 |             |
|    draw_rate            | 0           |
|    loss_rate            | 0.625       |
|    win_rate             | 0.375       |
| time/                   |             |
|    fps                  | 3542        |
|    iterations           | 296         |
|    time_elapsed         | 513         |
|    total_timesteps      | 1818624     |
| train/                  |             |
|    approx_kl            | 0.008624823 |
|    clip_fraction        | 0.0558      |
|    clip_range           | 0.2         |
|    entropy_loss         | -1.36       |
|    explained_variance   | 0.48        |
|    learning_rate        | 0.0003      |
|    loss                 | 0.0329      |
|    n_updates            | 1770        |
|    policy_gradient_loss | -0.00773    |
|    value_loss           | 0.123       |
-----------------------------------------
-----------------------------------------
| battle/                 |             |
|    draw_rate            | 0           |
|    loss_rate            | 0.63        |
|    win_rate             | 0.37        |
| time/                   |             |
|    fps                  | 3543        |
|    iterations           | 297         |
|    time_elapsed         | 514         |
|    total_timesteps      | 1824768     |
| train/                  |             |
|    approx_kl            | 0.006649597 |
|    clip_fraction        | 0.0505      |
|    clip_range           | 0.2         |
|    entropy_loss         | -1.34       |
|    explained_variance   | 0.416       |
|    learning_rate        | 0.0003      |
|    loss                 | 0.0287      |
|    n_updates            | 1776        |
|    policy_gradient_loss | -0.0063     |
|    value_loss           | 0.122       |
-----------------------------------------
-----------------------------------------
| battle/                 |             |
|    draw_rate            | 0           |
|    loss_rate            | 0.608       |
|    win_rate             | 0.393       |
| time/                   |             |
|    fps                  | 3544        |
|    iterations           | 298         |
|    time_elapsed         | 516         |
|    total_timesteps      | 1830912     |
| train/                  |             |
|    approx_kl            | 0.007305082 |
|    clip_fraction        | 0.04        |
|    clip_range           | 0.2         |
|    entropy_loss         | -1.35       |
|    explained_variance   | 0.455       |
|    learning_rate        | 0.0003      |
|    loss                 | 0.0345      |
|    n_updates            | 1782        |
|    policy_gradient_loss | -0.00571    |
|    value_loss           | 0.122       |
-----------------------------------------
-----------------------------------------
| battle/                 |             |
|    draw_rate            | 0           |
|    loss_rate            | 0.62        |
|    win_rate             | 0.38        |
| time/                   |             |
|    fps                  | 3544        |
|    iterations           | 299         |
|    time_elapsed         | 518         |
|    total_timesteps      | 1837056     |
| train/                  |             |
|    approx_kl            | 0.009425694 |
|    clip_fraction        | 0.0538      |
|    clip_range           | 0.2         |
|    entropy_loss         | -1.34       |
|    explained_variance   | 0.453       |
|    learning_rate        | 0.0003      |
|    loss                 | 0.0435      |
|    n_updates            | 1788        |
|    policy_gradient_loss | -0.00707    |
|    value_loss           | 0.146       |
-----------------------------------------
-----------------------------------------
| battle/                 |             |
|    draw_rate            | 0           |
|    loss_rate            | 0.62        |
|    win_rate             | 0.38        |
| time/                   |             |
|    fps                  | 3544        |
|    iterations           | 300         |
|    time_elapsed         | 520         |
|    total_timesteps      | 1843200     |
| train/                  |             |
|    approx_kl            | 0.010983893 |
|    clip_fraction        | 0.0646      |
|    clip_range           | 0.2         |
|    entropy_loss         | -1.37       |
|    explained_variance   | 0.547       |
|    learning_rate        | 0.0003      |
|    loss                 | 0.0301      |
|    n_updates            | 1794        |
|    policy_gradient_loss | -0.00724    |
|    value_loss           | 0.118       |
-----------------------------------------
-----------------------------------------
| battle/                 |             |
|    draw_rate            | 0           |
|    loss_rate            | 0.613       |
|    win_rate             | 0.388       |
| time/                   |             |
|    fps                  | 3544        |
|    iterations           | 301         |
|    time_elapsed         | 521         |
|    total_timesteps      | 1849344     |
| train/                  |             |
|    approx_kl            | 0.007654076 |
|    clip_fraction        | 0.0608      |
|    clip_range           | 0.2         |
|    entropy_loss         | -1.34       |
|    explained_variance   | 0.393       |
|    learning_rate        | 0.0003      |
|    loss                 | 0.0476      |
|    n_updates            | 1800        |
|    policy_gradient_loss | -0.00698    |
|    value_loss           | 0.154       |
-----------------------------------------
-----------------------------------------
| battle/                 |             |
|    draw_rate            | 0           |
|    loss_rate            | 0.625       |
|    win_rate             | 0.375       |
| time/                   |             |
|    fps                  | 3545        |
|    iterations           | 302         |
|    time_elapsed         | 523         |
|    total_timesteps      | 1855488     |
| train/                  |             |
|    approx_kl            | 0.006911007 |
|    clip_fraction        | 0.037       |
|    clip_range           | 0.2         |
|    entropy_loss         | -1.35       |
|    explained_variance   | 0.459       |
|    learning_rate        | 0.0003      |
|    loss                 | 0.0291      |
|    n_updates            | 1806        |
|    policy_gradient_loss | -0.00687    |
|    value_loss           | 0.127       |
-----------------------------------------
-----------------------------------------
| battle/                 |             |
|    draw_rate            | 0           |
|    loss_rate            | 0.618       |
|    win_rate             | 0.383       |
| time/                   |             |
|    fps                  | 3546        |
|    iterations           | 303         |
|    time_elapsed         | 524         |
|    total_timesteps      | 1861632     |
| train/                  |             |
|    approx_kl            | 0.008728287 |
|    clip_fraction        | 0.0863      |
|    clip_range           | 0.2         |
|    entropy_loss         | -1.32       |
|    explained_variance   | 0.485       |
|    learning_rate        | 0.0003      |
|    loss                 | 0.0246      |
|    n_updates            | 1812        |
|    policy_gradient_loss | -0.00838    |
|    value_loss           | 0.109       |
-----------------------------------------
----------------------------------------
| battle/                 |            |
|    draw_rate            | 0          |
|    loss_rate            | 0.613      |
|    win_rate             | 0.388      |
| time/                   |            |
|    fps                  | 3547       |
|    iterations           | 304        |
|    time_elapsed         | 526        |
|    total_timesteps      | 1867776    |
| train/                  |            |
|    approx_kl            | 0.00617466 |
|    clip_fraction        | 0.0426     |
|    clip_range           | 0.2        |
|    entropy_loss         | -1.31      |
|    explained_variance   | 0.515      |
|    learning_rate        | 0.0003     |
|    loss                 | 0.0231     |
|    n_updates            | 1818       |
|    policy_gradient_loss | -0.00684   |
|    value_loss           | 0.12       |
----------------------------------------
------------------------------------------
| battle/                 |              |
|    draw_rate            | 0            |
|    loss_rate            | 0.583        |
|    win_rate             | 0.417        |
| time/                   |              |
|    fps                  | 3548         |
|    iterations           | 305          |
|    time_elapsed         | 528          |
|    total_timesteps      | 1873920      |
| train/                  |              |
|    approx_kl            | 0.0076759034 |
|    clip_fraction        | 0.0488       |
|    clip_range           | 0.2          |
|    entropy_loss         | -1.34        |
|    explained_variance   | 0.444        |
|    learning_rate        | 0.0003       |
|    loss                 | 0.0394       |
|    n_updates            | 1824         |
|    policy_gradient_loss | -0.00766     |
|    value_loss           | 0.141        |
------------------------------------------
-----------------------------------------
| battle/                 |             |
|    draw_rate            | 0           |
|    loss_rate            | 0.59        |
|    win_rate             | 0.41        |
| time/                   |             |
|    fps                  | 3549        |
|    iterations           | 306         |
|    time_elapsed         | 529         |
|    total_timesteps      | 1880064     |
| train/                  |             |
|    approx_kl            | 0.006622283 |
|    clip_fraction        | 0.0474      |
|    clip_range           | 0.2         |
|    entropy_loss         | -1.27       |
|    explained_variance   | 0.399       |
|    learning_rate        | 0.0003      |
|    loss                 | 0.0438      |
|    n_updates            | 1830        |
|    policy_gradient_loss | -0.0064     |
|    value_loss           | 0.139       |
-----------------------------------------
-----------------------------------------
| battle/                 |             |
|    draw_rate            | 0           |
|    loss_rate            | 0.578       |
|    win_rate             | 0.422       |
| time/                   |             |
|    fps                  | 3550        |
|    iterations           | 307         |
|    time_elapsed         | 531         |
|    total_timesteps      | 1886208     |
| train/                  |             |
|    approx_kl            | 0.007923289 |
|    clip_fraction        | 0.042       |
|    clip_range           | 0.2         |
|    entropy_loss         | -1.29       |
|    explained_variance   | 0.405       |
|    learning_rate        | 0.0003      |
|    loss                 | 0.0486      |
|    n_updates            | 1836        |
|    policy_gradient_loss | -0.00684    |
|    value_loss           | 0.164       |
-----------------------------------------
------------------------------------------
| battle/                 |              |
|    draw_rate            | 0            |
|    loss_rate            | 0.57         |
|    win_rate             | 0.43         |
| time/                   |              |
|    fps                  | 3550         |
|    iterations           | 308          |
|    time_elapsed         | 533          |
|    total_timesteps      | 1892352      |
| train/                  |              |
|    approx_kl            | 0.0058025345 |
|    clip_fraction        | 0.0444       |
|    clip_range           | 0.2          |
|    entropy_loss         | -1.36        |
|    explained_variance   | 0.334        |
|    learning_rate        | 0.0003       |
|    loss                 | 0.0313       |
|    n_updates            | 1842         |
|    policy_gradient_loss | -0.00723     |
|    value_loss           | 0.132        |
------------------------------------------
-----------------------------------------
| battle/                 |             |
|    draw_rate            | 0           |
|    loss_rate            | 0.578       |
|    win_rate             | 0.422       |
| time/                   |             |
|    fps                  | 3551        |
|    iterations           | 309         |
|    time_elapsed         | 534         |
|    total_timesteps      | 1898496     |
| train/                  |             |
|    approx_kl            | 0.007330823 |
|    clip_fraction        | 0.0564      |
|    clip_range           | 0.2         |
|    entropy_loss         | -1.31       |
|    explained_variance   | 0.358       |
|    learning_rate        | 0.0003      |
|    loss                 | 0.0425      |
|    n_updates            | 1848        |
|    policy_gradient_loss | -0.00772    |
|    value_loss           | 0.139       |
-----------------------------------------
-----------------------------------------
| battle/                 |             |
|    draw_rate            | 0           |
|    loss_rate            | 0.59        |
|    win_rate             | 0.41        |
| time/                   |             |
|    fps                  | 3552        |
|    iterations           | 310         |
|    time_elapsed         | 536         |
|    total_timesteps      | 1904640     |
| train/                  |             |
|    approx_kl            | 0.007291486 |
|    clip_fraction        | 0.051       |
|    clip_range           | 0.2         |
|    entropy_loss         | -1.36       |
|    explained_variance   | 0.441       |
|    learning_rate        | 0.0003      |
|    loss                 | 0.0379      |
|    n_updates            | 1854        |
|    policy_gradient_loss | -0.00705    |
|    value_loss           | 0.138       |
-----------------------------------------
-----------------------------------------
| battle/                 |             |
|    draw_rate            | 0           |
|    loss_rate            | 0.6         |
|    win_rate             | 0.4         |
| time/                   |             |
|    fps                  | 3552        |
|    iterations           | 311         |
|    time_elapsed         | 537         |
|    total_timesteps      | 1910784     |
| train/                  |             |
|    approx_kl            | 0.008181926 |
|    clip_fraction        | 0.0575      |
|    clip_range           | 0.2         |
|    entropy_loss         | -1.36       |
|    explained_variance   | 0.498       |
|    learning_rate        | 0.0003      |
|    loss                 | 0.0319      |
|    n_updates            | 1860        |
|    policy_gradient_loss | -0.00671    |
|    value_loss           | 0.135       |
-----------------------------------------
-----------------------------------------
| battle/                 |             |
|    draw_rate            | 0           |
|    loss_rate            | 0.605       |
|    win_rate             | 0.395       |
| time/                   |             |
|    fps                  | 3553        |
|    iterations           | 312         |
|    time_elapsed         | 539         |
|    total_timesteps      | 1916928     |
| train/                  |             |
|    approx_kl            | 0.008405186 |
|    clip_fraction        | 0.0622      |
|    clip_range           | 0.2         |
|    entropy_loss         | -1.25       |
|    explained_variance   | 0.389       |
|    learning_rate        | 0.0003      |
|    loss                 | 0.039       |
|    n_updates            | 1866        |
|    policy_gradient_loss | -0.00725    |
|    value_loss           | 0.147       |
-----------------------------------------
------------------------------------------
| battle/                 |              |
|    draw_rate            | 0            |
|    loss_rate            | 0.6          |
|    win_rate             | 0.4          |
| time/                   |              |
|    fps                  | 3554         |
|    iterations           | 313          |
|    time_elapsed         | 541          |
|    total_timesteps      | 1923072      |
| train/                  |              |
|    approx_kl            | 0.0053055175 |
|    clip_fraction        | 0.0307       |
|    clip_range           | 0.2          |
|    entropy_loss         | -1.34        |
|    explained_variance   | 0.438        |
|    learning_rate        | 0.0003       |
|    loss                 | 0.0311       |
|    n_updates            | 1872         |
|    policy_gradient_loss | -0.00602     |
|    value_loss           | 0.128        |
------------------------------------------
-----------------------------------------
| battle/                 |             |
|    draw_rate            | 0           |
|    loss_rate            | 0.603       |
|    win_rate             | 0.398       |
| time/                   |             |
|    fps                  | 3554        |
|    iterations           | 314         |
|    time_elapsed         | 542         |
|    total_timesteps      | 1929216     |
| train/                  |             |
|    approx_kl            | 0.008051496 |
|    clip_fraction        | 0.0635      |
|    clip_range           | 0.2         |
|    entropy_loss         | -1.31       |
|    explained_variance   | 0.359       |
|    learning_rate        | 0.0003      |
|    loss                 | 0.041       |
|    n_updates            | 1878        |
|    policy_gradient_loss | -0.00767    |
|    value_loss           | 0.152       |
-----------------------------------------
-----------------------------------------
| battle/                 |             |
|    draw_rate            | 0           |
|    loss_rate            | 0.593       |
|    win_rate             | 0.407       |
| time/                   |             |
|    fps                  | 3554        |
|    iterations           | 315         |
|    time_elapsed         | 544         |
|    total_timesteps      | 1935360     |
| train/                  |             |
|    approx_kl            | 0.008285999 |
|    clip_fraction        | 0.0505      |
|    clip_range           | 0.2         |
|    entropy_loss         | -1.32       |
|    explained_variance   | 0.431       |
|    learning_rate        | 0.0003      |
|    loss                 | 0.0275      |
|    n_updates            | 1884        |
|    policy_gradient_loss | -0.00805    |
|    value_loss           | 0.122       |
-----------------------------------------
-----------------------------------------
| battle/                 |             |
|    draw_rate            | 0           |
|    loss_rate            | 0.595       |
|    win_rate             | 0.405       |
| time/                   |             |
|    fps                  | 3556        |
|    iterations           | 316         |
|    time_elapsed         | 545         |
|    total_timesteps      | 1941504     |
| train/                  |             |
|    approx_kl            | 0.009255939 |
|    clip_fraction        | 0.0748      |
|    clip_range           | 0.2         |
|    entropy_loss         | -1.29       |
|    explained_variance   | 0.352       |
|    learning_rate        | 0.0003      |
|    loss                 | 0.0452      |
|    n_updates            | 1890        |
|    policy_gradient_loss | -0.00782    |
|    value_loss           | 0.148       |
-----------------------------------------
-----------------------------------------
| battle/                 |             |
|    draw_rate            | 0           |
|    loss_rate            | 0.57        |
|    win_rate             | 0.43        |
| time/                   |             |
|    fps                  | 3556        |
|    iterations           | 317         |
|    time_elapsed         | 547         |
|    total_timesteps      | 1947648     |
| train/                  |             |
|    approx_kl            | 0.008384979 |
|    clip_fraction        | 0.0738      |
|    clip_range           | 0.2         |
|    entropy_loss         | -1.3        |
|    explained_variance   | 0.403       |
|    learning_rate        | 0.0003      |
|    loss                 | 0.0317      |
|    n_updates            | 1896        |
|    policy_gradient_loss | -0.00842    |
|    value_loss           | 0.127       |
-----------------------------------------
-----------------------------------------
| battle/                 |             |
|    draw_rate            | 0           |
|    loss_rate            | 0.583       |
|    win_rate             | 0.417       |
| time/                   |             |
|    fps                  | 3557        |
|    iterations           | 318         |
|    time_elapsed         | 549         |
|    total_timesteps      | 1953792     |
| train/                  |             |
|    approx_kl            | 0.007313656 |
|    clip_fraction        | 0.0536      |
|    clip_range           | 0.2         |
|    entropy_loss         | -1.25       |
|    explained_variance   | 0.453       |
|    learning_rate        | 0.0003      |
|    loss                 | 0.0482      |
|    n_updates            | 1902        |
|    policy_gradient_loss | -0.00692    |
|    value_loss           | 0.155       |
-----------------------------------------
------------------------------------------
| battle/                 |              |
|    draw_rate            | 0            |
|    loss_rate            | 0.568        |
|    win_rate             | 0.432        |
| time/                   |              |
|    fps                  | 3558         |
|    iterations           | 319          |
|    time_elapsed         | 550          |
|    total_timesteps      | 1959936      |
| train/                  |              |
|    approx_kl            | 0.0060487096 |
|    clip_fraction        | 0.0577       |
|    clip_range           | 0.2          |
|    entropy_loss         | -1.21        |
|    explained_variance   | 0.462        |
|    learning_rate        | 0.0003       |
|    loss                 | 0.0298       |
|    n_updates            | 1908         |
|    policy_gradient_loss | -0.00656     |
|    value_loss           | 0.124        |
------------------------------------------
-----------------------------------------
| battle/                 |             |
|    draw_rate            | 0           |
|    loss_rate            | 0.56        |
|    win_rate             | 0.44        |
| time/                   |             |
|    fps                  | 3559        |
|    iterations           | 320         |
|    time_elapsed         | 552         |
|    total_timesteps      | 1966080     |
| train/                  |             |
|    approx_kl            | 0.009293496 |
|    clip_fraction        | 0.0771      |
|    clip_range           | 0.2         |
|    entropy_loss         | -1.25       |
|    explained_variance   | 0.475       |
|    learning_rate        | 0.0003      |
|    loss                 | 0.0374      |
|    n_updates            | 1914        |
|    policy_gradient_loss | -0.00756    |
|    value_loss           | 0.142       |
-----------------------------------------
------------------------------------------
| battle/                 |              |
|    draw_rate            | 0            |
|    loss_rate            | 0.573        |
|    win_rate             | 0.427        |
| time/                   |              |
|    fps                  | 3560         |
|    iterations           | 321          |
|    time_elapsed         | 553          |
|    total_timesteps      | 1972224      |
| train/                  |              |
|    approx_kl            | 0.0066068084 |
|    clip_fraction        | 0.0655       |
|    clip_range           | 0.2          |
|    entropy_loss         | -1.29        |
|    explained_variance   | 0.427        |
|    learning_rate        | 0.0003       |
|    loss                 | 0.045        |
|    n_updates            | 1920         |
|    policy_gradient_loss | -0.00748     |
|    value_loss           | 0.151        |
------------------------------------------
-----------------------------------------
| battle/                 |             |
|    draw_rate            | 0           |
|    loss_rate            | 0.565       |
|    win_rate             | 0.435       |
| time/                   |             |
|    fps                  | 3561        |
|    iterations           | 322         |
|    time_elapsed         | 555         |
|    total_timesteps      | 1978368     |
| train/                  |             |
|    approx_kl            | 0.006666264 |
|    clip_fraction        | 0.0556      |
|    clip_range           | 0.2         |
|    entropy_loss         | -1.26       |
|    explained_variance   | 0.324       |
|    learning_rate        | 0.0003      |
|    loss                 | 0.0468      |
|    n_updates            | 1926        |
|    policy_gradient_loss | -0.0069     |
|    value_loss           | 0.151       |
-----------------------------------------
-----------------------------------------
| battle/                 |             |
|    draw_rate            | 0           |
|    loss_rate            | 0.545       |
|    win_rate             | 0.455       |
| time/                   |             |
|    fps                  | 3561        |
|    iterations           | 323         |
|    time_elapsed         | 557         |
|    total_timesteps      | 1984512     |
| train/                  |             |
|    approx_kl            | 0.007350316 |
|    clip_fraction        | 0.0678      |
|    clip_range           | 0.2         |
|    entropy_loss         | -1.27       |
|    explained_variance   | 0.509       |
|    learning_rate        | 0.0003      |
|    loss                 | 0.0334      |
|    n_updates            | 1932        |
|    policy_gradient_loss | -0.00816    |
|    value_loss           | 0.123       |
-----------------------------------------
-----------------------------------------
| battle/                 |             |
|    draw_rate            | 0           |
|    loss_rate            | 0.58        |
|    win_rate             | 0.42        |
| time/                   |             |
|    fps                  | 3563        |
|    iterations           | 324         |
|    time_elapsed         | 558         |
|    total_timesteps      | 1990656     |
| train/                  |             |
|    approx_kl            | 0.008320646 |
|    clip_fraction        | 0.0572      |
|    clip_range           | 0.2         |
|    entropy_loss         | -1.3        |
|    explained_variance   | 0.417       |
|    learning_rate        | 0.0003      |
|    loss                 | 0.0582      |
|    n_updates            | 1938        |
|    policy_gradient_loss | -0.00643    |
|    value_loss           | 0.172       |
-----------------------------------------
------------------------------------------
| battle/                 |              |
|    draw_rate            | 0            |
|    loss_rate            | 0.57         |
|    win_rate             | 0.43         |
| time/                   |              |
|    fps                  | 3563         |
|    iterations           | 325          |
|    time_elapsed         | 560          |
|    total_timesteps      | 1996800      |
| train/                  |              |
|    approx_kl            | 0.0073848404 |
|    clip_fraction        | 0.0477       |
|    clip_range           | 0.2          |
|    entropy_loss         | -1.31        |
|    explained_variance   | 0.392        |
|    learning_rate        | 0.0003       |
|    loss                 | 0.0408       |
|    n_updates            | 1944         |
|    policy_gradient_loss | -0.00628     |
|    value_loss           | 0.135        |
------------------------------------------

[eval @ 2,002,944 steps] 确定性评估胜率: 42.0%
  ✓ 新最优, 已保存 /Users/cichlidfish/tank_trouble/training/models/best_model.zip
-----------------------------------------
| battle/                 |             |
|    draw_rate            | 0           |
|    eval_win_rate        | 0.42        |
|    loss_rate            | 0.562       |
|    win_rate             | 0.438       |
| time/                   |             |
|    fps                  | 3542        |
|    iterations           | 326         |
|    time_elapsed         | 565         |
|    total_timesteps      | 2002944     |
| train/                  |             |
|    approx_kl            | 0.007961301 |
|    clip_fraction        | 0.0683      |
|    clip_range           | 0.2         |
|    entropy_loss         | -1.24       |
|    explained_variance   | 0.343       |
|    learning_rate        | 0.0003      |
|    loss                 | 0.0462      |
|    n_updates            | 1950        |
|    policy_gradient_loss | -0.00787    |
|    value_loss           | 0.158       |
-----------------------------------------
------------------------------------------
| battle/                 |              |
|    draw_rate            | 0            |
|    loss_rate            | 0.58         |
|    win_rate             | 0.42         |
| time/                   |              |
|    fps                  | 3543         |
|    iterations           | 327          |
|    time_elapsed         | 567          |
|    total_timesteps      | 2009088      |
| train/                  |              |
|    approx_kl            | 0.0071200714 |
|    clip_fraction        | 0.0503       |
|    clip_range           | 0.2          |
|    entropy_loss         | -1.28        |
|    explained_variance   | 0.446        |
|    learning_rate        | 0.0003       |
|    loss                 | 0.0357       |
|    n_updates            | 1956         |
|    policy_gradient_loss | -0.00667     |
|    value_loss           | 0.141        |
------------------------------------------
-----------------------------------------
| battle/                 |             |
|    draw_rate            | 0           |
|    loss_rate            | 0.575       |
|    win_rate             | 0.425       |
| time/                   |             |
|    fps                  | 3542        |
|    iterations           | 328         |
|    time_elapsed         | 568         |
|    total_timesteps      | 2015232     |
| train/                  |             |
|    approx_kl            | 0.007619293 |
|    clip_fraction        | 0.0518      |
|    clip_range           | 0.2         |
|    entropy_loss         | -1.27       |
|    explained_variance   | 0.464       |
|    learning_rate        | 0.0003      |
|    loss                 | 0.0379      |
|    n_updates            | 1962        |
|    policy_gradient_loss | -0.00753    |
|    value_loss           | 0.135       |
-----------------------------------------
----------------------------------------
| battle/                 |            |
|    draw_rate            | 0          |
|    loss_rate            | 0.585      |
|    win_rate             | 0.415      |
| time/                   |            |
|    fps                  | 3542       |
|    iterations           | 329        |
|    time_elapsed         | 570        |
|    total_timesteps      | 2021376    |
| train/                  |            |
|    approx_kl            | 0.00594173 |
|    clip_fraction        | 0.0632     |
|    clip_range           | 0.2        |
|    entropy_loss         | -1.23      |
|    explained_variance   | 0.447      |
|    learning_rate        | 0.0003     |
|    loss                 | 0.051      |
|    n_updates            | 1968       |
|    policy_gradient_loss | -0.00733   |
|    value_loss           | 0.152      |
----------------------------------------
-----------------------------------------
| battle/                 |             |
|    draw_rate            | 0           |
|    loss_rate            | 0.56        |
|    win_rate             | 0.44        |
| time/                   |             |
|    fps                  | 3543        |
|    iterations           | 330         |
|    time_elapsed         | 572         |
|    total_timesteps      | 2027520     |
| train/                  |             |
|    approx_kl            | 0.008380077 |
|    clip_fraction        | 0.0697      |
|    clip_range           | 0.2         |
|    entropy_loss         | -1.29       |
|    explained_variance   | 0.336       |
|    learning_rate        | 0.0003      |
|    loss                 | 0.0493      |
|    n_updates            | 1974        |
|    policy_gradient_loss | -0.00773    |
|    value_loss           | 0.158       |
-----------------------------------------
-----------------------------------------
| battle/                 |             |
|    draw_rate            | 0           |
|    loss_rate            | 0.55        |
|    win_rate             | 0.45        |
| time/                   |             |
|    fps                  | 3541        |
|    iterations           | 331         |
|    time_elapsed         | 574         |
|    total_timesteps      | 2033664     |
| train/                  |             |
|    approx_kl            | 0.007951696 |
|    clip_fraction        | 0.0469      |
|    clip_range           | 0.2         |
|    entropy_loss         | -1.29       |
|    explained_variance   | 0.396       |
|    learning_rate        | 0.0003      |
|    loss                 | 0.0419      |
|    n_updates            | 1980        |
|    policy_gradient_loss | -0.00615    |
|    value_loss           | 0.143       |
-----------------------------------------
------------------------------------------
| battle/                 |              |
|    draw_rate            | 0            |
|    loss_rate            | 0.562        |
|    win_rate             | 0.438        |
| time/                   |              |
|    fps                  | 3541         |
|    iterations           | 332          |
|    time_elapsed         | 575          |
|    total_timesteps      | 2039808      |
| train/                  |              |
|    approx_kl            | 0.0064128987 |
|    clip_fraction        | 0.0423       |
|    clip_range           | 0.2          |
|    entropy_loss         | -1.27        |
|    explained_variance   | 0.375        |
|    learning_rate        | 0.0003       |
|    loss                 | 0.038        |
|    n_updates            | 1986         |
|    policy_gradient_loss | -0.00569     |
|    value_loss           | 0.144        |
------------------------------------------
------------------------------------------
| battle/                 |              |
|    draw_rate            | 0            |
|    loss_rate            | 0.565        |
|    win_rate             | 0.435        |
| time/                   |              |
|    fps                  | 3540         |
|    iterations           | 333          |
|    time_elapsed         | 577          |
|    total_timesteps      | 2045952      |
| train/                  |              |
|    approx_kl            | 0.0063327434 |
|    clip_fraction        | 0.0555       |
|    clip_range           | 0.2          |
|    entropy_loss         | -1.25        |
|    explained_variance   | 0.349        |
|    learning_rate        | 0.0003       |
|    loss                 | 0.0409       |
|    n_updates            | 1992         |
|    policy_gradient_loss | -0.00749     |
|    value_loss           | 0.146        |
------------------------------------------
-----------------------------------------
| battle/                 |             |
|    draw_rate            | 0           |
|    loss_rate            | 0.562       |
|    win_rate             | 0.438       |
| time/                   |             |
|    fps                  | 3540        |
|    iterations           | 334         |
|    time_elapsed         | 579         |
|    total_timesteps      | 2052096     |
| train/                  |             |
|    approx_kl            | 0.007068004 |
|    clip_fraction        | 0.0508      |
|    clip_range           | 0.2         |
|    entropy_loss         | -1.27       |
|    explained_variance   | 0.492       |
|    learning_rate        | 0.0003      |
|    loss                 | 0.0281      |
|    n_updates            | 1998        |
|    policy_gradient_loss | -0.00763    |
|    value_loss           | 0.124       |
-----------------------------------------
-----------------------------------------
| battle/                 |             |
|    draw_rate            | 0           |
|    loss_rate            | 0.562       |
|    win_rate             | 0.438       |
| time/                   |             |
|    fps                  | 3540        |
|    iterations           | 335         |
|    time_elapsed         | 581         |
|    total_timesteps      | 2058240     |
| train/                  |             |
|    approx_kl            | 0.009168991 |
|    clip_fraction        | 0.0591      |
|    clip_range           | 0.2         |
|    entropy_loss         | -1.24       |
|    explained_variance   | 0.364       |
|    learning_rate        | 0.0003      |
|    loss                 | 0.0364      |
|    n_updates            | 2004        |
|    policy_gradient_loss | -0.00787    |
|    value_loss           | 0.14        |
-----------------------------------------
------------------------------------------
| battle/                 |              |
|    draw_rate            | 0            |
|    loss_rate            | 0.562        |
|    win_rate             | 0.438        |
| time/                   |              |
|    fps                  | 3539         |
|    iterations           | 336          |
|    time_elapsed         | 583          |
|    total_timesteps      | 2064384      |
| train/                  |              |
|    approx_kl            | 0.0070558065 |
|    clip_fraction        | 0.0397       |
|    clip_range           | 0.2          |
|    entropy_loss         | -1.29        |
|    explained_variance   | 0.405        |
|    learning_rate        | 0.0003       |
|    loss                 | 0.049        |
|    n_updates            | 2010         |
|    policy_gradient_loss | -0.00634     |
|    value_loss           | 0.159        |
------------------------------------------
-----------------------------------------
| battle/                 |             |
|    draw_rate            | 0           |
|    loss_rate            | 0.585       |
|    win_rate             | 0.415       |
| time/                   |             |
|    fps                  | 3539        |
|    iterations           | 337         |
|    time_elapsed         | 584         |
|    total_timesteps      | 2070528     |
| train/                  |             |
|    approx_kl            | 0.006653487 |
|    clip_fraction        | 0.0647      |
|    clip_range           | 0.2         |
|    entropy_loss         | -1.29       |
|    explained_variance   | 0.421       |
|    learning_rate        | 0.0003      |
|    loss                 | 0.0474      |
|    n_updates            | 2016        |
|    policy_gradient_loss | -0.00645    |
|    value_loss           | 0.157       |
-----------------------------------------
------------------------------------------
| battle/                 |              |
|    draw_rate            | 0            |
|    loss_rate            | 0.573        |
|    win_rate             | 0.427        |
| time/                   |              |
|    fps                  | 3539         |
|    iterations           | 338          |
|    time_elapsed         | 586          |
|    total_timesteps      | 2076672      |
| train/                  |              |
|    approx_kl            | 0.0067357034 |
|    clip_fraction        | 0.0408       |
|    clip_range           | 0.2          |
|    entropy_loss         | -1.24        |
|    explained_variance   | 0.507        |
|    learning_rate        | 0.0003       |
|    loss                 | 0.041        |
|    n_updates            | 2022         |
|    policy_gradient_loss | -0.0073      |
|    value_loss           | 0.147        |
------------------------------------------
------------------------------------------
| battle/                 |              |
|    draw_rate            | 0            |
|    loss_rate            | 0.56         |
|    win_rate             | 0.44         |
| time/                   |              |
|    fps                  | 3539         |
|    iterations           | 339          |
|    time_elapsed         | 588          |
|    total_timesteps      | 2082816      |
| train/                  |              |
|    approx_kl            | 0.0065359734 |
|    clip_fraction        | 0.0502       |
|    clip_range           | 0.2          |
|    entropy_loss         | -1.29        |
|    explained_variance   | 0.477        |
|    learning_rate        | 0.0003       |
|    loss                 | 0.0456       |
|    n_updates            | 2028         |
|    policy_gradient_loss | -0.00699     |
|    value_loss           | 0.149        |
------------------------------------------
-----------------------------------------
| battle/                 |             |
|    draw_rate            | 0           |
|    loss_rate            | 0.555       |
|    win_rate             | 0.445       |
| time/                   |             |
|    fps                  | 3540        |
|    iterations           | 340         |
|    time_elapsed         | 590         |
|    total_timesteps      | 2088960     |
| train/                  |             |
|    approx_kl            | 0.008773598 |
|    clip_fraction        | 0.0579      |
|    clip_range           | 0.2         |
|    entropy_loss         | -1.26       |
|    explained_variance   | 0.494       |
|    learning_rate        | 0.0003      |
|    loss                 | 0.0471      |
|    n_updates            | 2034        |
|    policy_gradient_loss | -0.00843    |
|    value_loss           | 0.15        |
-----------------------------------------
----------------------------------------
| battle/                 |            |
|    draw_rate            | 0          |
|    loss_rate            | 0.568      |
|    win_rate             | 0.432      |
| time/                   |            |
|    fps                  | 3540       |
|    iterations           | 341        |
|    time_elapsed         | 591        |
|    total_timesteps      | 2095104    |
| train/                  |            |
|    approx_kl            | 0.00867262 |
|    clip_fraction        | 0.0705     |
|    clip_range           | 0.2        |
|    entropy_loss         | -1.32      |
|    explained_variance   | 0.413      |
|    learning_rate        | 0.0003     |
|    loss                 | 0.0438     |
|    n_updates            | 2040       |
|    policy_gradient_loss | -0.0078    |
|    value_loss           | 0.149      |
----------------------------------------
-----------------------------------------
| battle/                 |             |
|    draw_rate            | 0           |
|    loss_rate            | 0.562       |
|    win_rate             | 0.438       |
| time/                   |             |
|    fps                  | 3540        |
|    iterations           | 342         |
|    time_elapsed         | 593         |
|    total_timesteps      | 2101248     |
| train/                  |             |
|    approx_kl            | 0.008637328 |
|    clip_fraction        | 0.0863      |
|    clip_range           | 0.2         |
|    entropy_loss         | -1.24       |
|    explained_variance   | 0.509       |
|    learning_rate        | 0.0003      |
|    loss                 | 0.0425      |
|    n_updates            | 2046        |
|    policy_gradient_loss | -0.00826    |
|    value_loss           | 0.154       |
-----------------------------------------
------------------------------------------
| battle/                 |              |
|    draw_rate            | 0            |
|    loss_rate            | 0.585        |
|    win_rate             | 0.415        |
| time/                   |              |
|    fps                  | 3540         |
|    iterations           | 343          |
|    time_elapsed         | 595          |
|    total_timesteps      | 2107392      |
| train/                  |              |
|    approx_kl            | 0.0070839585 |
|    clip_fraction        | 0.0575       |
|    clip_range           | 0.2          |
|    entropy_loss         | -1.28        |
|    explained_variance   | 0.491        |
|    learning_rate        | 0.0003       |
|    loss                 | 0.0368       |
|    n_updates            | 2052         |
|    policy_gradient_loss | -0.0065      |
|    value_loss           | 0.135        |
------------------------------------------
-----------------------------------------
| battle/                 |             |
|    draw_rate            | 0           |
|    loss_rate            | 0.608       |
|    win_rate             | 0.393       |
| time/                   |             |
|    fps                  | 3539        |
|    iterations           | 344         |
|    time_elapsed         | 597         |
|    total_timesteps      | 2113536     |
| train/                  |             |
|    approx_kl            | 0.007466206 |
|    clip_fraction        | 0.0424      |
|    clip_range           | 0.2         |
|    entropy_loss         | -1.26       |
|    explained_variance   | 0.468       |
|    learning_rate        | 0.0003      |
|    loss                 | 0.0392      |
|    n_updates            | 2058        |
|    policy_gradient_loss | -0.0074     |
|    value_loss           | 0.14        |
-----------------------------------------
-----------------------------------------
| battle/                 |             |
|    draw_rate            | 0           |
|    loss_rate            | 0.585       |
|    win_rate             | 0.415       |
| time/                   |             |
|    fps                  | 3539        |
|    iterations           | 345         |
|    time_elapsed         | 598         |
|    total_timesteps      | 2119680     |
| train/                  |             |
|    approx_kl            | 0.007672126 |
|    clip_fraction        | 0.0707      |
|    clip_range           | 0.2         |
|    entropy_loss         | -1.24       |
|    explained_variance   | 0.457       |
|    learning_rate        | 0.0003      |
|    loss                 | 0.0468      |
|    n_updates            | 2064        |
|    policy_gradient_loss | -0.00718    |
|    value_loss           | 0.156       |
-----------------------------------------
------------------------------------------
| battle/                 |              |
|    draw_rate            | 0            |
|    loss_rate            | 0.588        |
|    win_rate             | 0.412        |
| time/                   |              |
|    fps                  | 3538         |
|    iterations           | 346          |
|    time_elapsed         | 600          |
|    total_timesteps      | 2125824      |
| train/                  |              |
|    approx_kl            | 0.0066642403 |
|    clip_fraction        | 0.0529       |
|    clip_range           | 0.2          |
|    entropy_loss         | -1.26        |
|    explained_variance   | 0.406        |
|    learning_rate        | 0.0003       |
|    loss                 | 0.042        |
|    n_updates            | 2070         |
|    policy_gradient_loss | -0.00713     |
|    value_loss           | 0.148        |
------------------------------------------
-----------------------------------------
| battle/                 |             |
|    draw_rate            | 0           |
|    loss_rate            | 0.61        |
|    win_rate             | 0.39        |
| time/                   |             |
|    fps                  | 3539        |
|    iterations           | 347         |
|    time_elapsed         | 602         |
|    total_timesteps      | 2131968     |
| train/                  |             |
|    approx_kl            | 0.008758812 |
|    clip_fraction        | 0.0576      |
|    clip_range           | 0.2         |
|    entropy_loss         | -1.27       |
|    explained_variance   | 0.501       |
|    learning_rate        | 0.0003      |
|    loss                 | 0.0318      |
|    n_updates            | 2076        |
|    policy_gradient_loss | -0.00597    |
|    value_loss           | 0.119       |
-----------------------------------------
-----------------------------------------
| battle/                 |             |
|    draw_rate            | 0           |
|    loss_rate            | 0.58        |
|    win_rate             | 0.42        |
| time/                   |             |
|    fps                  | 3539        |
|    iterations           | 348         |
|    time_elapsed         | 604         |
|    total_timesteps      | 2138112     |
| train/                  |             |
|    approx_kl            | 0.007376205 |
|    clip_fraction        | 0.0403      |
|    clip_range           | 0.2         |
|    entropy_loss         | -1.3        |
|    explained_variance   | 0.388       |
|    learning_rate        | 0.0003      |
|    loss                 | 0.0393      |
|    n_updates            | 2082        |
|    policy_gradient_loss | -0.0056     |
|    value_loss           | 0.129       |
-----------------------------------------
-----------------------------------------
| battle/                 |             |
|    draw_rate            | 0           |
|    loss_rate            | 0.562       |
|    win_rate             | 0.438       |
| time/                   |             |
|    fps                  | 3539        |
|    iterations           | 349         |
|    time_elapsed         | 605         |
|    total_timesteps      | 2144256     |
| train/                  |             |
|    approx_kl            | 0.007737063 |
|    clip_fraction        | 0.0437      |
|    clip_range           | 0.2         |
|    entropy_loss         | -1.27       |
|    explained_variance   | 0.393       |
|    learning_rate        | 0.0003      |
|    loss                 | 0.0506      |
|    n_updates            | 2088        |
|    policy_gradient_loss | -0.0055     |
|    value_loss           | 0.158       |
-----------------------------------------
------------------------------------------
| battle/                 |              |
|    draw_rate            | 0            |
|    loss_rate            | 0.562        |
|    win_rate             | 0.438        |
| time/                   |              |
|    fps                  | 3539         |
|    iterations           | 350          |
|    time_elapsed         | 607          |
|    total_timesteps      | 2150400      |
| train/                  |              |
|    approx_kl            | 0.0074165906 |
|    clip_fraction        | 0.0463       |
|    clip_range           | 0.2          |
|    entropy_loss         | -1.23        |
|    explained_variance   | 0.425        |
|    learning_rate        | 0.0003       |
|    loss                 | 0.056        |
|    n_updates            | 2094         |
|    policy_gradient_loss | -0.00615     |
|    value_loss           | 0.171        |
------------------------------------------
-----------------------------------------
| battle/                 |             |
|    draw_rate            | 0           |
|    loss_rate            | 0.565       |
|    win_rate             | 0.435       |
| time/                   |             |
|    fps                  | 3540        |
|    iterations           | 351         |
|    time_elapsed         | 609         |
|    total_timesteps      | 2156544     |
| train/                  |             |
|    approx_kl            | 0.006445309 |
|    clip_fraction        | 0.0444      |
|    clip_range           | 0.2         |
|    entropy_loss         | -1.24       |
|    explained_variance   | 0.5         |
|    learning_rate        | 0.0003      |
|    loss                 | 0.0486      |
|    n_updates            | 2100        |
|    policy_gradient_loss | -0.00723    |
|    value_loss           | 0.166       |
-----------------------------------------
-----------------------------------------
| battle/                 |             |
|    draw_rate            | 0           |
|    loss_rate            | 0.552       |
|    win_rate             | 0.448       |
| time/                   |             |
|    fps                  | 3539        |
|    iterations           | 352         |
|    time_elapsed         | 610         |
|    total_timesteps      | 2162688     |
| train/                  |             |
|    approx_kl            | 0.008547901 |
|    clip_fraction        | 0.0582      |
|    clip_range           | 0.2         |
|    entropy_loss         | -1.26       |
|    explained_variance   | 0.452       |
|    learning_rate        | 0.0003      |
|    loss                 | 0.0407      |
|    n_updates            | 2106        |
|    policy_gradient_loss | -0.00709    |
|    value_loss           | 0.146       |
-----------------------------------------
-----------------------------------------
| battle/                 |             |
|    draw_rate            | 0           |
|    loss_rate            | 0.55        |
|    win_rate             | 0.45        |
| time/                   |             |
|    fps                  | 3539        |
|    iterations           | 353         |
|    time_elapsed         | 612         |
|    total_timesteps      | 2168832     |
| train/                  |             |
|    approx_kl            | 0.007857447 |
|    clip_fraction        | 0.0611      |
|    clip_range           | 0.2         |
|    entropy_loss         | -1.21       |
|    explained_variance   | 0.433       |
|    learning_rate        | 0.0003      |
|    loss                 | 0.0424      |
|    n_updates            | 2112        |
|    policy_gradient_loss | -0.00714    |
|    value_loss           | 0.144       |
-----------------------------------------
------------------------------------------
| battle/                 |              |
|    draw_rate            | 0            |
|    loss_rate            | 0.53         |
|    win_rate             | 0.47         |
| time/                   |              |
|    fps                  | 3539         |
|    iterations           | 354          |
|    time_elapsed         | 614          |
|    total_timesteps      | 2174976      |
| train/                  |              |
|    approx_kl            | 0.0057069617 |
|    clip_fraction        | 0.0321       |
|    clip_range           | 0.2          |
|    entropy_loss         | -1.19        |
|    explained_variance   | 0.368        |
|    learning_rate        | 0.0003       |
|    loss                 | 0.0604       |
|    n_updates            | 2118         |
|    policy_gradient_loss | -0.00593     |
|    value_loss           | 0.173        |
------------------------------------------
-----------------------------------------
| battle/                 |             |
|    draw_rate            | 0           |
|    loss_rate            | 0.545       |
|    win_rate             | 0.455       |
| time/                   |             |
|    fps                  | 3539        |
|    iterations           | 355         |
|    time_elapsed         | 616         |
|    total_timesteps      | 2181120     |
| train/                  |             |
|    approx_kl            | 0.007832588 |
|    clip_fraction        | 0.0706      |
|    clip_range           | 0.2         |
|    entropy_loss         | -1.24       |
|    explained_variance   | 0.447       |
|    learning_rate        | 0.0003      |
|    loss                 | 0.0531      |
|    n_updates            | 2124        |
|    policy_gradient_loss | -0.00732    |
|    value_loss           | 0.155       |
-----------------------------------------
-----------------------------------------
| battle/                 |             |
|    draw_rate            | 0           |
|    loss_rate            | 0.557       |
|    win_rate             | 0.443       |
| time/                   |             |
|    fps                  | 3539        |
|    iterations           | 356         |
|    time_elapsed         | 617         |
|    total_timesteps      | 2187264     |
| train/                  |             |
|    approx_kl            | 0.007828778 |
|    clip_fraction        | 0.0633      |
|    clip_range           | 0.2         |
|    entropy_loss         | -1.2        |
|    explained_variance   | 0.465       |
|    learning_rate        | 0.0003      |
|    loss                 | 0.0427      |
|    n_updates            | 2130        |
|    policy_gradient_loss | -0.00733    |
|    value_loss           | 0.147       |
-----------------------------------------
-----------------------------------------
| battle/                 |             |
|    draw_rate            | 0           |
|    loss_rate            | 0.545       |
|    win_rate             | 0.455       |
| time/                   |             |
|    fps                  | 3539        |
|    iterations           | 357         |
|    time_elapsed         | 619         |
|    total_timesteps      | 2193408     |
| train/                  |             |
|    approx_kl            | 0.004284397 |
|    clip_fraction        | 0.0499      |
|    clip_range           | 0.2         |
|    entropy_loss         | -1.22       |
|    explained_variance   | 0.491       |
|    learning_rate        | 0.0003      |
|    loss                 | 0.0397      |
|    n_updates            | 2136        |
|    policy_gradient_loss | -0.00577    |
|    value_loss           | 0.143       |
-----------------------------------------
------------------------------------------
| battle/                 |              |
|    draw_rate            | 0            |
|    loss_rate            | 0.545        |
|    win_rate             | 0.455        |
| time/                   |              |
|    fps                  | 3538         |
|    iterations           | 358          |
|    time_elapsed         | 621          |
|    total_timesteps      | 2199552      |
| train/                  |              |
|    approx_kl            | 0.0057882317 |
|    clip_fraction        | 0.0464       |
|    clip_range           | 0.2          |
|    entropy_loss         | -1.19        |
|    explained_variance   | 0.422        |
|    learning_rate        | 0.0003       |
|    loss                 | 0.0517       |
|    n_updates            | 2142         |
|    policy_gradient_loss | -0.00666     |
|    value_loss           | 0.168        |
------------------------------------------
-----------------------------------------
| battle/                 |             |
|    draw_rate            | 0           |
|    loss_rate            | 0.57        |
|    win_rate             | 0.43        |
| time/                   |             |
|    fps                  | 3538        |
|    iterations           | 359         |
|    time_elapsed         | 623         |
|    total_timesteps      | 2205696     |
| train/                  |             |
|    approx_kl            | 0.008564788 |
|    clip_fraction        | 0.0712      |
|    clip_range           | 0.2         |
|    entropy_loss         | -1.18       |
|    explained_variance   | 0.44        |
|    learning_rate        | 0.0003      |
|    loss                 | 0.0332      |
|    n_updates            | 2148        |
|    policy_gradient_loss | -0.00871    |
|    value_loss           | 0.143       |
-----------------------------------------
-----------------------------------------
| battle/                 |             |
|    draw_rate            | 0           |
|    loss_rate            | 0.605       |
|    win_rate             | 0.395       |
| time/                   |             |
|    fps                  | 3537        |
|    iterations           | 360         |
|    time_elapsed         | 625         |
|    total_timesteps      | 2211840     |
| train/                  |             |
|    approx_kl            | 0.007560745 |
|    clip_fraction        | 0.0538      |
|    clip_range           | 0.2         |
|    entropy_loss         | -1.25       |
|    explained_variance   | 0.465       |
|    learning_rate        | 0.0003      |
|    loss                 | 0.0195      |
|    n_updates            | 2154        |
|    policy_gradient_loss | -0.00853    |
|    value_loss           | 0.108       |
-----------------------------------------
------------------------------------------
| battle/                 |              |
|    draw_rate            | 0            |
|    loss_rate            | 0.603        |
|    win_rate             | 0.398        |
| time/                   |              |
|    fps                  | 3537         |
|    iterations           | 361          |
|    time_elapsed         | 626          |
|    total_timesteps      | 2217984      |
| train/                  |              |
|    approx_kl            | 0.0056456537 |
|    clip_fraction        | 0.041        |
|    clip_range           | 0.2          |
|    entropy_loss         | -1.17        |
|    explained_variance   | 0.463        |
|    learning_rate        | 0.0003       |
|    loss                 | 0.028        |
|    n_updates            | 2160         |
|    policy_gradient_loss | -0.00633     |
|    value_loss           | 0.118        |
------------------------------------------
-----------------------------------------
| battle/                 |             |
|    draw_rate            | 0           |
|    loss_rate            | 0.6         |
|    win_rate             | 0.4         |
| time/                   |             |
|    fps                  | 3537        |
|    iterations           | 362         |
|    time_elapsed         | 628         |
|    total_timesteps      | 2224128     |
| train/                  |             |
|    approx_kl            | 0.007001093 |
|    clip_fraction        | 0.0616      |
|    clip_range           | 0.2         |
|    entropy_loss         | -1.18       |
|    explained_variance   | 0.432       |
|    learning_rate        | 0.0003      |
|    loss                 | 0.0396      |
|    n_updates            | 2166        |
|    policy_gradient_loss | -0.00923    |
|    value_loss           | 0.146       |
-----------------------------------------
-----------------------------------------
| battle/                 |             |
|    draw_rate            | 0           |
|    loss_rate            | 0.605       |
|    win_rate             | 0.395       |
| time/                   |             |
|    fps                  | 3537        |
|    iterations           | 363         |
|    time_elapsed         | 630         |
|    total_timesteps      | 2230272     |
| train/                  |             |
|    approx_kl            | 0.009236037 |
|    clip_fraction        | 0.0688      |
|    clip_range           | 0.2         |
|    entropy_loss         | -1.18       |
|    explained_variance   | 0.438       |
|    learning_rate        | 0.0003      |
|    loss                 | 0.0407      |
|    n_updates            | 2172        |
|    policy_gradient_loss | -0.00677    |
|    value_loss           | 0.149       |
-----------------------------------------
------------------------------------------
| battle/                 |              |
|    draw_rate            | 0            |
|    loss_rate            | 0.595        |
|    win_rate             | 0.405        |
| time/                   |              |
|    fps                  | 3537         |
|    iterations           | 364          |
|    time_elapsed         | 632          |
|    total_timesteps      | 2236416      |
| train/                  |              |
|    approx_kl            | 0.0059850463 |
|    clip_fraction        | 0.036        |
|    clip_range           | 0.2          |
|    entropy_loss         | -1.15        |
|    explained_variance   | 0.392        |
|    learning_rate        | 0.0003       |
|    loss                 | 0.051        |
|    n_updates            | 2178         |
|    policy_gradient_loss | -0.0065      |
|    value_loss           | 0.161        |
------------------------------------------
-----------------------------------------
| battle/                 |             |
|    draw_rate            | 0           |
|    loss_rate            | 0.57        |
|    win_rate             | 0.43        |
| time/                   |             |
|    fps                  | 3536        |
|    iterations           | 365         |
|    time_elapsed         | 634         |
|    total_timesteps      | 2242560     |
| train/                  |             |
|    approx_kl            | 0.006393003 |
|    clip_fraction        | 0.0468      |
|    clip_range           | 0.2         |
|    entropy_loss         | -1.19       |
|    explained_variance   | 0.541       |
|    learning_rate        | 0.0003      |
|    loss                 | 0.0402      |
|    n_updates            | 2184        |
|    policy_gradient_loss | -0.00693    |
|    value_loss           | 0.132       |
-----------------------------------------
-----------------------------------------
| battle/                 |             |
|    draw_rate            | 0           |
|    loss_rate            | 0.573       |
|    win_rate             | 0.427       |
| time/                   |             |
|    fps                  | 3536        |
|    iterations           | 366         |
|    time_elapsed         | 635         |
|    total_timesteps      | 2248704     |
| train/                  |             |
|    approx_kl            | 0.008074694 |
|    clip_fraction        | 0.0743      |
|    clip_range           | 0.2         |
|    entropy_loss         | -1.16       |
|    explained_variance   | 0.461       |
|    learning_rate        | 0.0003      |
|    loss                 | 0.0547      |
|    n_updates            | 2190        |
|    policy_gradient_loss | -0.0075     |
|    value_loss           | 0.173       |
-----------------------------------------
------------------------------------------
| battle/                 |              |
|    draw_rate            | 0            |
|    loss_rate            | 0.565        |
|    win_rate             | 0.435        |
| time/                   |              |
|    fps                  | 3536         |
|    iterations           | 367          |
|    time_elapsed         | 637          |
|    total_timesteps      | 2254848      |
| train/                  |              |
|    approx_kl            | 0.0048704487 |
|    clip_fraction        | 0.0397       |
|    clip_range           | 0.2          |
|    entropy_loss         | -1.14        |
|    explained_variance   | 0.436        |
|    learning_rate        | 0.0003       |
|    loss                 | 0.055        |
|    n_updates            | 2196         |
|    policy_gradient_loss | -0.00588     |
|    value_loss           | 0.165        |
------------------------------------------
-----------------------------------------
| battle/                 |             |
|    draw_rate            | 0           |
|    loss_rate            | 0.552       |
|    win_rate             | 0.448       |
| time/                   |             |
|    fps                  | 3536        |
|    iterations           | 368         |
|    time_elapsed         | 639         |
|    total_timesteps      | 2260992     |
| train/                  |             |
|    approx_kl            | 0.007671369 |
|    clip_fraction        | 0.0521      |
|    clip_range           | 0.2         |
|    entropy_loss         | -1.15       |
|    explained_variance   | 0.398       |
|    learning_rate        | 0.0003      |
|    loss                 | 0.0422      |
|    n_updates            | 2202        |
|    policy_gradient_loss | -0.00768    |
|    value_loss           | 0.144       |
-----------------------------------------
-----------------------------------------
| battle/                 |             |
|    draw_rate            | 0           |
|    loss_rate            | 0.545       |
|    win_rate             | 0.455       |
| time/                   |             |
|    fps                  | 3536        |
|    iterations           | 369         |
|    time_elapsed         | 641         |
|    total_timesteps      | 2267136     |
| train/                  |             |
|    approx_kl            | 0.009214683 |
|    clip_fraction        | 0.0777      |
|    clip_range           | 0.2         |
|    entropy_loss         | -1.21       |
|    explained_variance   | 0.451       |
|    learning_rate        | 0.0003      |
|    loss                 | 0.0493      |
|    n_updates            | 2208        |
|    policy_gradient_loss | -0.00734    |
|    value_loss           | 0.162       |
-----------------------------------------
------------------------------------------
| battle/                 |              |
|    draw_rate            | 0            |
|    loss_rate            | 0.555        |
|    win_rate             | 0.445        |
| time/                   |              |
|    fps                  | 3536         |
|    iterations           | 370          |
|    time_elapsed         | 642          |
|    total_timesteps      | 2273280      |
| train/                  |              |
|    approx_kl            | 0.0077961073 |
|    clip_fraction        | 0.0472       |
|    clip_range           | 0.2          |
|    entropy_loss         | -1.16        |
|    explained_variance   | 0.438        |
|    learning_rate        | 0.0003       |
|    loss                 | 0.0476       |
|    n_updates            | 2214         |
|    policy_gradient_loss | -0.00693     |
|    value_loss           | 0.15         |
------------------------------------------
-----------------------------------------
| battle/                 |             |
|    draw_rate            | 0           |
|    loss_rate            | 0.557       |
|    win_rate             | 0.443       |
| time/                   |             |
|    fps                  | 3536        |
|    iterations           | 371         |
|    time_elapsed         | 644         |
|    total_timesteps      | 2279424     |
| train/                  |             |
|    approx_kl            | 0.006331971 |
|    clip_fraction        | 0.0398      |
|    clip_range           | 0.2         |
|    entropy_loss         | -1.1        |
|    explained_variance   | 0.425       |
|    learning_rate        | 0.0003      |
|    loss                 | 0.0423      |
|    n_updates            | 2220        |
|    policy_gradient_loss | -0.00626    |
|    value_loss           | 0.142       |
-----------------------------------------
------------------------------------------
| battle/                 |              |
|    draw_rate            | 0            |
|    loss_rate            | 0.537        |
|    win_rate             | 0.463        |
| time/                   |              |
|    fps                  | 3537         |
|    iterations           | 372          |
|    time_elapsed         | 646          |
|    total_timesteps      | 2285568      |
| train/                  |              |
|    approx_kl            | 0.0066986717 |
|    clip_fraction        | 0.0449       |
|    clip_range           | 0.2          |
|    entropy_loss         | -1.14        |
|    explained_variance   | 0.455        |
|    learning_rate        | 0.0003       |
|    loss                 | 0.0428       |
|    n_updates            | 2226         |
|    policy_gradient_loss | -0.00631     |
|    value_loss           | 0.144        |
------------------------------------------
-----------------------------------------
| battle/                 |             |
|    draw_rate            | 0           |
|    loss_rate            | 0.555       |
|    win_rate             | 0.445       |
| time/                   |             |
|    fps                  | 3537        |
|    iterations           | 373         |
|    time_elapsed         | 647         |
|    total_timesteps      | 2291712     |
| train/                  |             |
|    approx_kl            | 0.008389987 |
|    clip_fraction        | 0.0769      |
|    clip_range           | 0.2         |
|    entropy_loss         | -1.22       |
|    explained_variance   | 0.454       |
|    learning_rate        | 0.0003      |
|    loss                 | 0.038       |
|    n_updates            | 2232        |
|    policy_gradient_loss | -0.00601    |
|    value_loss           | 0.126       |
-----------------------------------------
------------------------------------------
| battle/                 |              |
|    draw_rate            | 0            |
|    loss_rate            | 0.573        |
|    win_rate             | 0.427        |
| time/                   |              |
|    fps                  | 3536         |
|    iterations           | 374          |
|    time_elapsed         | 649          |
|    total_timesteps      | 2297856      |
| train/                  |              |
|    approx_kl            | 0.0074209757 |
|    clip_fraction        | 0.0518       |
|    clip_range           | 0.2          |
|    entropy_loss         | -1.16        |
|    explained_variance   | 0.427        |
|    learning_rate        | 0.0003       |
|    loss                 | 0.0394       |
|    n_updates            | 2238         |
|    policy_gradient_loss | -0.00688     |
|    value_loss           | 0.147        |
------------------------------------------
-----------------------------------------
| battle/                 |             |
|    draw_rate            | 0           |
|    loss_rate            | 0.578       |
|    win_rate             | 0.422       |
| time/                   |             |
|    fps                  | 3536        |
|    iterations           | 375         |
|    time_elapsed         | 651         |
|    total_timesteps      | 2304000     |
| train/                  |             |
|    approx_kl            | 0.007878286 |
|    clip_fraction        | 0.0647      |
|    clip_range           | 0.2         |
|    entropy_loss         | -1.16       |
|    explained_variance   | 0.413       |
|    learning_rate        | 0.0003      |
|    loss                 | 0.0332      |
|    n_updates            | 2244        |
|    policy_gradient_loss | -0.00847    |
|    value_loss           | 0.129       |
-----------------------------------------
------------------------------------------
| battle/                 |              |
|    draw_rate            | 0            |
|    loss_rate            | 0.578        |
|    win_rate             | 0.422        |
| time/                   |              |
|    fps                  | 3536         |
|    iterations           | 376          |
|    time_elapsed         | 653          |
|    total_timesteps      | 2310144      |
| train/                  |              |
|    approx_kl            | 0.0070059556 |
|    clip_fraction        | 0.0541       |
|    clip_range           | 0.2          |
|    entropy_loss         | -1.19        |
|    explained_variance   | 0.454        |
|    learning_rate        | 0.0003       |
|    loss                 | 0.0465       |
|    n_updates            | 2250         |
|    policy_gradient_loss | -0.00668     |
|    value_loss           | 0.147        |
------------------------------------------
-----------------------------------------
| battle/                 |             |
|    draw_rate            | 0           |
|    loss_rate            | 0.59        |
|    win_rate             | 0.41        |
| time/                   |             |
|    fps                  | 3537        |
|    iterations           | 377         |
|    time_elapsed         | 654         |
|    total_timesteps      | 2316288     |
| train/                  |             |
|    approx_kl            | 0.008588059 |
|    clip_fraction        | 0.0598      |
|    clip_range           | 0.2         |
|    entropy_loss         | -1.19       |
|    explained_variance   | 0.458       |
|    learning_rate        | 0.0003      |
|    loss                 | 0.0417      |
|    n_updates            | 2256        |
|    policy_gradient_loss | -0.00745    |
|    value_loss           | 0.139       |
-----------------------------------------
-----------------------------------------
| battle/                 |             |
|    draw_rate            | 0           |
|    loss_rate            | 0.578       |
|    win_rate             | 0.422       |
| time/                   |             |
|    fps                  | 3537        |
|    iterations           | 378         |
|    time_elapsed         | 656         |
|    total_timesteps      | 2322432     |
| train/                  |             |
|    approx_kl            | 0.008074168 |
|    clip_fraction        | 0.0562      |
|    clip_range           | 0.2         |
|    entropy_loss         | -1.18       |
|    explained_variance   | 0.488       |
|    learning_rate        | 0.0003      |
|    loss                 | 0.0393      |
|    n_updates            | 2262        |
|    policy_gradient_loss | -0.00684    |
|    value_loss           | 0.146       |
-----------------------------------------
------------------------------------------
| battle/                 |              |
|    draw_rate            | 0            |
|    loss_rate            | 0.547        |
|    win_rate             | 0.453        |
| time/                   |              |
|    fps                  | 3537         |
|    iterations           | 379          |
|    time_elapsed         | 658          |
|    total_timesteps      | 2328576      |
| train/                  |              |
|    approx_kl            | 0.0078025567 |
|    clip_fraction        | 0.0591       |
|    clip_range           | 0.2          |
|    entropy_loss         | -1.2         |
|    explained_variance   | 0.457        |
|    learning_rate        | 0.0003       |
|    loss                 | 0.0423       |
|    n_updates            | 2268         |
|    policy_gradient_loss | -0.00742     |
|    value_loss           | 0.162        |
------------------------------------------
----------------------------------------
| battle/                 |            |
|    draw_rate            | 0          |
|    loss_rate            | 0.578      |
|    win_rate             | 0.422      |
| time/                   |            |
|    fps                  | 3537       |
|    iterations           | 380        |
|    time_elapsed         | 659        |
|    total_timesteps      | 2334720    |
| train/                  |            |
|    approx_kl            | 0.00616069 |
|    clip_fraction        | 0.0594     |
|    clip_range           | 0.2        |
|    entropy_loss         | -1.15      |
|    explained_variance   | 0.445      |
|    learning_rate        | 0.0003     |
|    loss                 | 0.0592     |
|    n_updates            | 2274       |
|    policy_gradient_loss | -0.00655   |
|    value_loss           | 0.167      |
----------------------------------------
------------------------------------------
| battle/                 |              |
|    draw_rate            | 0            |
|    loss_rate            | 0.555        |
|    win_rate             | 0.445        |
| time/                   |              |
|    fps                  | 3537         |
|    iterations           | 381          |
|    time_elapsed         | 661          |
|    total_timesteps      | 2340864      |
| train/                  |              |
|    approx_kl            | 0.0064527523 |
|    clip_fraction        | 0.0428       |
|    clip_range           | 0.2          |
|    entropy_loss         | -1.16        |
|    explained_variance   | 0.431        |
|    learning_rate        | 0.0003       |
|    loss                 | 0.0445       |
|    n_updates            | 2280         |
|    policy_gradient_loss | -0.00636     |
|    value_loss           | 0.141        |
------------------------------------------
----------------------------------------
| battle/                 |            |
|    draw_rate            | 0          |
|    loss_rate            | 0.542      |
|    win_rate             | 0.458      |
| time/                   |            |
|    fps                  | 3537       |
|    iterations           | 382        |
|    time_elapsed         | 663        |
|    total_timesteps      | 2347008    |
| train/                  |            |
|    approx_kl            | 0.00882734 |
|    clip_fraction        | 0.0803     |
|    clip_range           | 0.2        |
|    entropy_loss         | -1.16      |
|    explained_variance   | 0.341      |
|    learning_rate        | 0.0003     |
|    loss                 | 0.0571     |
|    n_updates            | 2286       |
|    policy_gradient_loss | -0.00836   |
|    value_loss           | 0.183      |
----------------------------------------
------------------------------------------
| battle/                 |              |
|    draw_rate            | 0            |
|    loss_rate            | 0.545        |
|    win_rate             | 0.455        |
| time/                   |              |
|    fps                  | 3537         |
|    iterations           | 383          |
|    time_elapsed         | 665          |
|    total_timesteps      | 2353152      |
| train/                  |              |
|    approx_kl            | 0.0068134204 |
|    clip_fraction        | 0.0448       |
|    clip_range           | 0.2          |
|    entropy_loss         | -1.15        |
|    explained_variance   | 0.413        |
|    learning_rate        | 0.0003       |
|    loss                 | 0.0579       |
|    n_updates            | 2292         |
|    policy_gradient_loss | -0.00638     |
|    value_loss           | 0.189        |
------------------------------------------
-----------------------------------------
| battle/                 |             |
|    draw_rate            | 0           |
|    loss_rate            | 0.565       |
|    win_rate             | 0.435       |
| time/                   |             |
|    fps                  | 3537        |
|    iterations           | 384         |
|    time_elapsed         | 666         |
|    total_timesteps      | 2359296     |
| train/                  |             |
|    approx_kl            | 0.005314792 |
|    clip_fraction        | 0.0436      |
|    clip_range           | 0.2         |
|    entropy_loss         | -1.13       |
|    explained_variance   | 0.442       |
|    learning_rate        | 0.0003      |
|    loss                 | 0.049       |
|    n_updates            | 2298        |
|    policy_gradient_loss | -0.00708    |
|    value_loss           | 0.154       |
-----------------------------------------
-----------------------------------------
| battle/                 |             |
|    draw_rate            | 0           |
|    loss_rate            | 0.527       |
|    win_rate             | 0.472       |
| time/                   |             |
|    fps                  | 3537        |
|    iterations           | 385         |
|    time_elapsed         | 668         |
|    total_timesteps      | 2365440     |
| train/                  |             |
|    approx_kl            | 0.005702559 |
|    clip_fraction        | 0.057       |
|    clip_range           | 0.2         |
|    entropy_loss         | -1.18       |
|    explained_variance   | 0.45        |
|    learning_rate        | 0.0003      |
|    loss                 | 0.0494      |
|    n_updates            | 2304        |
|    policy_gradient_loss | -0.00584    |
|    value_loss           | 0.148       |
-----------------------------------------
------------------------------------------
| battle/                 |              |
|    draw_rate            | 0            |
|    loss_rate            | 0.542        |
|    win_rate             | 0.458        |
| time/                   |              |
|    fps                  | 3536         |
|    iterations           | 386          |
|    time_elapsed         | 670          |
|    total_timesteps      | 2371584      |
| train/                  |              |
|    approx_kl            | 0.0054573505 |
|    clip_fraction        | 0.0379       |
|    clip_range           | 0.2          |
|    entropy_loss         | -1.14        |
|    explained_variance   | 0.419        |
|    learning_rate        | 0.0003       |
|    loss                 | 0.0558       |
|    n_updates            | 2310         |
|    policy_gradient_loss | -0.00662     |
|    value_loss           | 0.171        |
------------------------------------------
----------------------------------------
| battle/                 |            |
|    draw_rate            | 0          |
|    loss_rate            | 0.57       |
|    win_rate             | 0.43       |
| time/                   |            |
|    fps                  | 3536       |
|    iterations           | 387        |
|    time_elapsed         | 672        |
|    total_timesteps      | 2377728    |
| train/                  |            |
|    approx_kl            | 0.00605295 |
|    clip_fraction        | 0.0451     |
|    clip_range           | 0.2        |
|    entropy_loss         | -1.22      |
|    explained_variance   | 0.429      |
|    learning_rate        | 0.0003     |
|    loss                 | 0.0392     |
|    n_updates            | 2316       |
|    policy_gradient_loss | -0.00616   |
|    value_loss           | 0.144      |
----------------------------------------
------------------------------------------
| battle/                 |              |
|    draw_rate            | 0            |
|    loss_rate            | 0.578        |
|    win_rate             | 0.422        |
| time/                   |              |
|    fps                  | 3536         |
|    iterations           | 388          |
|    time_elapsed         | 674          |
|    total_timesteps      | 2383872      |
| train/                  |              |
|    approx_kl            | 0.0071940734 |
|    clip_fraction        | 0.0576       |
|    clip_range           | 0.2          |
|    entropy_loss         | -1.16        |
|    explained_variance   | 0.45         |
|    learning_rate        | 0.0003       |
|    loss                 | 0.0512       |
|    n_updates            | 2322         |
|    policy_gradient_loss | -0.00692     |
|    value_loss           | 0.179        |
------------------------------------------
-----------------------------------------
| battle/                 |             |
|    draw_rate            | 0           |
|    loss_rate            | 0.545       |
|    win_rate             | 0.455       |
| time/                   |             |
|    fps                  | 3536        |
|    iterations           | 389         |
|    time_elapsed         | 675         |
|    total_timesteps      | 2390016     |
| train/                  |             |
|    approx_kl            | 0.010348938 |
|    clip_fraction        | 0.0713      |
|    clip_range           | 0.2         |
|    entropy_loss         | -1.19       |
|    explained_variance   | 0.393       |
|    learning_rate        | 0.0003      |
|    loss                 | 0.0362      |
|    n_updates            | 2328        |
|    policy_gradient_loss | -0.00784    |
|    value_loss           | 0.138       |
-----------------------------------------
------------------------------------------
| battle/                 |              |
|    draw_rate            | 0            |
|    loss_rate            | 0.573        |
|    win_rate             | 0.427        |
| time/                   |              |
|    fps                  | 3537         |
|    iterations           | 390          |
|    time_elapsed         | 677          |
|    total_timesteps      | 2396160      |
| train/                  |              |
|    approx_kl            | 0.0073111155 |
|    clip_fraction        | 0.0441       |
|    clip_range           | 0.2          |
|    entropy_loss         | -1.15        |
|    explained_variance   | 0.404        |
|    learning_rate        | 0.0003       |
|    loss                 | 0.06         |
|    n_updates            | 2334         |
|    policy_gradient_loss | -0.00665     |
|    value_loss           | 0.184        |
------------------------------------------
------------------------------------------
| battle/                 |              |
|    draw_rate            | 0            |
|    loss_rate            | 0.578        |
|    win_rate             | 0.422        |
| time/                   |              |
|    fps                  | 3536         |
|    iterations           | 391          |
|    time_elapsed         | 679          |
|    total_timesteps      | 2402304      |
| train/                  |              |
|    approx_kl            | 0.0066473545 |
|    clip_fraction        | 0.0632       |
|    clip_range           | 0.2          |
|    entropy_loss         | -1.18        |
|    explained_variance   | 0.489        |
|    learning_rate        | 0.0003       |
|    loss                 | 0.0569       |
|    n_updates            | 2340         |
|    policy_gradient_loss | -0.00656     |
|    value_loss           | 0.167        |
------------------------------------------
-----------------------------------------
| battle/                 |             |
|    draw_rate            | 0           |
|    loss_rate            | 0.568       |
|    win_rate             | 0.432       |
| time/                   |             |
|    fps                  | 3536        |
|    iterations           | 392         |
|    time_elapsed         | 681         |
|    total_timesteps      | 2408448     |
| train/                  |             |
|    approx_kl            | 0.005657647 |
|    clip_fraction        | 0.0451      |
|    clip_range           | 0.2         |
|    entropy_loss         | -1.16       |
|    explained_variance   | 0.462       |
|    learning_rate        | 0.0003      |
|    loss                 | 0.0561      |
|    n_updates            | 2346        |
|    policy_gradient_loss | -0.00632    |
|    value_loss           | 0.174       |
-----------------------------------------
-----------------------------------------
| battle/                 |             |
|    draw_rate            | 0           |
|    loss_rate            | 0.573       |
|    win_rate             | 0.427       |
| time/                   |             |
|    fps                  | 3536        |
|    iterations           | 393         |
|    time_elapsed         | 682         |
|    total_timesteps      | 2414592     |
| train/                  |             |
|    approx_kl            | 0.007492997 |
|    clip_fraction        | 0.051       |
|    clip_range           | 0.2         |
|    entropy_loss         | -1.14       |
|    explained_variance   | 0.426       |
|    learning_rate        | 0.0003      |
|    loss                 | 0.0443      |
|    n_updates            | 2352        |
|    policy_gradient_loss | -0.00776    |
|    value_loss           | 0.142       |
-----------------------------------------
----------------------------------------
| battle/                 |            |
|    draw_rate            | 0          |
|    loss_rate            | 0.588      |
|    win_rate             | 0.412      |
| time/                   |            |
|    fps                  | 3536       |
|    iterations           | 394        |
|    time_elapsed         | 684        |
|    total_timesteps      | 2420736    |
| train/                  |            |
|    approx_kl            | 0.00701833 |
|    clip_fraction        | 0.0688     |
|    clip_range           | 0.2        |
|    entropy_loss         | -1.2       |
|    explained_variance   | 0.5        |
|    learning_rate        | 0.0003     |
|    loss                 | 0.0365     |
|    n_updates            | 2358       |
|    policy_gradient_loss | -0.00804   |
|    value_loss           | 0.133      |
----------------------------------------
-----------------------------------------
| battle/                 |             |
|    draw_rate            | 0           |
|    loss_rate            | 0.588       |
|    win_rate             | 0.412       |
| time/                   |             |
|    fps                  | 3536        |
|    iterations           | 395         |
|    time_elapsed         | 686         |
|    total_timesteps      | 2426880     |
| train/                  |             |
|    approx_kl            | 0.006824603 |
|    clip_fraction        | 0.0489      |
|    clip_range           | 0.2         |
|    entropy_loss         | -1.17       |
|    explained_variance   | 0.481       |
|    learning_rate        | 0.0003      |
|    loss                 | 0.0582      |
|    n_updates            | 2364        |
|    policy_gradient_loss | -0.00624    |
|    value_loss           | 0.16        |
-----------------------------------------
------------------------------------------
| battle/                 |              |
|    draw_rate            | 0            |
|    loss_rate            | 0.595        |
|    win_rate             | 0.405        |
| time/                   |              |
|    fps                  | 3536         |
|    iterations           | 396          |
|    time_elapsed         | 687          |
|    total_timesteps      | 2433024      |
| train/                  |              |
|    approx_kl            | 0.0072134114 |
|    clip_fraction        | 0.0665       |
|    clip_range           | 0.2          |
|    entropy_loss         | -1.14        |
|    explained_variance   | 0.448        |
|    learning_rate        | 0.0003       |
|    loss                 | 0.0509       |
|    n_updates            | 2370         |
|    policy_gradient_loss | -0.00725     |
|    value_loss           | 0.157        |
------------------------------------------
-----------------------------------------
| battle/                 |             |
|    draw_rate            | 0           |
|    loss_rate            | 0.595       |
|    win_rate             | 0.405       |
| time/                   |             |
|    fps                  | 3536        |
|    iterations           | 397         |
|    time_elapsed         | 689         |
|    total_timesteps      | 2439168     |
| train/                  |             |
|    approx_kl            | 0.008604517 |
|    clip_fraction        | 0.0768      |
|    clip_range           | 0.2         |
|    entropy_loss         | -1.17       |
|    explained_variance   | 0.441       |
|    learning_rate        | 0.0003      |
|    loss                 | 0.0461      |
|    n_updates            | 2376        |
|    policy_gradient_loss | -0.00823    |
|    value_loss           | 0.147       |
-----------------------------------------
-----------------------------------------
| battle/                 |             |
|    draw_rate            | 0           |
|    loss_rate            | 0.58        |
|    win_rate             | 0.42        |
| time/                   |             |
|    fps                  | 3536        |
|    iterations           | 398         |
|    time_elapsed         | 691         |
|    total_timesteps      | 2445312     |
| train/                  |             |
|    approx_kl            | 0.005692773 |
|    clip_fraction        | 0.0509      |
|    clip_range           | 0.2         |
|    entropy_loss         | -1.23       |
|    explained_variance   | 0.49        |
|    learning_rate        | 0.0003      |
|    loss                 | 0.0506      |
|    n_updates            | 2382        |
|    policy_gradient_loss | -0.00692    |
|    value_loss           | 0.164       |
-----------------------------------------
-----------------------------------------
| battle/                 |             |
|    draw_rate            | 0           |
|    loss_rate            | 0.568       |
|    win_rate             | 0.432       |
| time/                   |             |
|    fps                  | 3536        |
|    iterations           | 399         |
|    time_elapsed         | 693         |
|    total_timesteps      | 2451456     |
| train/                  |             |
|    approx_kl            | 0.006996693 |
|    clip_fraction        | 0.053       |
|    clip_range           | 0.2         |
|    entropy_loss         | -1.16       |
|    explained_variance   | 0.407       |
|    learning_rate        | 0.0003      |
|    loss                 | 0.051       |
|    n_updates            | 2388        |
|    policy_gradient_loss | -0.00777    |
|    value_loss           | 0.158       |
-----------------------------------------
------------------------------------------
| battle/                 |              |
|    draw_rate            | 0            |
|    loss_rate            | 0.57         |
|    win_rate             | 0.43         |
| time/                   |              |
|    fps                  | 3536         |
|    iterations           | 400          |
|    time_elapsed         | 694          |
|    total_timesteps      | 2457600      |
| train/                  |              |
|    approx_kl            | 0.0069936723 |
|    clip_fraction        | 0.0588       |
|    clip_range           | 0.2          |
|    entropy_loss         | -1.21        |
|    explained_variance   | 0.355        |
|    learning_rate        | 0.0003       |
|    loss                 | 0.0492       |
|    n_updates            | 2394         |
|    policy_gradient_loss | -0.00773     |
|    value_loss           | 0.153        |
------------------------------------------
------------------------------------------
| battle/                 |              |
|    draw_rate            | 0            |
|    loss_rate            | 0.575        |
|    win_rate             | 0.425        |
| time/                   |              |
|    fps                  | 3536         |
|    iterations           | 401          |
|    time_elapsed         | 696          |
|    total_timesteps      | 2463744      |
| train/                  |              |
|    approx_kl            | 0.0067214626 |
|    clip_fraction        | 0.0516       |
|    clip_range           | 0.2          |
|    entropy_loss         | -1.2         |
|    explained_variance   | 0.446        |
|    learning_rate        | 0.0003       |
|    loss                 | 0.0514       |
|    n_updates            | 2400         |
|    policy_gradient_loss | -0.00604     |
|    value_loss           | 0.146        |
------------------------------------------
------------------------------------------
| battle/                 |              |
|    draw_rate            | 0            |
|    loss_rate            | 0.575        |
|    win_rate             | 0.425        |
| time/                   |              |
|    fps                  | 3536         |
|    iterations           | 402          |
|    time_elapsed         | 698          |
|    total_timesteps      | 2469888      |
| train/                  |              |
|    approx_kl            | 0.0073516914 |
|    clip_fraction        | 0.0688       |
|    clip_range           | 0.2          |
|    entropy_loss         | -1.14        |
|    explained_variance   | 0.39         |
|    learning_rate        | 0.0003       |
|    loss                 | 0.0632       |
|    n_updates            | 2406         |
|    policy_gradient_loss | -0.00755     |
|    value_loss           | 0.181        |
------------------------------------------
-----------------------------------------
| battle/                 |             |
|    draw_rate            | 0           |
|    loss_rate            | 0.58        |
|    win_rate             | 0.42        |
| time/                   |             |
|    fps                  | 3536        |
|    iterations           | 403         |
|    time_elapsed         | 700         |
|    total_timesteps      | 2476032     |
| train/                  |             |
|    approx_kl            | 0.006310357 |
|    clip_fraction        | 0.0561      |
|    clip_range           | 0.2         |
|    entropy_loss         | -1.2        |
|    explained_variance   | 0.405       |
|    learning_rate        | 0.0003      |
|    loss                 | 0.0458      |
|    n_updates            | 2412        |
|    policy_gradient_loss | -0.00631    |
|    value_loss           | 0.15        |
-----------------------------------------
-----------------------------------------
| battle/                 |             |
|    draw_rate            | 0           |
|    loss_rate            | 0.585       |
|    win_rate             | 0.415       |
| time/                   |             |
|    fps                  | 3535        |
|    iterations           | 404         |
|    time_elapsed         | 702         |
|    total_timesteps      | 2482176     |
| train/                  |             |
|    approx_kl            | 0.007040117 |
|    clip_fraction        | 0.052       |
|    clip_range           | 0.2         |
|    entropy_loss         | -1.15       |
|    explained_variance   | 0.426       |
|    learning_rate        | 0.0003      |
|    loss                 | 0.0319      |
|    n_updates            | 2418        |
|    policy_gradient_loss | -0.00721    |
|    value_loss           | 0.127       |
-----------------------------------------
-----------------------------------------
| battle/                 |             |
|    draw_rate            | 0           |
|    loss_rate            | 0.573       |
|    win_rate             | 0.427       |
| time/                   |             |
|    fps                  | 3535        |
|    iterations           | 405         |
|    time_elapsed         | 703         |
|    total_timesteps      | 2488320     |
| train/                  |             |
|    approx_kl            | 0.008964643 |
|    clip_fraction        | 0.0588      |
|    clip_range           | 0.2         |
|    entropy_loss         | -1.15       |
|    explained_variance   | 0.529       |
|    learning_rate        | 0.0003      |
|    loss                 | 0.0368      |
|    n_updates            | 2424        |
|    policy_gradient_loss | -0.00797    |
|    value_loss           | 0.139       |
-----------------------------------------
------------------------------------------
| battle/                 |              |
|    draw_rate            | 0            |
|    loss_rate            | 0.583        |
|    win_rate             | 0.417        |
| time/                   |              |
|    fps                  | 3535         |
|    iterations           | 406          |
|    time_elapsed         | 705          |
|    total_timesteps      | 2494464      |
| train/                  |              |
|    approx_kl            | 0.0068890937 |
|    clip_fraction        | 0.0513       |
|    clip_range           | 0.2          |
|    entropy_loss         | -1.16        |
|    explained_variance   | 0.461        |
|    learning_rate        | 0.0003       |
|    loss                 | 0.053        |
|    n_updates            | 2430         |
|    policy_gradient_loss | -0.00679     |
|    value_loss           | 0.158        |
------------------------------------------

[eval @ 2,500,608 steps] 确定性评估胜率: 38.0%
-----------------------------------------
| battle/                 |             |
|    draw_rate            | 0           |
|    eval_win_rate        | 0.38        |
|    loss_rate            | 0.56        |
|    win_rate             | 0.44        |
| time/                   |             |
|    fps                  | 3517        |
|    iterations           | 407         |
|    time_elapsed         | 710         |
|    total_timesteps      | 2500608     |
| train/                  |             |
|    approx_kl            | 0.009235135 |
|    clip_fraction        | 0.0629      |
|    clip_range           | 0.2         |
|    entropy_loss         | -1.2        |
|    explained_variance   | 0.379       |
|    learning_rate        | 0.0003      |
|    loss                 | 0.034       |
|    n_updates            | 2436        |
|    policy_gradient_loss | -0.00715    |
|    value_loss           | 0.14        |
-----------------------------------------
-----------------------------------------
| battle/                 |             |
|    draw_rate            | 0           |
|    loss_rate            | 0.545       |
|    win_rate             | 0.455       |
| time/                   |             |
|    fps                  | 3516        |
|    iterations           | 408         |
|    time_elapsed         | 712         |
|    total_timesteps      | 2506752     |
| train/                  |             |
|    approx_kl            | 0.007552927 |
|    clip_fraction        | 0.049       |
|    clip_range           | 0.2         |
|    entropy_loss         | -1.22       |
|    explained_variance   | 0.363       |
|    learning_rate        | 0.0003      |
|    loss                 | 0.0496      |
|    n_updates            | 2442        |
|    policy_gradient_loss | -0.00601    |
|    value_loss           | 0.162       |
-----------------------------------------
-----------------------------------------
| battle/                 |             |
|    draw_rate            | 0           |
|    loss_rate            | 0.555       |
|    win_rate             | 0.445       |
| time/                   |             |
|    fps                  | 3516        |
|    iterations           | 409         |
|    time_elapsed         | 714         |
|    total_timesteps      | 2512896     |
| train/                  |             |
|    approx_kl            | 0.008566692 |
|    clip_fraction        | 0.056       |
|    clip_range           | 0.2         |
|    entropy_loss         | -1.22       |
|    explained_variance   | 0.395       |
|    learning_rate        | 0.0003      |
|    loss                 | 0.0505      |
|    n_updates            | 2448        |
|    policy_gradient_loss | -0.00766    |
|    value_loss           | 0.165       |
-----------------------------------------
-----------------------------------------
| battle/                 |             |
|    draw_rate            | 0           |
|    loss_rate            | 0.583       |
|    win_rate             | 0.417       |
| time/                   |             |
|    fps                  | 3516        |
|    iterations           | 410         |
|    time_elapsed         | 716         |
|    total_timesteps      | 2519040     |
| train/                  |             |
|    approx_kl            | 0.005463723 |
|    clip_fraction        | 0.032       |
|    clip_range           | 0.2         |
|    entropy_loss         | -1.2        |
|    explained_variance   | 0.369       |
|    learning_rate        | 0.0003      |
|    loss                 | 0.0549      |
|    n_updates            | 2454        |
|    policy_gradient_loss | -0.00645    |
|    value_loss           | 0.172       |
-----------------------------------------
-----------------------------------------
| battle/                 |             |
|    draw_rate            | 0           |
|    loss_rate            | 0.598       |
|    win_rate             | 0.403       |
| time/                   |             |
|    fps                  | 3516        |
|    iterations           | 411         |
|    time_elapsed         | 718         |
|    total_timesteps      | 2525184     |
| train/                  |             |
|    approx_kl            | 0.008485743 |
|    clip_fraction        | 0.0665      |
|    clip_range           | 0.2         |
|    entropy_loss         | -1.26       |
|    explained_variance   | 0.441       |
|    learning_rate        | 0.0003      |
|    loss                 | 0.0454      |
|    n_updates            | 2460        |
|    policy_gradient_loss | -0.00781    |
|    value_loss           | 0.152       |
-----------------------------------------
-----------------------------------------
| battle/                 |             |
|    draw_rate            | 0           |
|    loss_rate            | 0.6         |
|    win_rate             | 0.4         |
| time/                   |             |
|    fps                  | 3516        |
|    iterations           | 412         |
|    time_elapsed         | 719         |
|    total_timesteps      | 2531328     |
| train/                  |             |
|    approx_kl            | 0.006228315 |
|    clip_fraction        | 0.0386      |
|    clip_range           | 0.2         |
|    entropy_loss         | -1.21       |
|    explained_variance   | 0.442       |
|    learning_rate        | 0.0003      |
|    loss                 | 0.0398      |
|    n_updates            | 2466        |
|    policy_gradient_loss | -0.00664    |
|    value_loss           | 0.135       |
-----------------------------------------
-----------------------------------------
| battle/                 |             |
|    draw_rate            | 0           |
|    loss_rate            | 0.615       |
|    win_rate             | 0.385       |
| time/                   |             |
|    fps                  | 3516        |
|    iterations           | 413         |
|    time_elapsed         | 721         |
|    total_timesteps      | 2537472     |
| train/                  |             |
|    approx_kl            | 0.008125406 |
|    clip_fraction        | 0.0573      |
|    clip_range           | 0.2         |
|    entropy_loss         | -1.18       |
|    explained_variance   | 0.486       |
|    learning_rate        | 0.0003      |
|    loss                 | 0.0448      |
|    n_updates            | 2472        |
|    policy_gradient_loss | -0.00737    |
|    value_loss           | 0.153       |
-----------------------------------------
------------------------------------------
| battle/                 |              |
|    draw_rate            | 0            |
|    loss_rate            | 0.625        |
|    win_rate             | 0.375        |
| time/                   |              |
|    fps                  | 3516         |
|    iterations           | 414          |
|    time_elapsed         | 723          |
|    total_timesteps      | 2543616      |
| train/                  |              |
|    approx_kl            | 0.0070583955 |
|    clip_fraction        | 0.0435       |
|    clip_range           | 0.2          |
|    entropy_loss         | -1.28        |
|    explained_variance   | 0.498        |
|    learning_rate        | 0.0003       |
|    loss                 | 0.0376       |
|    n_updates            | 2478         |
|    policy_gradient_loss | -0.00676     |
|    value_loss           | 0.139        |
------------------------------------------
------------------------------------------
| battle/                 |              |
|    draw_rate            | 0            |
|    loss_rate            | 0.618        |
|    win_rate             | 0.383        |
| time/                   |              |
|    fps                  | 3516         |
|    iterations           | 415          |
|    time_elapsed         | 725          |
|    total_timesteps      | 2549760      |
| train/                  |              |
|    approx_kl            | 0.0066065383 |
|    clip_fraction        | 0.0551       |
|    clip_range           | 0.2          |
|    entropy_loss         | -1.25        |
|    explained_variance   | 0.428        |
|    learning_rate        | 0.0003       |
|    loss                 | 0.0334       |
|    n_updates            | 2484         |
|    policy_gradient_loss | -0.00702     |
|    value_loss           | 0.131        |
------------------------------------------
------------------------------------------
| battle/                 |              |
|    draw_rate            | 0            |
|    loss_rate            | 0.61         |
|    win_rate             | 0.39         |
| time/                   |              |
|    fps                  | 3516         |
|    iterations           | 416          |
|    time_elapsed         | 726          |
|    total_timesteps      | 2555904      |
| train/                  |              |
|    approx_kl            | 0.0064859744 |
|    clip_fraction        | 0.0469       |
|    clip_range           | 0.2          |
|    entropy_loss         | -1.28        |
|    explained_variance   | 0.495        |
|    learning_rate        | 0.0003       |
|    loss                 | 0.04         |
|    n_updates            | 2490         |
|    policy_gradient_loss | -0.00738     |
|    value_loss           | 0.139        |
------------------------------------------
-----------------------------------------
| battle/                 |             |
|    draw_rate            | 0           |
|    loss_rate            | 0.595       |
|    win_rate             | 0.405       |
| time/                   |             |
|    fps                  | 3516        |
|    iterations           | 417         |
|    time_elapsed         | 728         |
|    total_timesteps      | 2562048     |
| train/                  |             |
|    approx_kl            | 0.008698619 |
|    clip_fraction        | 0.0664      |
|    clip_range           | 0.2         |
|    entropy_loss         | -1.22       |
|    explained_variance   | 0.487       |
|    learning_rate        | 0.0003      |
|    loss                 | 0.0425      |
|    n_updates            | 2496        |
|    policy_gradient_loss | -0.00779    |
|    value_loss           | 0.147       |
-----------------------------------------
------------------------------------------
| battle/                 |              |
|    draw_rate            | 0            |
|    loss_rate            | 0.593        |
|    win_rate             | 0.407        |
| time/                   |              |
|    fps                  | 3516         |
|    iterations           | 418          |
|    time_elapsed         | 730          |
|    total_timesteps      | 2568192      |
| train/                  |              |
|    approx_kl            | 0.0055186846 |
|    clip_fraction        | 0.0491       |
|    clip_range           | 0.2          |
|    entropy_loss         | -1.26        |
|    explained_variance   | 0.461        |
|    learning_rate        | 0.0003       |
|    loss                 | 0.0424       |
|    n_updates            | 2502         |
|    policy_gradient_loss | -0.00609     |
|    value_loss           | 0.141        |
------------------------------------------
-----------------------------------------
| battle/                 |             |
|    draw_rate            | 0           |
|    loss_rate            | 0.58        |
|    win_rate             | 0.42        |
| time/                   |             |
|    fps                  | 3516        |
|    iterations           | 419         |
|    time_elapsed         | 732         |
|    total_timesteps      | 2574336     |
| train/                  |             |
|    approx_kl            | 0.006094227 |
|    clip_fraction        | 0.0532      |
|    clip_range           | 0.2         |
|    entropy_loss         | -1.19       |
|    explained_variance   | 0.478       |
|    learning_rate        | 0.0003      |
|    loss                 | 0.0413      |
|    n_updates            | 2508        |
|    policy_gradient_loss | -0.00645    |
|    value_loss           | 0.128       |
-----------------------------------------
-----------------------------------------
| battle/                 |             |
|    draw_rate            | 0           |
|    loss_rate            | 0.562       |
|    win_rate             | 0.438       |
| time/                   |             |
|    fps                  | 3516        |
|    iterations           | 420         |
|    time_elapsed         | 733         |
|    total_timesteps      | 2580480     |
| train/                  |             |
|    approx_kl            | 0.008519939 |
|    clip_fraction        | 0.0498      |
|    clip_range           | 0.2         |
|    entropy_loss         | -1.28       |
|    explained_variance   | 0.417       |
|    learning_rate        | 0.0003      |
|    loss                 | 0.0391      |
|    n_updates            | 2514        |
|    policy_gradient_loss | -0.00728    |
|    value_loss           | 0.147       |
-----------------------------------------
-----------------------------------------
| battle/                 |             |
|    draw_rate            | 0           |
|    loss_rate            | 0.565       |
|    win_rate             | 0.435       |
| time/                   |             |
|    fps                  | 3515        |
|    iterations           | 421         |
|    time_elapsed         | 735         |
|    total_timesteps      | 2586624     |
| train/                  |             |
|    approx_kl            | 0.008199903 |
|    clip_fraction        | 0.0613      |
|    clip_range           | 0.2         |
|    entropy_loss         | -1.29       |
|    explained_variance   | 0.393       |
|    learning_rate        | 0.0003      |
|    loss                 | 0.0315      |
|    n_updates            | 2520        |
|    policy_gradient_loss | -0.00696    |
|    value_loss           | 0.133       |
-----------------------------------------
------------------------------------------
| battle/                 |              |
|    draw_rate            | 0            |
|    loss_rate            | 0.56         |
|    win_rate             | 0.44         |
| time/                   |              |
|    fps                  | 3515         |
|    iterations           | 422          |
|    time_elapsed         | 737          |
|    total_timesteps      | 2592768      |
| train/                  |              |
|    approx_kl            | 0.0069890674 |
|    clip_fraction        | 0.0567       |
|    clip_range           | 0.2          |
|    entropy_loss         | -1.23        |
|    explained_variance   | 0.428        |
|    learning_rate        | 0.0003       |
|    loss                 | 0.0457       |
|    n_updates            | 2526         |
|    policy_gradient_loss | -0.00663     |
|    value_loss           | 0.146        |
------------------------------------------
------------------------------------------
| battle/                 |              |
|    draw_rate            | 0            |
|    loss_rate            | 0.557        |
|    win_rate             | 0.443        |
| time/                   |              |
|    fps                  | 3515         |
|    iterations           | 423          |
|    time_elapsed         | 739          |
|    total_timesteps      | 2598912      |
| train/                  |              |
|    approx_kl            | 0.0053243446 |
|    clip_fraction        | 0.032        |
|    clip_range           | 0.2          |
|    entropy_loss         | -1.2         |
|    explained_variance   | 0.43         |
|    learning_rate        | 0.0003       |
|    loss                 | 0.0405       |
|    n_updates            | 2532         |
|    policy_gradient_loss | -0.00647     |
|    value_loss           | 0.136        |
------------------------------------------
------------------------------------------
| battle/                 |              |
|    draw_rate            | 0            |
|    loss_rate            | 0.55         |
|    win_rate             | 0.45         |
| time/                   |              |
|    fps                  | 3515         |
|    iterations           | 424          |
|    time_elapsed         | 740          |
|    total_timesteps      | 2605056      |
| train/                  |              |
|    approx_kl            | 0.0061842897 |
|    clip_fraction        | 0.0554       |
|    clip_range           | 0.2          |
|    entropy_loss         | -1.25        |
|    explained_variance   | 0.334        |
|    learning_rate        | 0.0003       |
|    loss                 | 0.0544       |
|    n_updates            | 2538         |
|    policy_gradient_loss | -0.00805     |
|    value_loss           | 0.166        |
------------------------------------------
------------------------------------------
| battle/                 |              |
|    draw_rate            | 0            |
|    loss_rate            | 0.575        |
|    win_rate             | 0.425        |
| time/                   |              |
|    fps                  | 3515         |
|    iterations           | 425          |
|    time_elapsed         | 742          |
|    total_timesteps      | 2611200      |
| train/                  |              |
|    approx_kl            | 0.0073931837 |
|    clip_fraction        | 0.0548       |
|    clip_range           | 0.2          |
|    entropy_loss         | -1.21        |
|    explained_variance   | 0.443        |
|    learning_rate        | 0.0003       |
|    loss                 | 0.0496       |
|    n_updates            | 2544         |
|    policy_gradient_loss | -0.00719     |
|    value_loss           | 0.16         |
------------------------------------------
-----------------------------------------
| battle/                 |             |
|    draw_rate            | 0           |
|    loss_rate            | 0.56        |
|    win_rate             | 0.44        |
| time/                   |             |
|    fps                  | 3515        |
|    iterations           | 426         |
|    time_elapsed         | 744         |
|    total_timesteps      | 2617344     |
| train/                  |             |
|    approx_kl            | 0.007681979 |
|    clip_fraction        | 0.0503      |
|    clip_range           | 0.2         |
|    entropy_loss         | -1.24       |
|    explained_variance   | 0.511       |
|    learning_rate        | 0.0003      |
|    loss                 | 0.0404      |
|    n_updates            | 2550        |
|    policy_gradient_loss | -0.00727    |
|    value_loss           | 0.144       |
-----------------------------------------
------------------------------------------
| battle/                 |              |
|    draw_rate            | 0            |
|    loss_rate            | 0.575        |
|    win_rate             | 0.425        |
| time/                   |              |
|    fps                  | 3515         |
|    iterations           | 427          |
|    time_elapsed         | 746          |
|    total_timesteps      | 2623488      |
| train/                  |              |
|    approx_kl            | 0.0077752382 |
|    clip_fraction        | 0.0431       |
|    clip_range           | 0.2          |
|    entropy_loss         | -1.22        |
|    explained_variance   | 0.401        |
|    learning_rate        | 0.0003       |
|    loss                 | 0.0406       |
|    n_updates            | 2556         |
|    policy_gradient_loss | -0.00716     |
|    value_loss           | 0.149        |
------------------------------------------
-----------------------------------------
| battle/                 |             |
|    draw_rate            | 0           |
|    loss_rate            | 0.565       |
|    win_rate             | 0.435       |
| time/                   |             |
|    fps                  | 3515        |
|    iterations           | 428         |
|    time_elapsed         | 748         |
|    total_timesteps      | 2629632     |
| train/                  |             |
|    approx_kl            | 0.007983144 |
|    clip_fraction        | 0.0448      |
|    clip_range           | 0.2         |
|    entropy_loss         | -1.21       |
|    explained_variance   | 0.454       |
|    learning_rate        | 0.0003      |
|    loss                 | 0.0303      |
|    n_updates            | 2562        |
|    policy_gradient_loss | -0.00708    |
|    value_loss           | 0.126       |
-----------------------------------------
------------------------------------------
| battle/                 |              |
|    draw_rate            | 0            |
|    loss_rate            | 0.58         |
|    win_rate             | 0.42         |
| time/                   |              |
|    fps                  | 3515         |
|    iterations           | 429          |
|    time_elapsed         | 749          |
|    total_timesteps      | 2635776      |
| train/                  |              |
|    approx_kl            | 0.0050756005 |
|    clip_fraction        | 0.0381       |
|    clip_range           | 0.2          |
|    entropy_loss         | -1.25        |
|    explained_variance   | 0.401        |
|    learning_rate        | 0.0003       |
|    loss                 | 0.0597       |
|    n_updates            | 2568         |
|    policy_gradient_loss | -0.00632     |
|    value_loss           | 0.182        |
------------------------------------------
-----------------------------------------
| battle/                 |             |
|    draw_rate            | 0           |
|    loss_rate            | 0.56        |
|    win_rate             | 0.44        |
| time/                   |             |
|    fps                  | 3514        |
|    iterations           | 430         |
|    time_elapsed         | 751         |
|    total_timesteps      | 2641920     |
| train/                  |             |
|    approx_kl            | 0.007909273 |
|    clip_fraction        | 0.0607      |
|    clip_range           | 0.2         |
|    entropy_loss         | -1.24       |
|    explained_variance   | 0.423       |
|    learning_rate        | 0.0003      |
|    loss                 | 0.0446      |
|    n_updates            | 2574        |
|    policy_gradient_loss | -0.00759    |
|    value_loss           | 0.14        |
-----------------------------------------
-----------------------------------------
| battle/                 |             |
|    draw_rate            | 0           |
|    loss_rate            | 0.557       |
|    win_rate             | 0.443       |
| time/                   |             |
|    fps                  | 3514        |
|    iterations           | 431         |
|    time_elapsed         | 753         |
|    total_timesteps      | 2648064     |
| train/                  |             |
|    approx_kl            | 0.008656543 |
|    clip_fraction        | 0.0621      |
|    clip_range           | 0.2         |
|    entropy_loss         | -1.19       |
|    explained_variance   | 0.482       |
|    learning_rate        | 0.0003      |
|    loss                 | 0.0495      |
|    n_updates            | 2580        |
|    policy_gradient_loss | -0.00756    |
|    value_loss           | 0.148       |
-----------------------------------------
------------------------------------------
| battle/                 |              |
|    draw_rate            | 0            |
|    loss_rate            | 0.542        |
|    win_rate             | 0.458        |
| time/                   |              |
|    fps                  | 3514         |
|    iterations           | 432          |
|    time_elapsed         | 755          |
|    total_timesteps      | 2654208      |
| train/                  |              |
|    approx_kl            | 0.0063388185 |
|    clip_fraction        | 0.0276       |
|    clip_range           | 0.2          |
|    entropy_loss         | -1.2         |
|    explained_variance   | 0.496        |
|    learning_rate        | 0.0003       |
|    loss                 | 0.0316       |
|    n_updates            | 2586         |
|    policy_gradient_loss | -0.0063      |
|    value_loss           | 0.111        |
------------------------------------------
------------------------------------------
| battle/                 |              |
|    draw_rate            | 0            |
|    loss_rate            | 0.545        |
|    win_rate             | 0.455        |
| time/                   |              |
|    fps                  | 3513         |
|    iterations           | 433          |
|    time_elapsed         | 757          |
|    total_timesteps      | 2660352      |
| train/                  |              |
|    approx_kl            | 0.0064484966 |
|    clip_fraction        | 0.0506       |
|    clip_range           | 0.2          |
|    entropy_loss         | -1.16        |
|    explained_variance   | 0.491        |
|    learning_rate        | 0.0003       |
|    loss                 | 0.0489       |
|    n_updates            | 2592         |
|    policy_gradient_loss | -0.00713     |
|    value_loss           | 0.159        |
------------------------------------------
------------------------------------------
| battle/                 |              |
|    draw_rate            | 0            |
|    loss_rate            | 0.53         |
|    win_rate             | 0.47         |
| time/                   |              |
|    fps                  | 3512         |
|    iterations           | 434          |
|    time_elapsed         | 759          |
|    total_timesteps      | 2666496      |
| train/                  |              |
|    approx_kl            | 0.0045338203 |
|    clip_fraction        | 0.0326       |
|    clip_range           | 0.2          |
|    entropy_loss         | -1.16        |
|    explained_variance   | 0.526        |
|    learning_rate        | 0.0003       |
|    loss                 | 0.0403       |
|    n_updates            | 2598         |
|    policy_gradient_loss | -0.00562     |
|    value_loss           | 0.133        |
------------------------------------------
-----------------------------------------
| battle/                 |             |
|    draw_rate            | 0           |
|    loss_rate            | 0.547       |
|    win_rate             | 0.453       |
| time/                   |             |
|    fps                  | 3511        |
|    iterations           | 435         |
|    time_elapsed         | 761         |
|    total_timesteps      | 2672640     |
| train/                  |             |
|    approx_kl            | 0.005403364 |
|    clip_fraction        | 0.0417      |
|    clip_range           | 0.2         |
|    entropy_loss         | -1.12       |
|    explained_variance   | 0.456       |
|    learning_rate        | 0.0003      |
|    loss                 | 0.045       |
|    n_updates            | 2604        |
|    policy_gradient_loss | -0.00681    |
|    value_loss           | 0.149       |
-----------------------------------------
----------------------------------------
| battle/                 |            |
|    draw_rate            | 0          |
|    loss_rate            | 0.547      |
|    win_rate             | 0.453      |
| time/                   |            |
|    fps                  | 3510       |
|    iterations           | 436        |
|    time_elapsed         | 763        |
|    total_timesteps      | 2678784    |
| train/                  |            |
|    approx_kl            | 0.00841619 |
|    clip_fraction        | 0.0671     |
|    clip_range           | 0.2        |
|    entropy_loss         | -1.13      |
|    explained_variance   | 0.57       |
|    learning_rate        | 0.0003     |
|    loss                 | 0.0359     |
|    n_updates            | 2610       |
|    policy_gradient_loss | -0.00737   |
|    value_loss           | 0.131      |
----------------------------------------
-----------------------------------------
| battle/                 |             |
|    draw_rate            | 0           |
|    loss_rate            | 0.542       |
|    win_rate             | 0.458       |
| time/                   |             |
|    fps                  | 3510        |
|    iterations           | 437         |
|    time_elapsed         | 764         |
|    total_timesteps      | 2684928     |
| train/                  |             |
|    approx_kl            | 0.008235801 |
|    clip_fraction        | 0.0699      |
|    clip_range           | 0.2         |
|    entropy_loss         | -1.21       |
|    explained_variance   | 0.513       |
|    learning_rate        | 0.0003      |
|    loss                 | 0.0392      |
|    n_updates            | 2616        |
|    policy_gradient_loss | -0.00731    |
|    value_loss           | 0.14        |
-----------------------------------------
------------------------------------------
| battle/                 |              |
|    draw_rate            | 0            |
|    loss_rate            | 0.555        |
|    win_rate             | 0.445        |
| time/                   |              |
|    fps                  | 3510         |
|    iterations           | 438          |
|    time_elapsed         | 766          |
|    total_timesteps      | 2691072      |
| train/                  |              |
|    approx_kl            | 0.0068518873 |
|    clip_fraction        | 0.0451       |
|    clip_range           | 0.2          |
|    entropy_loss         | -1.28        |
|    explained_variance   | 0.509        |
|    learning_rate        | 0.0003       |
|    loss                 | 0.0314       |
|    n_updates            | 2622         |
|    policy_gradient_loss | -0.00557     |
|    value_loss           | 0.123        |
------------------------------------------
-----------------------------------------
| battle/                 |             |
|    draw_rate            | 0           |
|    loss_rate            | 0.557       |
|    win_rate             | 0.443       |
| time/                   |             |
|    fps                  | 3508        |
|    iterations           | 439         |
|    time_elapsed         | 768         |
|    total_timesteps      | 2697216     |
| train/                  |             |
|    approx_kl            | 0.009358343 |
|    clip_fraction        | 0.0568      |
|    clip_range           | 0.2         |
|    entropy_loss         | -1.29       |
|    explained_variance   | 0.53        |
|    learning_rate        | 0.0003      |
|    loss                 | 0.0338      |
|    n_updates            | 2628        |
|    policy_gradient_loss | -0.00787    |
|    value_loss           | 0.129       |
-----------------------------------------
------------------------------------------
| battle/                 |              |
|    draw_rate            | 0            |
|    loss_rate            | 0.56         |
|    win_rate             | 0.44         |
| time/                   |              |
|    fps                  | 3506         |
|    iterations           | 440          |
|    time_elapsed         | 771          |
|    total_timesteps      | 2703360      |
| train/                  |              |
|    approx_kl            | 0.0068193204 |
|    clip_fraction        | 0.0416       |
|    clip_range           | 0.2          |
|    entropy_loss         | -1.25        |
|    explained_variance   | 0.463        |
|    learning_rate        | 0.0003       |
|    loss                 | 0.0623       |
|    n_updates            | 2634         |
|    policy_gradient_loss | -0.00687     |
|    value_loss           | 0.178        |
------------------------------------------
-----------------------------------------
| battle/                 |             |
|    draw_rate            | 0           |
|    loss_rate            | 0.545       |
|    win_rate             | 0.455       |
| time/                   |             |
|    fps                  | 3502        |
|    iterations           | 441         |
|    time_elapsed         | 773         |
|    total_timesteps      | 2709504     |
| train/                  |             |
|    approx_kl            | 0.007576212 |
|    clip_fraction        | 0.0756      |
|    clip_range           | 0.2         |
|    entropy_loss         | -1.25       |
|    explained_variance   | 0.445       |
|    learning_rate        | 0.0003      |
|    loss                 | 0.0471      |
|    n_updates            | 2640        |
|    policy_gradient_loss | -0.00752    |
|    value_loss           | 0.154       |
-----------------------------------------
------------------------------------------
| battle/                 |              |
|    draw_rate            | 0            |
|    loss_rate            | 0.525        |
|    win_rate             | 0.475        |
| time/                   |              |
|    fps                  | 3499         |
|    iterations           | 442          |
|    time_elapsed         | 775          |
|    total_timesteps      | 2715648      |
| train/                  |              |
|    approx_kl            | 0.0062400457 |
|    clip_fraction        | 0.0654       |
|    clip_range           | 0.2          |
|    entropy_loss         | -1.24        |
|    explained_variance   | 0.453        |
|    learning_rate        | 0.0003       |
|    loss                 | 0.0509       |
|    n_updates            | 2646         |
|    policy_gradient_loss | -0.00751     |
|    value_loss           | 0.165        |
------------------------------------------
------------------------------------------
| battle/                 |              |
|    draw_rate            | 0            |
|    loss_rate            | 0.515        |
|    win_rate             | 0.485        |
| time/                   |              |
|    fps                  | 3496         |
|    iterations           | 443          |
|    time_elapsed         | 778          |
|    total_timesteps      | 2721792      |
| train/                  |              |
|    approx_kl            | 0.0070812977 |
|    clip_fraction        | 0.0605       |
|    clip_range           | 0.2          |
|    entropy_loss         | -1.25        |
|    explained_variance   | 0.571        |
|    learning_rate        | 0.0003       |
|    loss                 | 0.0376       |
|    n_updates            | 2652         |
|    policy_gradient_loss | -0.00805     |
|    value_loss           | 0.141        |
------------------------------------------
-----------------------------------------
| battle/                 |             |
|    draw_rate            | 0           |
|    loss_rate            | 0.515       |
|    win_rate             | 0.485       |
| time/                   |             |
|    fps                  | 3494        |
|    iterations           | 444         |
|    time_elapsed         | 780         |
|    total_timesteps      | 2727936     |
| train/                  |             |
|    approx_kl            | 0.007460095 |
|    clip_fraction        | 0.0431      |
|    clip_range           | 0.2         |
|    entropy_loss         | -1.23       |
|    explained_variance   | 0.529       |
|    learning_rate        | 0.0003      |
|    loss                 | 0.0461      |
|    n_updates            | 2658        |
|    policy_gradient_loss | -0.0083     |
|    value_loss           | 0.162       |
-----------------------------------------
-----------------------------------------
| battle/                 |             |
|    draw_rate            | 0           |
|    loss_rate            | 0.5         |
|    win_rate             | 0.5         |
| time/                   |             |
|    fps                  | 3491        |
|    iterations           | 445         |
|    time_elapsed         | 783         |
|    total_timesteps      | 2734080     |
| train/                  |             |
|    approx_kl            | 0.007295594 |
|    clip_fraction        | 0.0447      |
|    clip_range           | 0.2         |
|    entropy_loss         | -1.21       |
|    explained_variance   | 0.494       |
|    learning_rate        | 0.0003      |
|    loss                 | 0.0438      |
|    n_updates            | 2664        |
|    policy_gradient_loss | -0.00717    |
|    value_loss           | 0.144       |
-----------------------------------------
----------------------------------------
| battle/                 |            |
|    draw_rate            | 0          |
|    loss_rate            | 0.507      |
|    win_rate             | 0.492      |
| time/                   |            |
|    fps                  | 3489       |
|    iterations           | 446        |
|    time_elapsed         | 785        |
|    total_timesteps      | 2740224    |
| train/                  |            |
|    approx_kl            | 0.00862595 |
|    clip_fraction        | 0.0587     |
|    clip_range           | 0.2        |
|    entropy_loss         | -1.23      |
|    explained_variance   | 0.41       |
|    learning_rate        | 0.0003     |
|    loss                 | 0.0508     |
|    n_updates            | 2670       |
|    policy_gradient_loss | -0.0073    |
|    value_loss           | 0.16       |
----------------------------------------
------------------------------------------
| battle/                 |              |
|    draw_rate            | 0            |
|    loss_rate            | 0.555        |
|    win_rate             | 0.445        |
| time/                   |              |
|    fps                  | 3486         |
|    iterations           | 447          |
|    time_elapsed         | 787          |
|    total_timesteps      | 2746368      |
| train/                  |              |
|    approx_kl            | 0.0073644593 |
|    clip_fraction        | 0.0633       |
|    clip_range           | 0.2          |
|    entropy_loss         | -1.26        |
|    explained_variance   | 0.358        |
|    learning_rate        | 0.0003       |
|    loss                 | 0.0473       |
|    n_updates            | 2676         |
|    policy_gradient_loss | -0.00765     |
|    value_loss           | 0.153        |
------------------------------------------
------------------------------------------
| battle/                 |              |
|    draw_rate            | 0            |
|    loss_rate            | 0.57         |
|    win_rate             | 0.43         |
| time/                   |              |
|    fps                  | 3483         |
|    iterations           | 448          |
|    time_elapsed         | 790          |
|    total_timesteps      | 2752512      |
| train/                  |              |
|    approx_kl            | 0.0066781105 |
|    clip_fraction        | 0.0522       |
|    clip_range           | 0.2          |
|    entropy_loss         | -1.22        |
|    explained_variance   | 0.475        |
|    learning_rate        | 0.0003       |
|    loss                 | 0.0401       |
|    n_updates            | 2682         |
|    policy_gradient_loss | -0.00661     |
|    value_loss           | 0.142        |
------------------------------------------
-----------------------------------------
| battle/                 |             |
|    draw_rate            | 0           |
|    loss_rate            | 0.583       |
|    win_rate             | 0.417       |
| time/                   |             |
|    fps                  | 3480        |
|    iterations           | 449         |
|    time_elapsed         | 792         |
|    total_timesteps      | 2758656     |
| train/                  |             |
|    approx_kl            | 0.008707811 |
|    clip_fraction        | 0.0761      |
|    clip_range           | 0.2         |
|    entropy_loss         | -1.25       |
|    explained_variance   | 0.416       |
|    learning_rate        | 0.0003      |
|    loss                 | 0.0468      |
|    n_updates            | 2688        |
|    policy_gradient_loss | -0.0082     |
|    value_loss           | 0.159       |
-----------------------------------------
------------------------------------------
| battle/                 |              |
|    draw_rate            | 0            |
|    loss_rate            | 0.593        |
|    win_rate             | 0.407        |
| time/                   |              |
|    fps                  | 3477         |
|    iterations           | 450          |
|    time_elapsed         | 795          |
|    total_timesteps      | 2764800      |
| train/                  |              |
|    approx_kl            | 0.0076554767 |
|    clip_fraction        | 0.0489       |
|    clip_range           | 0.2          |
|    entropy_loss         | -1.21        |
|    explained_variance   | 0.401        |
|    learning_rate        | 0.0003       |
|    loss                 | 0.0418       |
|    n_updates            | 2694         |
|    policy_gradient_loss | -0.00622     |
|    value_loss           | 0.144        |
------------------------------------------
------------------------------------------
| battle/                 |              |
|    draw_rate            | 0            |
|    loss_rate            | 0.625        |
|    win_rate             | 0.375        |
| time/                   |              |
|    fps                  | 3473         |
|    iterations           | 451          |
|    time_elapsed         | 797          |
|    total_timesteps      | 2770944      |
| train/                  |              |
|    approx_kl            | 0.0071226247 |
|    clip_fraction        | 0.0498       |
|    clip_range           | 0.2          |
|    entropy_loss         | -1.27        |
|    explained_variance   | 0.494        |
|    learning_rate        | 0.0003       |
|    loss                 | 0.0308       |
|    n_updates            | 2700         |
|    policy_gradient_loss | -0.00706     |
|    value_loss           | 0.129        |
------------------------------------------
-----------------------------------------
| battle/                 |             |
|    draw_rate            | 0           |
|    loss_rate            | 0.62        |
|    win_rate             | 0.38        |
| time/                   |             |
|    fps                  | 3470        |
|    iterations           | 452         |
|    time_elapsed         | 800         |
|    total_timesteps      | 2777088     |
| train/                  |             |
|    approx_kl            | 0.006410779 |
|    clip_fraction        | 0.0562      |
|    clip_range           | 0.2         |
|    entropy_loss         | -1.22       |
|    explained_variance   | 0.501       |
|    learning_rate        | 0.0003      |
|    loss                 | 0.0413      |
|    n_updates            | 2706        |
|    policy_gradient_loss | -0.00611    |
|    value_loss           | 0.141       |
-----------------------------------------
-----------------------------------------
| battle/                 |             |
|    draw_rate            | 0           |
|    loss_rate            | 0.603       |
|    win_rate             | 0.398       |
| time/                   |             |
|    fps                  | 3467        |
|    iterations           | 453         |
|    time_elapsed         | 802         |
|    total_timesteps      | 2783232     |
| train/                  |             |
|    approx_kl            | 0.008060093 |
|    clip_fraction        | 0.0613      |
|    clip_range           | 0.2         |
|    entropy_loss         | -1.21       |
|    explained_variance   | 0.554       |
|    learning_rate        | 0.0003      |
|    loss                 | 0.0217      |
|    n_updates            | 2712        |
|    policy_gradient_loss | -0.00734    |
|    value_loss           | 0.105       |
-----------------------------------------
----------------------------------------
| battle/                 |            |
|    draw_rate            | 0          |
|    loss_rate            | 0.61       |
|    win_rate             | 0.39       |
| time/                   |            |
|    fps                  | 3465       |
|    iterations           | 454        |
|    time_elapsed         | 804        |
|    total_timesteps      | 2789376    |
| train/                  |            |
|    approx_kl            | 0.00601503 |
|    clip_fraction        | 0.0476     |
|    clip_range           | 0.2        |
|    entropy_loss         | -1.16      |
|    explained_variance   | 0.452      |
|    learning_rate        | 0.0003     |
|    loss                 | 0.0491     |
|    n_updates            | 2718       |
|    policy_gradient_loss | -0.00671   |
|    value_loss           | 0.156      |
----------------------------------------
-----------------------------------------
| battle/                 |             |
|    draw_rate            | 0           |
|    loss_rate            | 0.608       |
|    win_rate             | 0.393       |
| time/                   |             |
|    fps                  | 3461        |
|    iterations           | 455         |
|    time_elapsed         | 807         |
|    total_timesteps      | 2795520     |
| train/                  |             |
|    approx_kl            | 0.008239119 |
|    clip_fraction        | 0.0626      |
|    clip_range           | 0.2         |
|    entropy_loss         | -1.21       |
|    explained_variance   | 0.396       |
|    learning_rate        | 0.0003      |
|    loss                 | 0.044       |
|    n_updates            | 2724        |
|    policy_gradient_loss | -0.00799    |
|    value_loss           | 0.142       |
-----------------------------------------
-----------------------------------------
| battle/                 |             |
|    draw_rate            | 0           |
|    loss_rate            | 0.593       |
|    win_rate             | 0.407       |
| time/                   |             |
|    fps                  | 3459        |
|    iterations           | 456         |
|    time_elapsed         | 809         |
|    total_timesteps      | 2801664     |
| train/                  |             |
|    approx_kl            | 0.007978244 |
|    clip_fraction        | 0.0598      |
|    clip_range           | 0.2         |
|    entropy_loss         | -1.21       |
|    explained_variance   | 0.506       |
|    learning_rate        | 0.0003      |
|    loss                 | 0.0465      |
|    n_updates            | 2730        |
|    policy_gradient_loss | -0.007      |
|    value_loss           | 0.152       |
-----------------------------------------
------------------------------------------
| battle/                 |              |
|    draw_rate            | 0            |
|    loss_rate            | 0.58         |
|    win_rate             | 0.42         |
| time/                   |              |
|    fps                  | 3456         |
|    iterations           | 457          |
|    time_elapsed         | 812          |
|    total_timesteps      | 2807808      |
| train/                  |              |
|    approx_kl            | 0.0061266855 |
|    clip_fraction        | 0.0527       |
|    clip_range           | 0.2          |
|    entropy_loss         | -1.24        |
|    explained_variance   | 0.428        |
|    learning_rate        | 0.0003       |
|    loss                 | 0.0435       |
|    n_updates            | 2736         |
|    policy_gradient_loss | -0.00595     |
|    value_loss           | 0.157        |
------------------------------------------
------------------------------------------
| battle/                 |              |
|    draw_rate            | 0            |
|    loss_rate            | 0.578        |
|    win_rate             | 0.422        |
| time/                   |              |
|    fps                  | 3453         |
|    iterations           | 458          |
|    time_elapsed         | 814          |
|    total_timesteps      | 2813952      |
| train/                  |              |
|    approx_kl            | 0.0063661695 |
|    clip_fraction        | 0.0499       |
|    clip_range           | 0.2          |
|    entropy_loss         | -1.26        |
|    explained_variance   | 0.499        |
|    learning_rate        | 0.0003       |
|    loss                 | 0.04         |
|    n_updates            | 2742         |
|    policy_gradient_loss | -0.00682     |
|    value_loss           | 0.144        |
------------------------------------------
-----------------------------------------
| battle/                 |             |
|    draw_rate            | 0           |
|    loss_rate            | 0.588       |
|    win_rate             | 0.412       |
| time/                   |             |
|    fps                  | 3450        |
|    iterations           | 459         |
|    time_elapsed         | 817         |
|    total_timesteps      | 2820096     |
| train/                  |             |
|    approx_kl            | 0.007854967 |
|    clip_fraction        | 0.0527      |
|    clip_range           | 0.2         |
|    entropy_loss         | -1.19       |
|    explained_variance   | 0.526       |
|    learning_rate        | 0.0003      |
|    loss                 | 0.0411      |
|    n_updates            | 2748        |
|    policy_gradient_loss | -0.00809    |
|    value_loss           | 0.141       |
-----------------------------------------
-----------------------------------------
| battle/                 |             |
|    draw_rate            | 0           |
|    loss_rate            | 0.595       |
|    win_rate             | 0.405       |
| time/                   |             |
|    fps                  | 3446        |
|    iterations           | 460         |
|    time_elapsed         | 819         |
|    total_timesteps      | 2826240     |
| train/                  |             |
|    approx_kl            | 0.004653696 |
|    clip_fraction        | 0.0508      |
|    clip_range           | 0.2         |
|    entropy_loss         | -1.28       |
|    explained_variance   | 0.508       |
|    learning_rate        | 0.0003      |
|    loss                 | 0.0313      |
|    n_updates            | 2754        |
|    policy_gradient_loss | -0.00635    |
|    value_loss           | 0.119       |
-----------------------------------------
-----------------------------------------
| battle/                 |             |
|    draw_rate            | 0           |
|    loss_rate            | 0.593       |
|    win_rate             | 0.407       |
| time/                   |             |
|    fps                  | 3443        |
|    iterations           | 461         |
|    time_elapsed         | 822         |
|    total_timesteps      | 2832384     |
| train/                  |             |
|    approx_kl            | 0.006427662 |
|    clip_fraction        | 0.0538      |
|    clip_range           | 0.2         |
|    entropy_loss         | -1.22       |
|    explained_variance   | 0.486       |
|    learning_rate        | 0.0003      |
|    loss                 | 0.0339      |
|    n_updates            | 2760        |
|    policy_gradient_loss | -0.0064     |
|    value_loss           | 0.135       |
-----------------------------------------
-----------------------------------------
| battle/                 |             |
|    draw_rate            | 0           |
|    loss_rate            | 0.595       |
|    win_rate             | 0.405       |
| time/                   |             |
|    fps                  | 3440        |
|    iterations           | 462         |
|    time_elapsed         | 824         |
|    total_timesteps      | 2838528     |
| train/                  |             |
|    approx_kl            | 0.009183373 |
|    clip_fraction        | 0.0529      |
|    clip_range           | 0.2         |
|    entropy_loss         | -1.25       |
|    explained_variance   | 0.393       |
|    learning_rate        | 0.0003      |
|    loss                 | 0.0514      |
|    n_updates            | 2766        |
|    policy_gradient_loss | -0.00729    |
|    value_loss           | 0.168       |
-----------------------------------------
------------------------------------------
| battle/                 |              |
|    draw_rate            | 0            |
|    loss_rate            | 0.608        |
|    win_rate             | 0.393        |
| time/                   |              |
|    fps                  | 3436         |
|    iterations           | 463          |
|    time_elapsed         | 827          |
|    total_timesteps      | 2844672      |
| train/                  |              |
|    approx_kl            | 0.0059563783 |
|    clip_fraction        | 0.0486       |
|    clip_range           | 0.2          |
|    entropy_loss         | -1.25        |
|    explained_variance   | 0.453        |
|    learning_rate        | 0.0003       |
|    loss                 | 0.0405       |
|    n_updates            | 2772         |
|    policy_gradient_loss | -0.00657     |
|    value_loss           | 0.147        |
------------------------------------------
-----------------------------------------
| battle/                 |             |
|    draw_rate            | 0           |
|    loss_rate            | 0.598       |
|    win_rate             | 0.403       |
| time/                   |             |
|    fps                  | 3433        |
|    iterations           | 464         |
|    time_elapsed         | 830         |
|    total_timesteps      | 2850816     |
| train/                  |             |
|    approx_kl            | 0.009010456 |
|    clip_fraction        | 0.0475      |
|    clip_range           | 0.2         |
|    entropy_loss         | -1.23       |
|    explained_variance   | 0.406       |
|    learning_rate        | 0.0003      |
|    loss                 | 0.0473      |
|    n_updates            | 2778        |
|    policy_gradient_loss | -0.00657    |
|    value_loss           | 0.16        |
-----------------------------------------
-----------------------------------------
| battle/                 |             |
|    draw_rate            | 0           |
|    loss_rate            | 0.598       |
|    win_rate             | 0.403       |
| time/                   |             |
|    fps                  | 3428        |
|    iterations           | 465         |
|    time_elapsed         | 833         |
|    total_timesteps      | 2856960     |
| train/                  |             |
|    approx_kl            | 0.007816699 |
|    clip_fraction        | 0.0539      |
|    clip_range           | 0.2         |
|    entropy_loss         | -1.21       |
|    explained_variance   | 0.473       |
|    learning_rate        | 0.0003      |
|    loss                 | 0.0443      |
|    n_updates            | 2784        |
|    policy_gradient_loss | -0.00704    |
|    value_loss           | 0.129       |
-----------------------------------------
-----------------------------------------
| battle/                 |             |
|    draw_rate            | 0           |
|    loss_rate            | 0.598       |
|    win_rate             | 0.403       |
| time/                   |             |
|    fps                  | 3424        |
|    iterations           | 466         |
|    time_elapsed         | 835         |
|    total_timesteps      | 2863104     |
| train/                  |             |
|    approx_kl            | 0.009672949 |
|    clip_fraction        | 0.0779      |
|    clip_range           | 0.2         |
|    entropy_loss         | -1.15       |
|    explained_variance   | 0.444       |
|    learning_rate        | 0.0003      |
|    loss                 | 0.0387      |
|    n_updates            | 2790        |
|    policy_gradient_loss | -0.00657    |
|    value_loss           | 0.135       |
-----------------------------------------
-----------------------------------------
| battle/                 |             |
|    draw_rate            | 0           |
|    loss_rate            | 0.593       |
|    win_rate             | 0.407       |
| time/                   |             |
|    fps                  | 3420        |
|    iterations           | 467         |
|    time_elapsed         | 838         |
|    total_timesteps      | 2869248     |
| train/                  |             |
|    approx_kl            | 0.004070715 |
|    clip_fraction        | 0.0353      |
|    clip_range           | 0.2         |
|    entropy_loss         | -1.19       |
|    explained_variance   | 0.514       |
|    learning_rate        | 0.0003      |
|    loss                 | 0.0446      |
|    n_updates            | 2796        |
|    policy_gradient_loss | -0.00559    |
|    value_loss           | 0.147       |
-----------------------------------------
------------------------------------------
| battle/                 |              |
|    draw_rate            | 0            |
|    loss_rate            | 0.573        |
|    win_rate             | 0.427        |
| time/                   |              |
|    fps                  | 3418         |
|    iterations           | 468          |
|    time_elapsed         | 841          |
|    total_timesteps      | 2875392      |
| train/                  |              |
|    approx_kl            | 0.0072806193 |
|    clip_fraction        | 0.0496       |
|    clip_range           | 0.2          |
|    entropy_loss         | -1.24        |
|    explained_variance   | 0.486        |
|    learning_rate        | 0.0003       |
|    loss                 | 0.0472       |
|    n_updates            | 2802         |
|    policy_gradient_loss | -0.00672     |
|    value_loss           | 0.145        |
------------------------------------------
----------------------------------------
| battle/                 |            |
|    draw_rate            | 0          |
|    loss_rate            | 0.57       |
|    win_rate             | 0.43       |
| time/                   |            |
|    fps                  | 3418       |
|    iterations           | 469        |
|    time_elapsed         | 842        |
|    total_timesteps      | 2881536    |
| train/                  |            |
|    approx_kl            | 0.00703815 |
|    clip_fraction        | 0.0487     |
|    clip_range           | 0.2        |
|    entropy_loss         | -1.18      |
|    explained_variance   | 0.388      |
|    learning_rate        | 0.0003     |
|    loss                 | 0.051      |
|    n_updates            | 2808       |
|    policy_gradient_loss | -0.00621   |
|    value_loss           | 0.165      |
----------------------------------------
------------------------------------------
| battle/                 |              |
|    draw_rate            | 0            |
|    loss_rate            | 0.562        |
|    win_rate             | 0.438        |
| time/                   |              |
|    fps                  | 3418         |
|    iterations           | 470          |
|    time_elapsed         | 844          |
|    total_timesteps      | 2887680      |
| train/                  |              |
|    approx_kl            | 0.0070649735 |
|    clip_fraction        | 0.055        |
|    clip_range           | 0.2          |
|    entropy_loss         | -1.27        |
|    explained_variance   | 0.564        |
|    learning_rate        | 0.0003       |
|    loss                 | 0.0227       |
|    n_updates            | 2814         |
|    policy_gradient_loss | -0.00773     |
|    value_loss           | 0.105        |
------------------------------------------
-----------------------------------------
| battle/                 |             |
|    draw_rate            | 0           |
|    loss_rate            | 0.557       |
|    win_rate             | 0.443       |
| time/                   |             |
|    fps                  | 3417        |
|    iterations           | 471         |
|    time_elapsed         | 846         |
|    total_timesteps      | 2893824     |
| train/                  |             |
|    approx_kl            | 0.007504055 |
|    clip_fraction        | 0.0542      |
|    clip_range           | 0.2         |
|    entropy_loss         | -1.2        |
|    explained_variance   | 0.411       |
|    learning_rate        | 0.0003      |
|    loss                 | 0.0428      |
|    n_updates            | 2820        |
|    policy_gradient_loss | -0.00748    |
|    value_loss           | 0.147       |
-----------------------------------------
------------------------------------------
| battle/                 |              |
|    draw_rate            | 0            |
|    loss_rate            | 0.578        |
|    win_rate             | 0.422        |
| time/                   |              |
|    fps                  | 3416         |
|    iterations           | 472          |
|    time_elapsed         | 848          |
|    total_timesteps      | 2899968      |
| train/                  |              |
|    approx_kl            | 0.0065308823 |
|    clip_fraction        | 0.0488       |
|    clip_range           | 0.2          |
|    entropy_loss         | -1.27        |
|    explained_variance   | 0.499        |
|    learning_rate        | 0.0003       |
|    loss                 | 0.0416       |
|    n_updates            | 2826         |
|    policy_gradient_loss | -0.0062      |
|    value_loss           | 0.142        |
------------------------------------------
----------------------------------------
| battle/                 |            |
|    draw_rate            | 0          |
|    loss_rate            | 0.595      |
|    win_rate             | 0.405      |
| time/                   |            |
|    fps                  | 3415       |
|    iterations           | 473        |
|    time_elapsed         | 850        |
|    total_timesteps      | 2906112    |
| train/                  |            |
|    approx_kl            | 0.00520885 |
|    clip_fraction        | 0.0371     |
|    clip_range           | 0.2        |
|    entropy_loss         | -1.18      |
|    explained_variance   | 0.539      |
|    learning_rate        | 0.0003     |
|    loss                 | 0.0433     |
|    n_updates            | 2832       |
|    policy_gradient_loss | -0.00653   |
|    value_loss           | 0.152      |
----------------------------------------
-----------------------------------------
| battle/                 |             |
|    draw_rate            | 0           |
|    loss_rate            | 0.578       |
|    win_rate             | 0.422       |
| time/                   |             |
|    fps                  | 3414        |
|    iterations           | 474         |
|    time_elapsed         | 852         |
|    total_timesteps      | 2912256     |
| train/                  |             |
|    approx_kl            | 0.009503343 |
|    clip_fraction        | 0.0619      |
|    clip_range           | 0.2         |
|    entropy_loss         | -1.25       |
|    explained_variance   | 0.466       |
|    learning_rate        | 0.0003      |
|    loss                 | 0.0426      |
|    n_updates            | 2838        |
|    policy_gradient_loss | -0.00735    |
|    value_loss           | 0.144       |
-----------------------------------------
------------------------------------------
| battle/                 |              |
|    draw_rate            | 0            |
|    loss_rate            | 0.568        |
|    win_rate             | 0.432        |
| time/                   |              |
|    fps                  | 3413         |
|    iterations           | 475          |
|    time_elapsed         | 854          |
|    total_timesteps      | 2918400      |
| train/                  |              |
|    approx_kl            | 0.0076570944 |
|    clip_fraction        | 0.0418       |
|    clip_range           | 0.2          |
|    entropy_loss         | -1.24        |
|    explained_variance   | 0.402        |
|    learning_rate        | 0.0003       |
|    loss                 | 0.0521       |
|    n_updates            | 2844         |
|    policy_gradient_loss | -0.00591     |
|    value_loss           | 0.171        |
------------------------------------------
-----------------------------------------
| battle/                 |             |
|    draw_rate            | 0           |
|    loss_rate            | 0.552       |
|    win_rate             | 0.448       |
| time/                   |             |
|    fps                  | 3413        |
|    iterations           | 476         |
|    time_elapsed         | 856         |
|    total_timesteps      | 2924544     |
| train/                  |             |
|    approx_kl            | 0.008822459 |
|    clip_fraction        | 0.0697      |
|    clip_range           | 0.2         |
|    entropy_loss         | -1.27       |
|    explained_variance   | 0.512       |
|    learning_rate        | 0.0003      |
|    loss                 | 0.0353      |
|    n_updates            | 2850        |
|    policy_gradient_loss | -0.00696    |
|    value_loss           | 0.139       |
-----------------------------------------
-----------------------------------------
| battle/                 |             |
|    draw_rate            | 0           |
|    loss_rate            | 0.532       |
|    win_rate             | 0.468       |
| time/                   |             |
|    fps                  | 3412        |
|    iterations           | 477         |
|    time_elapsed         | 858         |
|    total_timesteps      | 2930688     |
| train/                  |             |
|    approx_kl            | 0.006428911 |
|    clip_fraction        | 0.039       |
|    clip_range           | 0.2         |
|    entropy_loss         | -1.23       |
|    explained_variance   | 0.552       |
|    learning_rate        | 0.0003      |
|    loss                 | 0.0529      |
|    n_updates            | 2856        |
|    policy_gradient_loss | -0.0059     |
|    value_loss           | 0.158       |
-----------------------------------------
------------------------------------------
| battle/                 |              |
|    draw_rate            | 0            |
|    loss_rate            | 0.535        |
|    win_rate             | 0.465        |
| time/                   |              |
|    fps                  | 3412         |
|    iterations           | 478          |
|    time_elapsed         | 860          |
|    total_timesteps      | 2936832      |
| train/                  |              |
|    approx_kl            | 0.0068674046 |
|    clip_fraction        | 0.0453       |
|    clip_range           | 0.2          |
|    entropy_loss         | -1.22        |
|    explained_variance   | 0.471        |
|    learning_rate        | 0.0003       |
|    loss                 | 0.0483       |
|    n_updates            | 2862         |
|    policy_gradient_loss | -0.00713     |
|    value_loss           | 0.16         |
------------------------------------------
------------------------------------------
| battle/                 |              |
|    draw_rate            | 0            |
|    loss_rate            | 0.527        |
|    win_rate             | 0.472        |
| time/                   |              |
|    fps                  | 3409         |
|    iterations           | 479          |
|    time_elapsed         | 863          |
|    total_timesteps      | 2942976      |
| train/                  |              |
|    approx_kl            | 0.0085556805 |
|    clip_fraction        | 0.058        |
|    clip_range           | 0.2          |
|    entropy_loss         | -1.23        |
|    explained_variance   | 0.42         |
|    learning_rate        | 0.0003       |
|    loss                 | 0.0441       |
|    n_updates            | 2868         |
|    policy_gradient_loss | -0.00862     |
|    value_loss           | 0.16         |
------------------------------------------
------------------------------------------
| battle/                 |              |
|    draw_rate            | 0            |
|    loss_rate            | 0.547        |
|    win_rate             | 0.453        |
| time/                   |              |
|    fps                  | 3406         |
|    iterations           | 480          |
|    time_elapsed         | 865          |
|    total_timesteps      | 2949120      |
| train/                  |              |
|    approx_kl            | 0.0055266074 |
|    clip_fraction        | 0.0527       |
|    clip_range           | 0.2          |
|    entropy_loss         | -1.21        |
|    explained_variance   | 0.494        |
|    learning_rate        | 0.0003       |
|    loss                 | 0.0529       |
|    n_updates            | 2874         |
|    policy_gradient_loss | -0.00659     |
|    value_loss           | 0.153        |
------------------------------------------
------------------------------------------
| battle/                 |              |
|    draw_rate            | 0            |
|    loss_rate            | 0.555        |
|    win_rate             | 0.445        |
| time/                   |              |
|    fps                  | 3404         |
|    iterations           | 481          |
|    time_elapsed         | 868          |
|    total_timesteps      | 2955264      |
| train/                  |              |
|    approx_kl            | 0.0056504267 |
|    clip_fraction        | 0.055        |
|    clip_range           | 0.2          |
|    entropy_loss         | -1.24        |
|    explained_variance   | 0.497        |
|    learning_rate        | 0.0003       |
|    loss                 | 0.0386       |
|    n_updates            | 2880         |
|    policy_gradient_loss | -0.00806     |
|    value_loss           | 0.137        |
------------------------------------------
------------------------------------------
| battle/                 |              |
|    draw_rate            | 0            |
|    loss_rate            | 0.573        |
|    win_rate             | 0.427        |
| time/                   |              |
|    fps                  | 3401         |
|    iterations           | 482          |
|    time_elapsed         | 870          |
|    total_timesteps      | 2961408      |
| train/                  |              |
|    approx_kl            | 0.0072786934 |
|    clip_fraction        | 0.0428       |
|    clip_range           | 0.2          |
|    entropy_loss         | -1.27        |
|    explained_variance   | 0.533        |
|    learning_rate        | 0.0003       |
|    loss                 | 0.0307       |
|    n_updates            | 2886         |
|    policy_gradient_loss | -0.00652     |
|    value_loss           | 0.119        |
------------------------------------------
-----------------------------------------
| battle/                 |             |
|    draw_rate            | 0           |
|    loss_rate            | 0.575       |
|    win_rate             | 0.425       |
| time/                   |             |
|    fps                  | 3399        |
|    iterations           | 483         |
|    time_elapsed         | 873         |
|    total_timesteps      | 2967552     |
| train/                  |             |
|    approx_kl            | 0.009154218 |
|    clip_fraction        | 0.064       |
|    clip_range           | 0.2         |
|    entropy_loss         | -1.24       |
|    explained_variance   | 0.541       |
|    learning_rate        | 0.0003      |
|    loss                 | 0.0398      |
|    n_updates            | 2892        |
|    policy_gradient_loss | -0.00833    |
|    value_loss           | 0.141       |
-----------------------------------------
------------------------------------------
| battle/                 |              |
|    draw_rate            | 0            |
|    loss_rate            | 0.598        |
|    win_rate             | 0.403        |
| time/                   |              |
|    fps                  | 3397         |
|    iterations           | 484          |
|    time_elapsed         | 875          |
|    total_timesteps      | 2973696      |
| train/                  |              |
|    approx_kl            | 0.0054777167 |
|    clip_fraction        | 0.0359       |
|    clip_range           | 0.2          |
|    entropy_loss         | -1.26        |
|    explained_variance   | 0.536        |
|    learning_rate        | 0.0003       |
|    loss                 | 0.0397       |
|    n_updates            | 2898         |
|    policy_gradient_loss | -0.00591     |
|    value_loss           | 0.145        |
------------------------------------------
------------------------------------------
| battle/                 |              |
|    draw_rate            | 0            |
|    loss_rate            | 0.623        |
|    win_rate             | 0.378        |
| time/                   |              |
|    fps                  | 3395         |
|    iterations           | 485          |
|    time_elapsed         | 877          |
|    total_timesteps      | 2979840      |
| train/                  |              |
|    approx_kl            | 0.0064925156 |
|    clip_fraction        | 0.0423       |
|    clip_range           | 0.2          |
|    entropy_loss         | -1.25        |
|    explained_variance   | 0.395        |
|    learning_rate        | 0.0003       |
|    loss                 | 0.0534       |
|    n_updates            | 2904         |
|    policy_gradient_loss | -0.00662     |
|    value_loss           | 0.171        |
------------------------------------------
------------------------------------------
| battle/                 |              |
|    draw_rate            | 0            |
|    loss_rate            | 0.613        |
|    win_rate             | 0.388        |
| time/                   |              |
|    fps                  | 3392         |
|    iterations           | 486          |
|    time_elapsed         | 880          |
|    total_timesteps      | 2985984      |
| train/                  |              |
|    approx_kl            | 0.0050720135 |
|    clip_fraction        | 0.0278       |
|    clip_range           | 0.2          |
|    entropy_loss         | -1.32        |
|    explained_variance   | 0.523        |
|    learning_rate        | 0.0003       |
|    loss                 | 0.036        |
|    n_updates            | 2910         |
|    policy_gradient_loss | -0.00488     |
|    value_loss           | 0.127        |
------------------------------------------
-----------------------------------------
| battle/                 |             |
|    draw_rate            | 0           |
|    loss_rate            | 0.618       |
|    win_rate             | 0.383       |
| time/                   |             |
|    fps                  | 3391        |
|    iterations           | 487         |
|    time_elapsed         | 882         |
|    total_timesteps      | 2992128     |
| train/                  |             |
|    approx_kl            | 0.008056906 |
|    clip_fraction        | 0.0576      |
|    clip_range           | 0.2         |
|    entropy_loss         | -1.26       |
|    explained_variance   | 0.472       |
|    learning_rate        | 0.0003      |
|    loss                 | 0.0471      |
|    n_updates            | 2916        |
|    policy_gradient_loss | -0.00628    |
|    value_loss           | 0.151       |
-----------------------------------------
-----------------------------------------
| battle/                 |             |
|    draw_rate            | 0           |
|    loss_rate            | 0.603       |
|    win_rate             | 0.398       |
| time/                   |             |
|    fps                  | 3391        |
|    iterations           | 488         |
|    time_elapsed         | 884         |
|    total_timesteps      | 2998272     |
| train/                  |             |
|    approx_kl            | 0.005926712 |
|    clip_fraction        | 0.0296      |
|    clip_range           | 0.2         |
|    entropy_loss         | -1.3        |
|    explained_variance   | 0.436       |
|    learning_rate        | 0.0003      |
|    loss                 | 0.0459      |
|    n_updates            | 2922        |
|    policy_gradient_loss | -0.00578    |
|    value_loss           | 0.144       |
-----------------------------------------

[eval @ 3,004,416 steps] 确定性评估胜率: 38.0%
-----------------------------------------
| battle/                 |             |
|    draw_rate            | 0           |
|    eval_win_rate        | 0.38        |
|    loss_rate            | 0.57        |
|    win_rate             | 0.43        |
| time/                   |             |
|    fps                  | 3375        |
|    iterations           | 489         |
|    time_elapsed         | 890         |
|    total_timesteps      | 3004416     |
| train/                  |             |
|    approx_kl            | 0.008629679 |
|    clip_fraction        | 0.0648      |
|    clip_range           | 0.2         |
|    entropy_loss         | -1.31       |
|    explained_variance   | 0.376       |
|    learning_rate        | 0.0003      |
|    loss                 | 0.049       |
|    n_updates            | 2928        |
|    policy_gradient_loss | -0.00706    |
|    value_loss           | 0.164       |
-----------------------------------------
 100% ━━━━━━━━━━━━━━━━━━━ 3,004,416/3,000,000 [ 0:14:44 < 0:00:00 , 2,660 it/s ]
完成. 模型已保存到 /Users/cichlidfish/tank_trouble/training/models/latest.zip
