Using cpu device
Logging to /Users/cichlidfish/tank_trouble/training/tb_logs/PPO_1
---------------------------------
| battle/            |          |
|    draw_rate       | 0        |
|    loss_rate       | 0.97     |
|    win_rate        | 0.03     |
| time/              |          |
|    fps             | 2786     |
|    iterations      | 1        |
|    time_elapsed    | 2        |
|    total_timesteps | 6144     |
---------------------------------
-----------------------------------------
| battle/                 |             |
|    draw_rate            | 0           |
|    loss_rate            | 0.965       |
|    win_rate             | 0.035       |
| time/                   |             |
|    fps                  | 2857        |
|    iterations           | 2           |
|    time_elapsed         | 4           |
|    total_timesteps      | 12288       |
| train/                  |             |
|    approx_kl            | 0.008502947 |
|    clip_fraction        | 0.0765      |
|    clip_range           | 0.2         |
|    entropy_loss         | -2.88       |
|    explained_variance   | -0.41       |
|    learning_rate        | 0.0003      |
|    loss                 | 0.0353      |
|    n_updates            | 6           |
|    policy_gradient_loss | -0.00895    |
|    value_loss           | 0.192       |
-----------------------------------------
-----------------------------------------
| battle/                 |             |
|    draw_rate            | 0           |
|    loss_rate            | 0.958       |
|    win_rate             | 0.0425      |
| time/                   |             |
|    fps                  | 3038        |
|    iterations           | 3           |
|    time_elapsed         | 6           |
|    total_timesteps      | 18432       |
| train/                  |             |
|    approx_kl            | 0.012285124 |
|    clip_fraction        | 0.0627      |
|    clip_range           | 0.2         |
|    entropy_loss         | -2.87       |
|    explained_variance   | -0.0706     |
|    learning_rate        | 0.0003      |
|    loss                 | 0.00824     |
|    n_updates            | 12          |
|    policy_gradient_loss | -0.0066     |
|    value_loss           | 0.107       |
-----------------------------------------
----------------------------------------
| battle/                 |            |
|    draw_rate            | 0          |
|    loss_rate            | 0.958      |
|    win_rate             | 0.0425     |
| time/                   |            |
|    fps                  | 3109       |
|    iterations           | 4          |
|    time_elapsed         | 7          |
|    total_timesteps      | 24576      |
| train/                  |            |
|    approx_kl            | 0.01104708 |
|    clip_fraction        | 0.0764     |
|    clip_range           | 0.2        |
|    entropy_loss         | -2.84      |
|    explained_variance   | 0.0164     |
|    learning_rate        | 0.0003     |
|    loss                 | -0.00526   |
|    n_updates            | 18         |
|    policy_gradient_loss | -0.00757   |
|    value_loss           | 0.0838     |
----------------------------------------
-----------------------------------------
| battle/                 |             |
|    draw_rate            | 0           |
|    loss_rate            | 0.932       |
|    win_rate             | 0.0675      |
| time/                   |             |
|    fps                  | 3176        |
|    iterations           | 5           |
|    time_elapsed         | 9           |
|    total_timesteps      | 30720       |
| train/                  |             |
|    approx_kl            | 0.010204107 |
|    clip_fraction        | 0.0696      |
|    clip_range           | 0.2         |
|    entropy_loss         | -2.81       |
|    explained_variance   | 0.17        |
|    learning_rate        | 0.0003      |
|    loss                 | -0.0109     |
|    n_updates            | 24          |
|    policy_gradient_loss | -0.00573    |
|    value_loss           | 0.067       |
-----------------------------------------
------------------------------------------
| battle/                 |              |
|    draw_rate            | 0            |
|    loss_rate            | 0.938        |
|    win_rate             | 0.0625       |
| time/                   |              |
|    fps                  | 3236         |
|    iterations           | 6            |
|    time_elapsed         | 11           |
|    total_timesteps      | 36864        |
| train/                  |              |
|    approx_kl            | 0.0063863955 |
|    clip_fraction        | 0.0688       |
|    clip_range           | 0.2          |
|    entropy_loss         | -2.77        |
|    explained_variance   | 0.131        |
|    learning_rate        | 0.0003       |
|    loss                 | 0.00497      |
|    n_updates            | 30           |
|    policy_gradient_loss | -0.00636     |
|    value_loss           | 0.0897       |
------------------------------------------
-----------------------------------------
| battle/                 |             |
|    draw_rate            | 0           |
|    loss_rate            | 0.94        |
|    win_rate             | 0.06        |
| time/                   |             |
|    fps                  | 3283        |
|    iterations           | 7           |
|    time_elapsed         | 13          |
|    total_timesteps      | 43008       |
| train/                  |             |
|    approx_kl            | 0.009442773 |
|    clip_fraction        | 0.085       |
|    clip_range           | 0.2         |
|    entropy_loss         | -2.74       |
|    explained_variance   | 0.149       |
|    learning_rate        | 0.0003      |
|    loss                 | 0.00435     |
|    n_updates            | 36          |
|    policy_gradient_loss | -0.00798    |
|    value_loss           | 0.084       |
-----------------------------------------
------------------------------------------
| battle/                 |              |
|    draw_rate            | 0            |
|    loss_rate            | 0.948        |
|    win_rate             | 0.0525       |
| time/                   |              |
|    fps                  | 3363         |
|    iterations           | 8            |
|    time_elapsed         | 14           |
|    total_timesteps      | 49152        |
| train/                  |              |
|    approx_kl            | 0.0086706625 |
|    clip_fraction        | 0.0711       |
|    clip_range           | 0.2          |
|    entropy_loss         | -2.7         |
|    explained_variance   | 0.154        |
|    learning_rate        | 0.0003       |
|    loss                 | -0.0122      |
|    n_updates            | 42           |
|    policy_gradient_loss | -0.00702     |
|    value_loss           | 0.0664       |
------------------------------------------
-----------------------------------------
| battle/                 |             |
|    draw_rate            | 0           |
|    loss_rate            | 0.935       |
|    win_rate             | 0.065       |
| time/                   |             |
|    fps                  | 3409        |
|    iterations           | 9           |
|    time_elapsed         | 16          |
|    total_timesteps      | 55296       |
| train/                  |             |
|    approx_kl            | 0.007640207 |
|    clip_fraction        | 0.0312      |
|    clip_range           | 0.2         |
|    entropy_loss         | -2.72       |
|    explained_variance   | 0.0416      |
|    learning_rate        | 0.0003      |
|    loss                 | -0.012      |
|    n_updates            | 48          |
|    policy_gradient_loss | -0.00541    |
|    value_loss           | 0.0569      |
-----------------------------------------
------------------------------------------
| battle/                 |              |
|    draw_rate            | 0            |
|    loss_rate            | 0.905        |
|    win_rate             | 0.095        |
| time/                   |              |
|    fps                  | 3458         |
|    iterations           | 10           |
|    time_elapsed         | 17           |
|    total_timesteps      | 61440        |
| train/                  |              |
|    approx_kl            | 0.0069535603 |
|    clip_fraction        | 0.0523       |
|    clip_range           | 0.2          |
|    entropy_loss         | -2.68        |
|    explained_variance   | 0.0964       |
|    learning_rate        | 0.0003       |
|    loss                 | -0.00249     |
|    n_updates            | 54           |
|    policy_gradient_loss | -0.00583     |
|    value_loss           | 0.0788       |
------------------------------------------
-----------------------------------------
| battle/                 |             |
|    draw_rate            | 0           |
|    loss_rate            | 0.91        |
|    win_rate             | 0.09        |
| time/                   |             |
|    fps                  | 3492        |
|    iterations           | 11          |
|    time_elapsed         | 19          |
|    total_timesteps      | 67584       |
| train/                  |             |
|    approx_kl            | 0.004855869 |
|    clip_fraction        | 0.0371      |
|    clip_range           | 0.2         |
|    entropy_loss         | -2.66       |
|    explained_variance   | 0.169       |
|    learning_rate        | 0.0003      |
|    loss                 | 0.0194      |
|    n_updates            | 60          |
|    policy_gradient_loss | -0.00509    |
|    value_loss           | 0.108       |
-----------------------------------------
-----------------------------------------
| battle/                 |             |
|    draw_rate            | 0           |
|    loss_rate            | 0.932       |
|    win_rate             | 0.0675      |
| time/                   |             |
|    fps                  | 3528        |
|    iterations           | 12          |
|    time_elapsed         | 20          |
|    total_timesteps      | 73728       |
| train/                  |             |
|    approx_kl            | 0.007438008 |
|    clip_fraction        | 0.0293      |
|    clip_range           | 0.2         |
|    entropy_loss         | -2.67       |
|    explained_variance   | 0.181       |
|    learning_rate        | 0.0003      |
|    loss                 | -0.000702   |
|    n_updates            | 66          |
|    policy_gradient_loss | -0.00558    |
|    value_loss           | 0.0788      |
-----------------------------------------
------------------------------------------
| battle/                 |              |
|    draw_rate            | 0            |
|    loss_rate            | 0.927        |
|    win_rate             | 0.0725       |
| time/                   |              |
|    fps                  | 3563         |
|    iterations           | 13           |
|    time_elapsed         | 22           |
|    total_timesteps      | 79872        |
| train/                  |              |
|    approx_kl            | 0.0071551376 |
|    clip_fraction        | 0.0525       |
|    clip_range           | 0.2          |
|    entropy_loss         | -2.62        |
|    explained_variance   | 0.182        |
|    learning_rate        | 0.0003       |
|    loss                 | -0.00712     |
|    n_updates            | 72           |
|    policy_gradient_loss | -0.00635     |
|    value_loss           | 0.0769       |
------------------------------------------
------------------------------------------
| battle/                 |              |
|    draw_rate            | 0            |
|    loss_rate            | 0.938        |
|    win_rate             | 0.0625       |
| time/                   |              |
|    fps                  | 3589         |
|    iterations           | 14           |
|    time_elapsed         | 23           |
|    total_timesteps      | 86016        |
| train/                  |              |
|    approx_kl            | 0.0076675913 |
|    clip_fraction        | 0.0377       |
|    clip_range           | 0.2          |
|    entropy_loss         | -2.6         |
|    explained_variance   | 0.192        |
|    learning_rate        | 0.0003       |
|    loss                 | -0.00766     |
|    n_updates            | 78           |
|    policy_gradient_loss | -0.00441     |
|    value_loss           | 0.0675       |
------------------------------------------
------------------------------------------
| battle/                 |              |
|    draw_rate            | 0            |
|    loss_rate            | 0.927        |
|    win_rate             | 0.0725       |
| time/                   |              |
|    fps                  | 3618         |
|    iterations           | 15           |
|    time_elapsed         | 25           |
|    total_timesteps      | 92160        |
| train/                  |              |
|    approx_kl            | 0.0077506066 |
|    clip_fraction        | 0.0687       |
|    clip_range           | 0.2          |
|    entropy_loss         | -2.59        |
|    explained_variance   | 0.22         |
|    learning_rate        | 0.0003       |
|    loss                 | -0.00874     |
|    n_updates            | 84           |
|    policy_gradient_loss | -0.00692     |
|    value_loss           | 0.0676       |
------------------------------------------
-----------------------------------------
| battle/                 |             |
|    draw_rate            | 0           |
|    loss_rate            | 0.895       |
|    win_rate             | 0.105       |
| time/                   |             |
|    fps                  | 3642        |
|    iterations           | 16          |
|    time_elapsed         | 26          |
|    total_timesteps      | 98304       |
| train/                  |             |
|    approx_kl            | 0.008109629 |
|    clip_fraction        | 0.0814      |
|    clip_range           | 0.2         |
|    entropy_loss         | -2.55       |
|    explained_variance   | 0.218       |
|    learning_rate        | 0.0003      |
|    loss                 | -0.00568    |
|    n_updates            | 90          |
|    policy_gradient_loss | -0.0082     |
|    value_loss           | 0.0725      |
-----------------------------------------
------------------------------------------
| battle/                 |              |
|    draw_rate            | 0            |
|    loss_rate            | 0.91         |
|    win_rate             | 0.09         |
| time/                   |              |
|    fps                  | 3663         |
|    iterations           | 17           |
|    time_elapsed         | 28           |
|    total_timesteps      | 104448       |
| train/                  |              |
|    approx_kl            | 0.0070423377 |
|    clip_fraction        | 0.0375       |
|    clip_range           | 0.2          |
|    entropy_loss         | -2.53        |
|    explained_variance   | 0.175        |
|    learning_rate        | 0.0003       |
|    loss                 | 0.00572      |
|    n_updates            | 96           |
|    policy_gradient_loss | -0.00588     |
|    value_loss           | 0.106        |
------------------------------------------
-----------------------------------------
| battle/                 |             |
|    draw_rate            | 0           |
|    loss_rate            | 0.927       |
|    win_rate             | 0.0725      |
| time/                   |             |
|    fps                  | 3691        |
|    iterations           | 18          |
|    time_elapsed         | 29          |
|    total_timesteps      | 110592      |
| train/                  |             |
|    approx_kl            | 0.006545263 |
|    clip_fraction        | 0.051       |
|    clip_range           | 0.2         |
|    entropy_loss         | -2.55       |
|    explained_variance   | 0.204       |
|    learning_rate        | 0.0003      |
|    loss                 | -0.00633    |
|    n_updates            | 102         |
|    policy_gradient_loss | -0.00675    |
|    value_loss           | 0.0671      |
-----------------------------------------
------------------------------------------
| battle/                 |              |
|    draw_rate            | 0            |
|    loss_rate            | 0.912        |
|    win_rate             | 0.0875       |
| time/                   |              |
|    fps                  | 3705         |
|    iterations           | 19           |
|    time_elapsed         | 31           |
|    total_timesteps      | 116736       |
| train/                  |              |
|    approx_kl            | 0.0056646573 |
|    clip_fraction        | 0.0471       |
|    clip_range           | 0.2          |
|    entropy_loss         | -2.52        |
|    explained_variance   | 0.214        |
|    learning_rate        | 0.0003       |
|    loss                 | -0.00508     |
|    n_updates            | 108          |
|    policy_gradient_loss | -0.00585     |
|    value_loss           | 0.0644       |
------------------------------------------
------------------------------------------
| battle/                 |              |
|    draw_rate            | 0            |
|    loss_rate            | 0.93         |
|    win_rate             | 0.07         |
| time/                   |              |
|    fps                  | 3732         |
|    iterations           | 20           |
|    time_elapsed         | 32           |
|    total_timesteps      | 122880       |
| train/                  |              |
|    approx_kl            | 0.0057877563 |
|    clip_fraction        | 0.0603       |
|    clip_range           | 0.2          |
|    entropy_loss         | -2.52        |
|    explained_variance   | 0.232        |
|    learning_rate        | 0.0003       |
|    loss                 | 0.0095       |
|    n_updates            | 114          |
|    policy_gradient_loss | -0.00642     |
|    value_loss           | 0.0954       |
------------------------------------------
------------------------------------------
| battle/                 |              |
|    draw_rate            | 0            |
|    loss_rate            | 0.943        |
|    win_rate             | 0.0575       |
| time/                   |              |
|    fps                  | 3741         |
|    iterations           | 21           |
|    time_elapsed         | 34           |
|    total_timesteps      | 129024       |
| train/                  |              |
|    approx_kl            | 0.0055110413 |
|    clip_fraction        | 0.0361       |
|    clip_range           | 0.2          |
|    entropy_loss         | -2.51        |
|    explained_variance   | 0.202        |
|    learning_rate        | 0.0003       |
|    loss                 | -0.0171      |
|    n_updates            | 120          |
|    policy_gradient_loss | -0.00606     |
|    value_loss           | 0.0467       |
------------------------------------------
------------------------------------------
| battle/                 |              |
|    draw_rate            | 0            |
|    loss_rate            | 0.912        |
|    win_rate             | 0.0875       |
| time/                   |              |
|    fps                  | 3755         |
|    iterations           | 22           |
|    time_elapsed         | 35           |
|    total_timesteps      | 135168       |
| train/                  |              |
|    approx_kl            | 0.0050306427 |
|    clip_fraction        | 0.053        |
|    clip_range           | 0.2          |
|    entropy_loss         | -2.5         |
|    explained_variance   | 0.16         |
|    learning_rate        | 0.0003       |
|    loss                 | -0.00346     |
|    n_updates            | 126          |
|    policy_gradient_loss | -0.006       |
|    value_loss           | 0.0683       |
------------------------------------------
-----------------------------------------
| battle/                 |             |
|    draw_rate            | 0           |
|    loss_rate            | 0.9         |
|    win_rate             | 0.1         |
| time/                   |             |
|    fps                  | 3767        |
|    iterations           | 23          |
|    time_elapsed         | 37          |
|    total_timesteps      | 141312      |
| train/                  |             |
|    approx_kl            | 0.006442122 |
|    clip_fraction        | 0.0427      |
|    clip_range           | 0.2         |
|    entropy_loss         | -2.51       |
|    explained_variance   | 0.248       |
|    learning_rate        | 0.0003      |
|    loss                 | 0.000457    |
|    n_updates            | 132         |
|    policy_gradient_loss | -0.00522    |
|    value_loss           | 0.0818      |
-----------------------------------------
-----------------------------------------
| battle/                 |             |
|    draw_rate            | 0           |
|    loss_rate            | 0.905       |
|    win_rate             | 0.095       |
| time/                   |             |
|    fps                  | 3782        |
|    iterations           | 24          |
|    time_elapsed         | 38          |
|    total_timesteps      | 147456      |
| train/                  |             |
|    approx_kl            | 0.008020546 |
|    clip_fraction        | 0.0497      |
|    clip_range           | 0.2         |
|    entropy_loss         | -2.49       |
|    explained_variance   | 0.241       |
|    learning_rate        | 0.0003      |
|    loss                 | -0.000127   |
|    n_updates            | 138         |
|    policy_gradient_loss | -0.00704    |
|    value_loss           | 0.0839      |
-----------------------------------------
----------------------------------------
| battle/                 |            |
|    draw_rate            | 0          |
|    loss_rate            | 0.9        |
|    win_rate             | 0.1        |
| time/                   |            |
|    fps                  | 3801       |
|    iterations           | 25         |
|    time_elapsed         | 40         |
|    total_timesteps      | 153600     |
| train/                  |            |
|    approx_kl            | 0.00866573 |
|    clip_fraction        | 0.0565     |
|    clip_range           | 0.2        |
|    entropy_loss         | -2.44      |
|    explained_variance   | 0.275      |
|    learning_rate        | 0.0003     |
|    loss                 | -0.00279   |
|    n_updates            | 144        |
|    policy_gradient_loss | -0.00583   |
|    value_loss           | 0.0694     |
----------------------------------------
------------------------------------------
| battle/                 |              |
|    draw_rate            | 0            |
|    loss_rate            | 0.917        |
|    win_rate             | 0.0825       |
| time/                   |              |
|    fps                  | 3809         |
|    iterations           | 26           |
|    time_elapsed         | 41           |
|    total_timesteps      | 159744       |
| train/                  |              |
|    approx_kl            | 0.0053370525 |
|    clip_fraction        | 0.047        |
|    clip_range           | 0.2          |
|    entropy_loss         | -2.43        |
|    explained_variance   | 0.33         |
|    learning_rate        | 0.0003       |
|    loss                 | -0.00744     |
|    n_updates            | 150          |
|    policy_gradient_loss | -0.00622     |
|    value_loss           | 0.0741       |
------------------------------------------
-----------------------------------------
| battle/                 |             |
|    draw_rate            | 0           |
|    loss_rate            | 0.922       |
|    win_rate             | 0.0775      |
| time/                   |             |
|    fps                  | 3817        |
|    iterations           | 27          |
|    time_elapsed         | 43          |
|    total_timesteps      | 165888      |
| train/                  |             |
|    approx_kl            | 0.007942714 |
|    clip_fraction        | 0.0584      |
|    clip_range           | 0.2         |
|    entropy_loss         | -2.43       |
|    explained_variance   | 0.131       |
|    learning_rate        | 0.0003      |
|    loss                 | -0.00852    |
|    n_updates            | 156         |
|    policy_gradient_loss | -0.00684    |
|    value_loss           | 0.0658      |
-----------------------------------------
------------------------------------------
| battle/                 |              |
|    draw_rate            | 0            |
|    loss_rate            | 0.92         |
|    win_rate             | 0.08         |
| time/                   |              |
|    fps                  | 3831         |
|    iterations           | 28           |
|    time_elapsed         | 44           |
|    total_timesteps      | 172032       |
| train/                  |              |
|    approx_kl            | 0.0060973815 |
|    clip_fraction        | 0.0605       |
|    clip_range           | 0.2          |
|    entropy_loss         | -2.38        |
|    explained_variance   | 0.173        |
|    learning_rate        | 0.0003       |
|    loss                 | -0.0164      |
|    n_updates            | 162          |
|    policy_gradient_loss | -0.00749     |
|    value_loss           | 0.0609       |
------------------------------------------
-----------------------------------------
| battle/                 |             |
|    draw_rate            | 0           |
|    loss_rate            | 0.912       |
|    win_rate             | 0.0875      |
| time/                   |             |
|    fps                  | 3843        |
|    iterations           | 29          |
|    time_elapsed         | 46          |
|    total_timesteps      | 178176      |
| train/                  |             |
|    approx_kl            | 0.008454207 |
|    clip_fraction        | 0.0428      |
|    clip_range           | 0.2         |
|    entropy_loss         | -2.37       |
|    explained_variance   | 0.294       |
|    learning_rate        | 0.0003      |
|    loss                 | -0.00617    |
|    n_updates            | 168         |
|    policy_gradient_loss | -0.00552    |
|    value_loss           | 0.0616      |
-----------------------------------------
------------------------------------------
| battle/                 |              |
|    draw_rate            | 0            |
|    loss_rate            | 0.907        |
|    win_rate             | 0.0925       |
| time/                   |              |
|    fps                  | 3854         |
|    iterations           | 30           |
|    time_elapsed         | 47           |
|    total_timesteps      | 184320       |
| train/                  |              |
|    approx_kl            | 0.0059266225 |
|    clip_fraction        | 0.0451       |
|    clip_range           | 0.2          |
|    entropy_loss         | -2.35        |
|    explained_variance   | 0.259        |
|    learning_rate        | 0.0003       |
|    loss                 | -0.00647     |
|    n_updates            | 174          |
|    policy_gradient_loss | -0.00602     |
|    value_loss           | 0.0707       |
------------------------------------------
------------------------------------------
| battle/                 |              |
|    draw_rate            | 0            |
|    loss_rate            | 0.917        |
|    win_rate             | 0.0825       |
| time/                   |              |
|    fps                  | 3867         |
|    iterations           | 31           |
|    time_elapsed         | 49           |
|    total_timesteps      | 190464       |
| train/                  |              |
|    approx_kl            | 0.0062412326 |
|    clip_fraction        | 0.0425       |
|    clip_range           | 0.2          |
|    entropy_loss         | -2.32        |
|    explained_variance   | 0.247        |
|    learning_rate        | 0.0003       |
|    loss                 | -0.00136     |
|    n_updates            | 180          |
|    policy_gradient_loss | -0.00727     |
|    value_loss           | 0.0737       |
------------------------------------------
------------------------------------------
| battle/                 |              |
|    draw_rate            | 0            |
|    loss_rate            | 0.917        |
|    win_rate             | 0.0825       |
| time/                   |              |
|    fps                  | 3888         |
|    iterations           | 32           |
|    time_elapsed         | 50           |
|    total_timesteps      | 196608       |
| train/                  |              |
|    approx_kl            | 0.0075278315 |
|    clip_fraction        | 0.0458       |
|    clip_range           | 0.2          |
|    entropy_loss         | -2.32        |
|    explained_variance   | 0.219        |
|    learning_rate        | 0.0003       |
|    loss                 | -0.0141      |
|    n_updates            | 186          |
|    policy_gradient_loss | -0.00777     |
|    value_loss           | 0.0664       |
------------------------------------------
-----------------------------------------
| battle/                 |             |
|    draw_rate            | 0           |
|    loss_rate            | 0.9         |
|    win_rate             | 0.1         |
| time/                   |             |
|    fps                  | 3904        |
|    iterations           | 33          |
|    time_elapsed         | 51          |
|    total_timesteps      | 202752      |
| train/                  |             |
|    approx_kl            | 0.007720891 |
|    clip_fraction        | 0.0582      |
|    clip_range           | 0.2         |
|    entropy_loss         | -2.28       |
|    explained_variance   | 0.188       |
|    learning_rate        | 0.0003      |
|    loss                 | -0.00161    |
|    n_updates            | 192         |
|    policy_gradient_loss | -0.00671    |
|    value_loss           | 0.072       |
-----------------------------------------
------------------------------------------
| battle/                 |              |
|    draw_rate            | 0            |
|    loss_rate            | 0.895        |
|    win_rate             | 0.105        |
| time/                   |              |
|    fps                  | 3917         |
|    iterations           | 34           |
|    time_elapsed         | 53           |
|    total_timesteps      | 208896       |
| train/                  |              |
|    approx_kl            | 0.0070418827 |
|    clip_fraction        | 0.0594       |
|    clip_range           | 0.2          |
|    entropy_loss         | -2.25        |
|    explained_variance   | 0.136        |
|    learning_rate        | 0.0003       |
|    loss                 | -0.00151     |
|    n_updates            | 198          |
|    policy_gradient_loss | -0.00677     |
|    value_loss           | 0.0709       |
------------------------------------------
------------------------------------------
| battle/                 |              |
|    draw_rate            | 0            |
|    loss_rate            | 0.897        |
|    win_rate             | 0.102        |
| time/                   |              |
|    fps                  | 3936         |
|    iterations           | 35           |
|    time_elapsed         | 54           |
|    total_timesteps      | 215040       |
| train/                  |              |
|    approx_kl            | 0.0059243147 |
|    clip_fraction        | 0.0487       |
|    clip_range           | 0.2          |
|    entropy_loss         | -2.24        |
|    explained_variance   | 0.237        |
|    learning_rate        | 0.0003       |
|    loss                 | -0.00515     |
|    n_updates            | 204          |
|    policy_gradient_loss | -0.00594     |
|    value_loss           | 0.061        |
------------------------------------------
-----------------------------------------
| battle/                 |             |
|    draw_rate            | 0           |
|    loss_rate            | 0.885       |
|    win_rate             | 0.115       |
| time/                   |             |
|    fps                  | 3950        |
|    iterations           | 36          |
|    time_elapsed         | 55          |
|    total_timesteps      | 221184      |
| train/                  |             |
|    approx_kl            | 0.006175759 |
|    clip_fraction        | 0.0394      |
|    clip_range           | 0.2         |
|    entropy_loss         | -2.22       |
|    explained_variance   | 0.296       |
|    learning_rate        | 0.0003      |
|    loss                 | 0.0016      |
|    n_updates            | 210         |
|    policy_gradient_loss | -0.00551    |
|    value_loss           | 0.0698      |
-----------------------------------------
-----------------------------------------
| battle/                 |             |
|    draw_rate            | 0           |
|    loss_rate            | 0.885       |
|    win_rate             | 0.115       |
| time/                   |             |
|    fps                  | 3972        |
|    iterations           | 37          |
|    time_elapsed         | 57          |
|    total_timesteps      | 227328      |
| train/                  |             |
|    approx_kl            | 0.008459001 |
|    clip_fraction        | 0.0629      |
|    clip_range           | 0.2         |
|    entropy_loss         | -2.14       |
|    explained_variance   | 0.205       |
|    learning_rate        | 0.0003      |
|    loss                 | 0.00291     |
|    n_updates            | 216         |
|    policy_gradient_loss | -0.00711    |
|    value_loss           | 0.0746      |
-----------------------------------------
-----------------------------------------
| battle/                 |             |
|    draw_rate            | 0           |
|    loss_rate            | 0.877       |
|    win_rate             | 0.122       |
| time/                   |             |
|    fps                  | 3992        |
|    iterations           | 38          |
|    time_elapsed         | 58          |
|    total_timesteps      | 233472      |
| train/                  |             |
|    approx_kl            | 0.008733292 |
|    clip_fraction        | 0.0567      |
|    clip_range           | 0.2         |
|    entropy_loss         | -2.19       |
|    explained_variance   | 0.153       |
|    learning_rate        | 0.0003      |
|    loss                 | -0.0053     |
|    n_updates            | 222         |
|    policy_gradient_loss | -0.00709    |
|    value_loss           | 0.0701      |
-----------------------------------------
-----------------------------------------
| battle/                 |             |
|    draw_rate            | 0           |
|    loss_rate            | 0.875       |
|    win_rate             | 0.125       |
| time/                   |             |
|    fps                  | 4005        |
|    iterations           | 39          |
|    time_elapsed         | 59          |
|    total_timesteps      | 239616      |
| train/                  |             |
|    approx_kl            | 0.006529953 |
|    clip_fraction        | 0.0427      |
|    clip_range           | 0.2         |
|    entropy_loss         | -2.12       |
|    explained_variance   | 0.0755      |
|    learning_rate        | 0.0003      |
|    loss                 | -0.00176    |
|    n_updates            | 228         |
|    policy_gradient_loss | -0.00629    |
|    value_loss           | 0.0769      |
-----------------------------------------
-----------------------------------------
| battle/                 |             |
|    draw_rate            | 0           |
|    loss_rate            | 0.885       |
|    win_rate             | 0.115       |
| time/                   |             |
|    fps                  | 4018        |
|    iterations           | 40          |
|    time_elapsed         | 61          |
|    total_timesteps      | 245760      |
| train/                  |             |
|    approx_kl            | 0.007668176 |
|    clip_fraction        | 0.0629      |
|    clip_range           | 0.2         |
|    entropy_loss         | -2.14       |
|    explained_variance   | 0.122       |
|    learning_rate        | 0.0003      |
|    loss                 | 0.00279     |
|    n_updates            | 234         |
|    policy_gradient_loss | -0.00731    |
|    value_loss           | 0.0854      |
-----------------------------------------
------------------------------------------
| battle/                 |              |
|    draw_rate            | 0            |
|    loss_rate            | 0.902        |
|    win_rate             | 0.0975       |
| time/                   |              |
|    fps                  | 4037         |
|    iterations           | 41           |
|    time_elapsed         | 62           |
|    total_timesteps      | 251904       |
| train/                  |              |
|    approx_kl            | 0.0076000355 |
|    clip_fraction        | 0.0671       |
|    clip_range           | 0.2          |
|    entropy_loss         | -2.09        |
|    explained_variance   | 0.198        |
|    learning_rate        | 0.0003       |
|    loss                 | -0.00933     |
|    n_updates            | 240          |
|    policy_gradient_loss | -0.00722     |
|    value_loss           | 0.0627       |
------------------------------------------
-----------------------------------------
| battle/                 |             |
|    draw_rate            | 0           |
|    loss_rate            | 0.915       |
|    win_rate             | 0.085       |
| time/                   |             |
|    fps                  | 4046        |
|    iterations           | 42          |
|    time_elapsed         | 63          |
|    total_timesteps      | 258048      |
| train/                  |             |
|    approx_kl            | 0.008376109 |
|    clip_fraction        | 0.0541      |
|    clip_range           | 0.2         |
|    entropy_loss         | -2.07       |
|    explained_variance   | 0.222       |
|    learning_rate        | 0.0003      |
|    loss                 | -0.0126     |
|    n_updates            | 246         |
|    policy_gradient_loss | -0.00754    |
|    value_loss           | 0.0488      |
-----------------------------------------
-----------------------------------------
| battle/                 |             |
|    draw_rate            | 0           |
|    loss_rate            | 0.902       |
|    win_rate             | 0.0975      |
| time/                   |             |
|    fps                  | 4065        |
|    iterations           | 43          |
|    time_elapsed         | 64          |
|    total_timesteps      | 264192      |
| train/                  |             |
|    approx_kl            | 0.007548439 |
|    clip_fraction        | 0.0633      |
|    clip_range           | 0.2         |
|    entropy_loss         | -2.06       |
|    explained_variance   | 0.172       |
|    learning_rate        | 0.0003      |
|    loss                 | -0.00456    |
|    n_updates            | 252         |
|    policy_gradient_loss | -0.00708    |
|    value_loss           | 0.0646      |
-----------------------------------------
-----------------------------------------
| battle/                 |             |
|    draw_rate            | 0           |
|    loss_rate            | 0.897       |
|    win_rate             | 0.102       |
| time/                   |             |
|    fps                  | 4080        |
|    iterations           | 44          |
|    time_elapsed         | 66          |
|    total_timesteps      | 270336      |
| train/                  |             |
|    approx_kl            | 0.005182266 |
|    clip_fraction        | 0.0508      |
|    clip_range           | 0.2         |
|    entropy_loss         | -2.01       |
|    explained_variance   | 0.234       |
|    learning_rate        | 0.0003      |
|    loss                 | 0.0027      |
|    n_updates            | 258         |
|    policy_gradient_loss | -0.00636    |
|    value_loss           | 0.075       |
-----------------------------------------
-----------------------------------------
| battle/                 |             |
|    draw_rate            | 0           |
|    loss_rate            | 0.902       |
|    win_rate             | 0.0975      |
| time/                   |             |
|    fps                  | 4091        |
|    iterations           | 45          |
|    time_elapsed         | 67          |
|    total_timesteps      | 276480      |
| train/                  |             |
|    approx_kl            | 0.008564894 |
|    clip_fraction        | 0.0543      |
|    clip_range           | 0.2         |
|    entropy_loss         | -2.02       |
|    explained_variance   | 0.0729      |
|    learning_rate        | 0.0003      |
|    loss                 | -0.00936    |
|    n_updates            | 264         |
|    policy_gradient_loss | -0.00753    |
|    value_loss           | 0.0602      |
-----------------------------------------
-----------------------------------------
| battle/                 |             |
|    draw_rate            | 0           |
|    loss_rate            | 0.907       |
|    win_rate             | 0.0925      |
| time/                   |             |
|    fps                  | 4103        |
|    iterations           | 46          |
|    time_elapsed         | 68          |
|    total_timesteps      | 282624      |
| train/                  |             |
|    approx_kl            | 0.007959933 |
|    clip_fraction        | 0.0585      |
|    clip_range           | 0.2         |
|    entropy_loss         | -1.98       |
|    explained_variance   | 0.21        |
|    learning_rate        | 0.0003      |
|    loss                 | -0.0114     |
|    n_updates            | 270         |
|    policy_gradient_loss | -0.00694    |
|    value_loss           | 0.0519      |
-----------------------------------------
-----------------------------------------
| battle/                 |             |
|    draw_rate            | 0           |
|    loss_rate            | 0.89        |
|    win_rate             | 0.11        |
| time/                   |             |
|    fps                  | 4117        |
|    iterations           | 47          |
|    time_elapsed         | 70          |
|    total_timesteps      | 288768      |
| train/                  |             |
|    approx_kl            | 0.006839162 |
|    clip_fraction        | 0.0521      |
|    clip_range           | 0.2         |
|    entropy_loss         | -1.96       |
|    explained_variance   | 0.162       |
|    learning_rate        | 0.0003      |
|    loss                 | -0.00505    |
|    n_updates            | 276         |
|    policy_gradient_loss | -0.00668    |
|    value_loss           | 0.0743      |
-----------------------------------------
----------------------------------------
| battle/                 |            |
|    draw_rate            | 0          |
|    loss_rate            | 0.89       |
|    win_rate             | 0.11       |
| time/                   |            |
|    fps                  | 4132       |
|    iterations           | 48         |
|    time_elapsed         | 71         |
|    total_timesteps      | 294912     |
| train/                  |            |
|    approx_kl            | 0.00813522 |
|    clip_fraction        | 0.0425     |
|    clip_range           | 0.2        |
|    entropy_loss         | -1.96      |
|    explained_variance   | 0.216      |
|    learning_rate        | 0.0003     |
|    loss                 | 0.00231    |
|    n_updates            | 282        |
|    policy_gradient_loss | -0.00626   |
|    value_loss           | 0.079      |
----------------------------------------
-----------------------------------------
| battle/                 |             |
|    draw_rate            | 0           |
|    loss_rate            | 0.895       |
|    win_rate             | 0.105       |
| time/                   |             |
|    fps                  | 4145        |
|    iterations           | 49          |
|    time_elapsed         | 72          |
|    total_timesteps      | 301056      |
| train/                  |             |
|    approx_kl            | 0.006623169 |
|    clip_fraction        | 0.053       |
|    clip_range           | 0.2         |
|    entropy_loss         | -1.92       |
|    explained_variance   | 0.239       |
|    learning_rate        | 0.0003      |
|    loss                 | -0.00791    |
|    n_updates            | 288         |
|    policy_gradient_loss | -0.00629    |
|    value_loss           | 0.0524      |
-----------------------------------------
------------------------------------------
| battle/                 |              |
|    draw_rate            | 0            |
|    loss_rate            | 0.892        |
|    win_rate             | 0.107        |
| time/                   |              |
|    fps                  | 4161         |
|    iterations           | 50           |
|    time_elapsed         | 73           |
|    total_timesteps      | 307200       |
| train/                  |              |
|    approx_kl            | 0.0075086677 |
|    clip_fraction        | 0.052        |
|    clip_range           | 0.2          |
|    entropy_loss         | -1.89        |
|    explained_variance   | 0.148        |
|    learning_rate        | 0.0003       |
|    loss                 | -0.00289     |
|    n_updates            | 294          |
|    policy_gradient_loss | -0.00641     |
|    value_loss           | 0.0699       |
------------------------------------------
-----------------------------------------
| battle/                 |             |
|    draw_rate            | 0           |
|    loss_rate            | 0.9         |
|    win_rate             | 0.1         |
| time/                   |             |
|    fps                  | 4172        |
|    iterations           | 51          |
|    time_elapsed         | 75          |
|    total_timesteps      | 313344      |
| train/                  |             |
|    approx_kl            | 0.007200422 |
|    clip_fraction        | 0.0707      |
|    clip_range           | 0.2         |
|    entropy_loss         | -1.87       |
|    explained_variance   | 0.128       |
|    learning_rate        | 0.0003      |
|    loss                 | 0.00474     |
|    n_updates            | 300         |
|    policy_gradient_loss | -0.00684    |
|    value_loss           | 0.0714      |
-----------------------------------------
-----------------------------------------
| battle/                 |             |
|    draw_rate            | 0           |
|    loss_rate            | 0.905       |
|    win_rate             | 0.095       |
| time/                   |             |
|    fps                  | 4186        |
|    iterations           | 52          |
|    time_elapsed         | 76          |
|    total_timesteps      | 319488      |
| train/                  |             |
|    approx_kl            | 0.007094568 |
|    clip_fraction        | 0.0416      |
|    clip_range           | 0.2         |
|    entropy_loss         | -1.87       |
|    explained_variance   | 0.148       |
|    learning_rate        | 0.0003      |
|    loss                 | -0.00634    |
|    n_updates            | 306         |
|    policy_gradient_loss | -0.00595    |
|    value_loss           | 0.0565      |
-----------------------------------------
------------------------------------------
| battle/                 |              |
|    draw_rate            | 0            |
|    loss_rate            | 0.912        |
|    win_rate             | 0.0875       |
| time/                   |              |
|    fps                  | 4200         |
|    iterations           | 53           |
|    time_elapsed         | 77           |
|    total_timesteps      | 325632       |
| train/                  |              |
|    approx_kl            | 0.0048175226 |
|    clip_fraction        | 0.0483       |
|    clip_range           | 0.2          |
|    entropy_loss         | -1.8         |
|    explained_variance   | 0.242        |
|    learning_rate        | 0.0003       |
|    loss                 | -0.0108      |
|    n_updates            | 312          |
|    policy_gradient_loss | -0.00633     |
|    value_loss           | 0.0487       |
------------------------------------------
-----------------------------------------
| battle/                 |             |
|    draw_rate            | 0           |
|    loss_rate            | 0.912       |
|    win_rate             | 0.0875      |
| time/                   |             |
|    fps                  | 4216        |
|    iterations           | 54          |
|    time_elapsed         | 78          |
|    total_timesteps      | 331776      |
| train/                  |             |
|    approx_kl            | 0.009507268 |
|    clip_fraction        | 0.0582      |
|    clip_range           | 0.2         |
|    entropy_loss         | -1.83       |
|    explained_variance   | 0.11        |
|    learning_rate        | 0.0003      |
|    loss                 | -0.00511    |
|    n_updates            | 318         |
|    policy_gradient_loss | -0.0072     |
|    value_loss           | 0.0577      |
-----------------------------------------
-----------------------------------------
| battle/                 |             |
|    draw_rate            | 0           |
|    loss_rate            | 0.905       |
|    win_rate             | 0.095       |
| time/                   |             |
|    fps                  | 4233        |
|    iterations           | 55          |
|    time_elapsed         | 79          |
|    total_timesteps      | 337920      |
| train/                  |             |
|    approx_kl            | 0.010736647 |
|    clip_fraction        | 0.102       |
|    clip_range           | 0.2         |
|    entropy_loss         | -1.83       |
|    explained_variance   | 0.131       |
|    learning_rate        | 0.0003      |
|    loss                 | -0.00576    |
|    n_updates            | 324         |
|    policy_gradient_loss | -0.00817    |
|    value_loss           | 0.0626      |
-----------------------------------------
-----------------------------------------
| battle/                 |             |
|    draw_rate            | 0           |
|    loss_rate            | 0.9         |
|    win_rate             | 0.1         |
| time/                   |             |
|    fps                  | 4252        |
|    iterations           | 56          |
|    time_elapsed         | 80          |
|    total_timesteps      | 344064      |
| train/                  |             |
|    approx_kl            | 0.008733122 |
|    clip_fraction        | 0.0795      |
|    clip_range           | 0.2         |
|    entropy_loss         | -1.74       |
|    explained_variance   | 0.184       |
|    learning_rate        | 0.0003      |
|    loss                 | -0.00533    |
|    n_updates            | 330         |
|    policy_gradient_loss | -0.00837    |
|    value_loss           | 0.0496      |
-----------------------------------------
-----------------------------------------
| battle/                 |             |
|    draw_rate            | 0           |
|    loss_rate            | 0.895       |
|    win_rate             | 0.105       |
| time/                   |             |
|    fps                  | 4269        |
|    iterations           | 57          |
|    time_elapsed         | 82          |
|    total_timesteps      | 350208      |
| train/                  |             |
|    approx_kl            | 0.009625405 |
|    clip_fraction        | 0.0726      |
|    clip_range           | 0.2         |
|    entropy_loss         | -1.71       |
|    explained_variance   | 0.154       |
|    learning_rate        | 0.0003      |
|    loss                 | -0.00644    |
|    n_updates            | 336         |
|    policy_gradient_loss | -0.00641    |
|    value_loss           | 0.0477      |
-----------------------------------------
-----------------------------------------
| battle/                 |             |
|    draw_rate            | 0           |
|    loss_rate            | 0.892       |
|    win_rate             | 0.107       |
| time/                   |             |
|    fps                  | 4289        |
|    iterations           | 58          |
|    time_elapsed         | 83          |
|    total_timesteps      | 356352      |
| train/                  |             |
|    approx_kl            | 0.007636644 |
|    clip_fraction        | 0.051       |
|    clip_range           | 0.2         |
|    entropy_loss         | -1.76       |
|    explained_variance   | 0.0405      |
|    learning_rate        | 0.0003      |
|    loss                 | -0.00211    |
|    n_updates            | 342         |
|    policy_gradient_loss | -0.00738    |
|    value_loss           | 0.0604      |
-----------------------------------------
------------------------------------------
| battle/                 |              |
|    draw_rate            | 0            |
|    loss_rate            | 0.89         |
|    win_rate             | 0.11         |
| time/                   |              |
|    fps                  | 4311         |
|    iterations           | 59           |
|    time_elapsed         | 84           |
|    total_timesteps      | 362496       |
| train/                  |              |
|    approx_kl            | 0.0070620407 |
|    clip_fraction        | 0.0473       |
|    clip_range           | 0.2          |
|    entropy_loss         | -1.72        |
|    explained_variance   | 0.188        |
|    learning_rate        | 0.0003       |
|    loss                 | -0.0014      |
|    n_updates            | 348          |
|    policy_gradient_loss | -0.00624     |
|    value_loss           | 0.0554       |
------------------------------------------
------------------------------------------
| battle/                 |              |
|    draw_rate            | 0            |
|    loss_rate            | 0.877        |
|    win_rate             | 0.122        |
| time/                   |              |
|    fps                  | 4328         |
|    iterations           | 60           |
|    time_elapsed         | 85           |
|    total_timesteps      | 368640       |
| train/                  |              |
|    approx_kl            | 0.0049952096 |
|    clip_fraction        | 0.05         |
|    clip_range           | 0.2          |
|    entropy_loss         | -1.66        |
|    explained_variance   | 0.115        |
|    learning_rate        | 0.0003       |
|    loss                 | -0.00849     |
|    n_updates            | 354          |
|    policy_gradient_loss | -0.00554     |
|    value_loss           | 0.0524       |
------------------------------------------
-----------------------------------------
| battle/                 |             |
|    draw_rate            | 0           |
|    loss_rate            | 0.877       |
|    win_rate             | 0.122       |
| time/                   |             |
|    fps                  | 4342        |
|    iterations           | 61          |
|    time_elapsed         | 86          |
|    total_timesteps      | 374784      |
| train/                  |             |
|    approx_kl            | 0.006659227 |
|    clip_fraction        | 0.0363      |
|    clip_range           | 0.2         |
|    entropy_loss         | -1.69       |
|    explained_variance   | 0.118       |
|    learning_rate        | 0.0003      |
|    loss                 | -0.000136   |
|    n_updates            | 360         |
|    policy_gradient_loss | -0.006      |
|    value_loss           | 0.0554      |
-----------------------------------------
-----------------------------------------
| battle/                 |             |
|    draw_rate            | 0           |
|    loss_rate            | 0.892       |
|    win_rate             | 0.107       |
| time/                   |             |
|    fps                  | 4362        |
|    iterations           | 62          |
|    time_elapsed         | 87          |
|    total_timesteps      | 380928      |
| train/                  |             |
|    approx_kl            | 0.008024547 |
|    clip_fraction        | 0.0525      |
|    clip_range           | 0.2         |
|    entropy_loss         | -1.67       |
|    explained_variance   | 0.168       |
|    learning_rate        | 0.0003      |
|    loss                 | -0.00132    |
|    n_updates            | 366         |
|    policy_gradient_loss | -0.00638    |
|    value_loss           | 0.064       |
-----------------------------------------
------------------------------------------
| battle/                 |              |
|    draw_rate            | 0            |
|    loss_rate            | 0.9          |
|    win_rate             | 0.1          |
| time/                   |              |
|    fps                  | 4379         |
|    iterations           | 63           |
|    time_elapsed         | 88           |
|    total_timesteps      | 387072       |
| train/                  |              |
|    approx_kl            | 0.0056505497 |
|    clip_fraction        | 0.048        |
|    clip_range           | 0.2          |
|    entropy_loss         | -1.68        |
|    explained_variance   | 0.324        |
|    learning_rate        | 0.0003       |
|    loss                 | -0.0108      |
|    n_updates            | 372          |
|    policy_gradient_loss | -0.0058      |
|    value_loss           | 0.038        |
------------------------------------------
------------------------------------------
| battle/                 |              |
|    draw_rate            | 0            |
|    loss_rate            | 0.897        |
|    win_rate             | 0.102        |
| time/                   |              |
|    fps                  | 4394         |
|    iterations           | 64           |
|    time_elapsed         | 89           |
|    total_timesteps      | 393216       |
| train/                  |              |
|    approx_kl            | 0.0071936366 |
|    clip_fraction        | 0.0517       |
|    clip_range           | 0.2          |
|    entropy_loss         | -1.7         |
|    explained_variance   | 0.368        |
|    learning_rate        | 0.0003       |
|    loss                 | -0.00973     |
|    n_updates            | 378          |
|    policy_gradient_loss | -0.00572     |
|    value_loss           | 0.0358       |
------------------------------------------
-----------------------------------------
| battle/                 |             |
|    draw_rate            | 0           |
|    loss_rate            | 0.897       |
|    win_rate             | 0.102       |
| time/                   |             |
|    fps                  | 4413        |
|    iterations           | 65          |
|    time_elapsed         | 90          |
|    total_timesteps      | 399360      |
| train/                  |             |
|    approx_kl            | 0.007871621 |
|    clip_fraction        | 0.0596      |
|    clip_range           | 0.2         |
|    entropy_loss         | -1.67       |
|    explained_variance   | 0.204       |
|    learning_rate        | 0.0003      |
|    loss                 | -0.0129     |
|    n_updates            | 384         |
|    policy_gradient_loss | -0.00798    |
|    value_loss           | 0.0466      |
-----------------------------------------
------------------------------------------
| battle/                 |              |
|    draw_rate            | 0            |
|    loss_rate            | 0.892        |
|    win_rate             | 0.107        |
| time/                   |              |
|    fps                  | 4427         |
|    iterations           | 66           |
|    time_elapsed         | 91           |
|    total_timesteps      | 405504       |
| train/                  |              |
|    approx_kl            | 0.0062141344 |
|    clip_fraction        | 0.0465       |
|    clip_range           | 0.2          |
|    entropy_loss         | -1.65        |
|    explained_variance   | 0.32         |
|    learning_rate        | 0.0003       |
|    loss                 | -0.0134      |
|    n_updates            | 390          |
|    policy_gradient_loss | -0.00608     |
|    value_loss           | 0.0397       |
------------------------------------------
-----------------------------------------
| battle/                 |             |
|    draw_rate            | 0           |
|    loss_rate            | 0.89        |
|    win_rate             | 0.11        |
| time/                   |             |
|    fps                  | 4442        |
|    iterations           | 67          |
|    time_elapsed         | 92          |
|    total_timesteps      | 411648      |
| train/                  |             |
|    approx_kl            | 0.005979504 |
|    clip_fraction        | 0.053       |
|    clip_range           | 0.2         |
|    entropy_loss         | -1.59       |
|    explained_variance   | 0.221       |
|    learning_rate        | 0.0003      |
|    loss                 | -0.00488    |
|    n_updates            | 396         |
|    policy_gradient_loss | -0.0053     |
|    value_loss           | 0.0508      |
-----------------------------------------
------------------------------------------
| battle/                 |              |
|    draw_rate            | 0            |
|    loss_rate            | 0.875        |
|    win_rate             | 0.125        |
| time/                   |              |
|    fps                  | 4461         |
|    iterations           | 68           |
|    time_elapsed         | 93           |
|    total_timesteps      | 417792       |
| train/                  |              |
|    approx_kl            | 0.0060605085 |
|    clip_fraction        | 0.0414       |
|    clip_range           | 0.2          |
|    entropy_loss         | -1.61        |
|    explained_variance   | 0.308        |
|    learning_rate        | 0.0003       |
|    loss                 | -0.00078     |
|    n_updates            | 402          |
|    policy_gradient_loss | -0.00433     |
|    value_loss           | 0.0432       |
------------------------------------------
------------------------------------------
| battle/                 |              |
|    draw_rate            | 0            |
|    loss_rate            | 0.88         |
|    win_rate             | 0.12         |
| time/                   |              |
|    fps                  | 4477         |
|    iterations           | 69           |
|    time_elapsed         | 94           |
|    total_timesteps      | 423936       |
| train/                  |              |
|    approx_kl            | 0.0070719584 |
|    clip_fraction        | 0.068        |
|    clip_range           | 0.2          |
|    entropy_loss         | -1.62        |
|    explained_variance   | 0.205        |
|    learning_rate        | 0.0003       |
|    loss                 | 0.00252      |
|    n_updates            | 408          |
|    policy_gradient_loss | -0.00653     |
|    value_loss           | 0.0569       |
------------------------------------------
-----------------------------------------
| battle/                 |             |
|    draw_rate            | 0           |
|    loss_rate            | 0.887       |
|    win_rate             | 0.113       |
| time/                   |             |
|    fps                  | 4488        |
|    iterations           | 70          |
|    time_elapsed         | 95          |
|    total_timesteps      | 430080      |
| train/                  |             |
|    approx_kl            | 0.005377418 |
|    clip_fraction        | 0.0469      |
|    clip_range           | 0.2         |
|    entropy_loss         | -1.64       |
|    explained_variance   | 0.362       |
|    learning_rate        | 0.0003      |
|    loss                 | -0.0103     |
|    n_updates            | 414         |
|    policy_gradient_loss | -0.00513    |
|    value_loss           | 0.0354      |
-----------------------------------------
----------------------------------------
| battle/                 |            |
|    draw_rate            | 0          |
|    loss_rate            | 0.902      |
|    win_rate             | 0.0975     |
| time/                   |            |
|    fps                  | 4505       |
|    iterations           | 71         |
|    time_elapsed         | 96         |
|    total_timesteps      | 436224     |
| train/                  |            |
|    approx_kl            | 0.00832752 |
|    clip_fraction        | 0.0686     |
|    clip_range           | 0.2        |
|    entropy_loss         | -1.61      |
|    explained_variance   | 0.304      |
|    learning_rate        | 0.0003     |
|    loss                 | -0.0111    |
|    n_updates            | 420        |
|    policy_gradient_loss | -0.00677   |
|    value_loss           | 0.0383     |
----------------------------------------
-----------------------------------------
| battle/                 |             |
|    draw_rate            | 0           |
|    loss_rate            | 0.9         |
|    win_rate             | 0.1         |
| time/                   |             |
|    fps                  | 4518        |
|    iterations           | 72          |
|    time_elapsed         | 97          |
|    total_timesteps      | 442368      |
| train/                  |             |
|    approx_kl            | 0.005716715 |
|    clip_fraction        | 0.0494      |
|    clip_range           | 0.2         |
|    entropy_loss         | -1.64       |
|    explained_variance   | 0.282       |
|    learning_rate        | 0.0003      |
|    loss                 | -0.00914    |
|    n_updates            | 426         |
|    policy_gradient_loss | -0.00567    |
|    value_loss           | 0.0348      |
-----------------------------------------
-----------------------------------------
| battle/                 |             |
|    draw_rate            | 0           |
|    loss_rate            | 0.9         |
|    win_rate             | 0.1         |
| time/                   |             |
|    fps                  | 4534        |
|    iterations           | 73          |
|    time_elapsed         | 98          |
|    total_timesteps      | 448512      |
| train/                  |             |
|    approx_kl            | 0.008381832 |
|    clip_fraction        | 0.051       |
|    clip_range           | 0.2         |
|    entropy_loss         | -1.64       |
|    explained_variance   | 0.31        |
|    learning_rate        | 0.0003      |
|    loss                 | -0.00798    |
|    n_updates            | 432         |
|    policy_gradient_loss | -0.00634    |
|    value_loss           | 0.0472      |
-----------------------------------------
----------------------------------------
| battle/                 |            |
|    draw_rate            | 0          |
|    loss_rate            | 0.902      |
|    win_rate             | 0.0975     |
| time/                   |            |
|    fps                  | 4550       |
|    iterations           | 74         |
|    time_elapsed         | 99         |
|    total_timesteps      | 454656     |
| train/                  |            |
|    approx_kl            | 0.00835968 |
|    clip_fraction        | 0.0462     |
|    clip_range           | 0.2        |
|    entropy_loss         | -1.61      |
|    explained_variance   | 0.26       |
|    learning_rate        | 0.0003     |
|    loss                 | -0.0036    |
|    n_updates            | 438        |
|    policy_gradient_loss | -0.00514   |
|    value_loss           | 0.0515     |
----------------------------------------
------------------------------------------
| battle/                 |              |
|    draw_rate            | 0            |
|    loss_rate            | 0.9          |
|    win_rate             | 0.1          |
| time/                   |              |
|    fps                  | 4565         |
|    iterations           | 75           |
|    time_elapsed         | 100          |
|    total_timesteps      | 460800       |
| train/                  |              |
|    approx_kl            | 0.0062610186 |
|    clip_fraction        | 0.0893       |
|    clip_range           | 0.2          |
|    entropy_loss         | -1.63        |
|    explained_variance   | 0.292        |
|    learning_rate        | 0.0003       |
|    loss                 | -0.011       |
|    n_updates            | 444          |
|    policy_gradient_loss | -0.00666     |
|    value_loss           | 0.035        |
------------------------------------------
------------------------------------------
| battle/                 |              |
|    draw_rate            | 0            |
|    loss_rate            | 0.887        |
|    win_rate             | 0.113        |
| time/                   |              |
|    fps                  | 4579         |
|    iterations           | 76           |
|    time_elapsed         | 101          |
|    total_timesteps      | 466944       |
| train/                  |              |
|    approx_kl            | 0.0068383515 |
|    clip_fraction        | 0.0587       |
|    clip_range           | 0.2          |
|    entropy_loss         | -1.55        |
|    explained_variance   | 0.28         |
|    learning_rate        | 0.0003       |
|    loss                 | -0.00557     |
|    n_updates            | 450          |
|    policy_gradient_loss | -0.00521     |
|    value_loss           | 0.0392       |
------------------------------------------
------------------------------------------
| battle/                 |              |
|    draw_rate            | 0            |
|    loss_rate            | 0.885        |
|    win_rate             | 0.115        |
| time/                   |              |
|    fps                  | 4591         |
|    iterations           | 77           |
|    time_elapsed         | 103          |
|    total_timesteps      | 473088       |
| train/                  |              |
|    approx_kl            | 0.0047084023 |
|    clip_fraction        | 0.0524       |
|    clip_range           | 0.2          |
|    entropy_loss         | -1.63        |
|    explained_variance   | 0.46         |
|    learning_rate        | 0.0003       |
|    loss                 | -0.00943     |
|    n_updates            | 456          |
|    policy_gradient_loss | -0.00481     |
|    value_loss           | 0.0366       |
------------------------------------------
------------------------------------------
| battle/                 |              |
|    draw_rate            | 0            |
|    loss_rate            | 0.887        |
|    win_rate             | 0.113        |
| time/                   |              |
|    fps                  | 4602         |
|    iterations           | 78           |
|    time_elapsed         | 104          |
|    total_timesteps      | 479232       |
| train/                  |              |
|    approx_kl            | 0.0066114427 |
|    clip_fraction        | 0.0408       |
|    clip_range           | 0.2          |
|    entropy_loss         | -1.62        |
|    explained_variance   | 0.325        |
|    learning_rate        | 0.0003       |
|    loss                 | -0.00731     |
|    n_updates            | 462          |
|    policy_gradient_loss | -0.00527     |
|    value_loss           | 0.0441       |
------------------------------------------
------------------------------------------
| battle/                 |              |
|    draw_rate            | 0            |
|    loss_rate            | 0.88         |
|    win_rate             | 0.12         |
| time/                   |              |
|    fps                  | 4613         |
|    iterations           | 79           |
|    time_elapsed         | 105          |
|    total_timesteps      | 485376       |
| train/                  |              |
|    approx_kl            | 0.0052510574 |
|    clip_fraction        | 0.0254       |
|    clip_range           | 0.2          |
|    entropy_loss         | -1.6         |
|    explained_variance   | 0.238        |
|    learning_rate        | 0.0003       |
|    loss                 | -0.00188     |
|    n_updates            | 468          |
|    policy_gradient_loss | -0.00381     |
|    value_loss           | 0.0535       |
------------------------------------------
------------------------------------------
| battle/                 |              |
|    draw_rate            | 0            |
|    loss_rate            | 0.87         |
|    win_rate             | 0.13         |
| time/                   |              |
|    fps                  | 4627         |
|    iterations           | 80           |
|    time_elapsed         | 106          |
|    total_timesteps      | 491520       |
| train/                  |              |
|    approx_kl            | 0.0091718845 |
|    clip_fraction        | 0.0577       |
|    clip_range           | 0.2          |
|    entropy_loss         | -1.61        |
|    explained_variance   | 0.256        |
|    learning_rate        | 0.0003       |
|    loss                 | -0.00602     |
|    n_updates            | 474          |
|    policy_gradient_loss | -0.00453     |
|    value_loss           | 0.0494       |
------------------------------------------
------------------------------------------
| battle/                 |              |
|    draw_rate            | 0            |
|    loss_rate            | 0.873        |
|    win_rate             | 0.128        |
| time/                   |              |
|    fps                  | 4640         |
|    iterations           | 81           |
|    time_elapsed         | 107          |
|    total_timesteps      | 497664       |
| train/                  |              |
|    approx_kl            | 0.0065866695 |
|    clip_fraction        | 0.0412       |
|    clip_range           | 0.2          |
|    entropy_loss         | -1.63        |
|    explained_variance   | 0.27         |
|    learning_rate        | 0.0003       |
|    loss                 | -0.00757     |
|    n_updates            | 480          |
|    policy_gradient_loss | -0.00581     |
|    value_loss           | 0.0464       |
------------------------------------------

[eval @ 503,808 steps] 确定性评估胜率: 5.0%
  ✓ 新最优, 已保存 /Users/cichlidfish/tank_trouble/training/models/best_model.zip
------------------------------------------
| battle/                 |              |
|    draw_rate            | 0            |
|    eval_win_rate        | 0.05         |
|    loss_rate            | 0.865        |
|    win_rate             | 0.135        |
| time/                   |              |
|    fps                  | 4497         |
|    iterations           | 82           |
|    time_elapsed         | 112          |
|    total_timesteps      | 503808       |
| train/                  |              |
|    approx_kl            | 0.0054207854 |
|    clip_fraction        | 0.026        |
|    clip_range           | 0.2          |
|    entropy_loss         | -1.58        |
|    explained_variance   | 0.253        |
|    learning_rate        | 0.0003       |
|    loss                 | -0.0109      |
|    n_updates            | 486          |
|    policy_gradient_loss | -0.00548     |
|    value_loss           | 0.0367       |
------------------------------------------
------------------------------------------
| battle/                 |              |
|    draw_rate            | 0            |
|    loss_rate            | 0.875        |
|    win_rate             | 0.125        |
| time/                   |              |
|    fps                  | 4511         |
|    iterations           | 83           |
|    time_elapsed         | 113          |
|    total_timesteps      | 509952       |
| train/                  |              |
|    approx_kl            | 0.0057103336 |
|    clip_fraction        | 0.0687       |
|    clip_range           | 0.2          |
|    entropy_loss         | -1.51        |
|    explained_variance   | 0.223        |
|    learning_rate        | 0.0003       |
|    loss                 | -0.00286     |
|    n_updates            | 492          |
|    policy_gradient_loss | -0.00635     |
|    value_loss           | 0.0568       |
------------------------------------------
-----------------------------------------
| battle/                 |             |
|    draw_rate            | 0           |
|    loss_rate            | 0.875       |
|    win_rate             | 0.125       |
| time/                   |             |
|    fps                  | 4527        |
|    iterations           | 84          |
|    time_elapsed         | 113         |
|    total_timesteps      | 516096      |
| train/                  |             |
|    approx_kl            | 0.005719692 |
|    clip_fraction        | 0.06        |
|    clip_range           | 0.2         |
|    entropy_loss         | -1.54       |
|    explained_variance   | 0.383       |
|    learning_rate        | 0.0003      |
|    loss                 | -0.00814    |
|    n_updates            | 498         |
|    policy_gradient_loss | -0.00482    |
|    value_loss           | 0.0406      |
-----------------------------------------
-----------------------------------------
| battle/                 |             |
|    draw_rate            | 0           |
|    loss_rate            | 0.877       |
|    win_rate             | 0.122       |
| time/                   |             |
|    fps                  | 4542        |
|    iterations           | 85          |
|    time_elapsed         | 114         |
|    total_timesteps      | 522240      |
| train/                  |             |
|    approx_kl            | 0.005718075 |
|    clip_fraction        | 0.0343      |
|    clip_range           | 0.2         |
|    entropy_loss         | -1.52       |
|    explained_variance   | 0.359       |
|    learning_rate        | 0.0003      |
|    loss                 | -0.00869    |
|    n_updates            | 504         |
|    policy_gradient_loss | -0.00432    |
|    value_loss           | 0.0443      |
-----------------------------------------
------------------------------------------
| battle/                 |              |
|    draw_rate            | 0            |
|    loss_rate            | 0.88         |
|    win_rate             | 0.12         |
| time/                   |              |
|    fps                  | 4555         |
|    iterations           | 86           |
|    time_elapsed         | 115          |
|    total_timesteps      | 528384       |
| train/                  |              |
|    approx_kl            | 0.0058459095 |
|    clip_fraction        | 0.043        |
|    clip_range           | 0.2          |
|    entropy_loss         | -1.53        |
|    explained_variance   | 0.283        |
|    learning_rate        | 0.0003       |
|    loss                 | -0.00372     |
|    n_updates            | 510          |
|    policy_gradient_loss | -0.00605     |
|    value_loss           | 0.0443       |
------------------------------------------
-----------------------------------------
| battle/                 |             |
|    draw_rate            | 0           |
|    loss_rate            | 0.885       |
|    win_rate             | 0.115       |
| time/                   |             |
|    fps                  | 4569        |
|    iterations           | 87          |
|    time_elapsed         | 116         |
|    total_timesteps      | 534528      |
| train/                  |             |
|    approx_kl            | 0.009564166 |
|    clip_fraction        | 0.0896      |
|    clip_range           | 0.2         |
|    entropy_loss         | -1.49       |
|    explained_variance   | 0.258       |
|    learning_rate        | 0.0003      |
|    loss                 | -0.00991    |
|    n_updates            | 516         |
|    policy_gradient_loss | -0.00754    |
|    value_loss           | 0.0484      |
-----------------------------------------
------------------------------------------
| battle/                 |              |
|    draw_rate            | 0            |
|    loss_rate            | 0.887        |
|    win_rate             | 0.113        |
| time/                   |              |
|    fps                  | 4583         |
|    iterations           | 88           |
|    time_elapsed         | 117          |
|    total_timesteps      | 540672       |
| train/                  |              |
|    approx_kl            | 0.0051666847 |
|    clip_fraction        | 0.0411       |
|    clip_range           | 0.2          |
|    entropy_loss         | -1.52        |
|    explained_variance   | 0.333        |
|    learning_rate        | 0.0003       |
|    loss                 | -0.00625     |
|    n_updates            | 522          |
|    policy_gradient_loss | -0.00389     |
|    value_loss           | 0.0404       |
------------------------------------------
------------------------------------------
| battle/                 |              |
|    draw_rate            | 0            |
|    loss_rate            | 0.892        |
|    win_rate             | 0.107        |
| time/                   |              |
|    fps                  | 4597         |
|    iterations           | 89           |
|    time_elapsed         | 118          |
|    total_timesteps      | 546816       |
| train/                  |              |
|    approx_kl            | 0.0046944954 |
|    clip_fraction        | 0.0335       |
|    clip_range           | 0.2          |
|    entropy_loss         | -1.56        |
|    explained_variance   | 0.536        |
|    learning_rate        | 0.0003       |
|    loss                 | -0.0129      |
|    n_updates            | 528          |
|    policy_gradient_loss | -0.00431     |
|    value_loss           | 0.0253       |
------------------------------------------
------------------------------------------
| battle/                 |              |
|    draw_rate            | 0            |
|    loss_rate            | 0.895        |
|    win_rate             | 0.105        |
| time/                   |              |
|    fps                  | 4610         |
|    iterations           | 90           |
|    time_elapsed         | 119          |
|    total_timesteps      | 552960       |
| train/                  |              |
|    approx_kl            | 0.0046607386 |
|    clip_fraction        | 0.0308       |
|    clip_range           | 0.2          |
|    entropy_loss         | -1.58        |
|    explained_variance   | 0.403        |
|    learning_rate        | 0.0003       |
|    loss                 | -0.00665     |
|    n_updates            | 534          |
|    policy_gradient_loss | -0.00364     |
|    value_loss           | 0.0375       |
------------------------------------------
------------------------------------------
| battle/                 |              |
|    draw_rate            | 0            |
|    loss_rate            | 0.89         |
|    win_rate             | 0.11         |
| time/                   |              |
|    fps                  | 4621         |
|    iterations           | 91           |
|    time_elapsed         | 120          |
|    total_timesteps      | 559104       |
| train/                  |              |
|    approx_kl            | 0.0071058176 |
|    clip_fraction        | 0.0315       |
|    clip_range           | 0.2          |
|    entropy_loss         | -1.61        |
|    explained_variance   | 0.371        |
|    learning_rate        | 0.0003       |
|    loss                 | -0.0033      |
|    n_updates            | 540          |
|    policy_gradient_loss | -0.00436     |
|    value_loss           | 0.0441       |
------------------------------------------
------------------------------------------
| battle/                 |              |
|    draw_rate            | 0            |
|    loss_rate            | 0.885        |
|    win_rate             | 0.115        |
| time/                   |              |
|    fps                  | 4635         |
|    iterations           | 92           |
|    time_elapsed         | 121          |
|    total_timesteps      | 565248       |
| train/                  |              |
|    approx_kl            | 0.0065553603 |
|    clip_fraction        | 0.0503       |
|    clip_range           | 0.2          |
|    entropy_loss         | -1.57        |
|    explained_variance   | 0.38         |
|    learning_rate        | 0.0003       |
|    loss                 | -0.0032      |
|    n_updates            | 546          |
|    policy_gradient_loss | -0.00413     |
|    value_loss           | 0.0484       |
------------------------------------------
-----------------------------------------
| battle/                 |             |
|    draw_rate            | 0           |
|    loss_rate            | 0.877       |
|    win_rate             | 0.122       |
| time/                   |             |
|    fps                  | 4646        |
|    iterations           | 93          |
|    time_elapsed         | 122         |
|    total_timesteps      | 571392      |
| train/                  |             |
|    approx_kl            | 0.006022705 |
|    clip_fraction        | 0.0554      |
|    clip_range           | 0.2         |
|    entropy_loss         | -1.61       |
|    explained_variance   | 0.298       |
|    learning_rate        | 0.0003      |
|    loss                 | 0.00174     |
|    n_updates            | 552         |
|    policy_gradient_loss | -0.00626    |
|    value_loss           | 0.0518      |
-----------------------------------------
------------------------------------------
| battle/                 |              |
|    draw_rate            | 0            |
|    loss_rate            | 0.863        |
|    win_rate             | 0.138        |
| time/                   |              |
|    fps                  | 4655         |
|    iterations           | 94           |
|    time_elapsed         | 124          |
|    total_timesteps      | 577536       |
| train/                  |              |
|    approx_kl            | 0.0071303085 |
|    clip_fraction        | 0.0375       |
|    clip_range           | 0.2          |
|    entropy_loss         | -1.51        |
|    explained_variance   | 0.256        |
|    learning_rate        | 0.0003       |
|    loss                 | -0.00463     |
|    n_updates            | 558          |
|    policy_gradient_loss | -0.00425     |
|    value_loss           | 0.0403       |
------------------------------------------
----------------------------------------
| battle/                 |            |
|    draw_rate            | 0          |
|    loss_rate            | 0.865      |
|    win_rate             | 0.135      |
| time/                   |            |
|    fps                  | 4668       |
|    iterations           | 95         |
|    time_elapsed         | 125        |
|    total_timesteps      | 583680     |
| train/                  |            |
|    approx_kl            | 0.00928067 |
|    clip_fraction        | 0.0646     |
|    clip_range           | 0.2        |
|    entropy_loss         | -1.55      |
|    explained_variance   | 0.252      |
|    learning_rate        | 0.0003     |
|    loss                 | -0.00341   |
|    n_updates            | 564        |
|    policy_gradient_loss | -0.0074    |
|    value_loss           | 0.0579     |
----------------------------------------
------------------------------------------
| battle/                 |              |
|    draw_rate            | 0            |
|    loss_rate            | 0.87         |
|    win_rate             | 0.13         |
| time/                   |              |
|    fps                  | 4679         |
|    iterations           | 96           |
|    time_elapsed         | 126          |
|    total_timesteps      | 589824       |
| train/                  |              |
|    approx_kl            | 0.0066436664 |
|    clip_fraction        | 0.0521       |
|    clip_range           | 0.2          |
|    entropy_loss         | -1.54        |
|    explained_variance   | 0.274        |
|    learning_rate        | 0.0003       |
|    loss                 | -0.0164      |
|    n_updates            | 570          |
|    policy_gradient_loss | -0.00618     |
|    value_loss           | 0.0266       |
------------------------------------------
-----------------------------------------
| battle/                 |             |
|    draw_rate            | 0           |
|    loss_rate            | 0.882       |
|    win_rate             | 0.117       |
| time/                   |             |
|    fps                  | 4690        |
|    iterations           | 97          |
|    time_elapsed         | 127         |
|    total_timesteps      | 595968      |
| train/                  |             |
|    approx_kl            | 0.008537046 |
|    clip_fraction        | 0.0415      |
|    clip_range           | 0.2         |
|    entropy_loss         | -1.55       |
|    explained_variance   | 0.3         |
|    learning_rate        | 0.0003      |
|    loss                 | -0.00874    |
|    n_updates            | 576         |
|    policy_gradient_loss | -0.00676    |
|    value_loss           | 0.0456      |
-----------------------------------------
-----------------------------------------
| battle/                 |             |
|    draw_rate            | 0           |
|    loss_rate            | 0.885       |
|    win_rate             | 0.115       |
| time/                   |             |
|    fps                  | 4700        |
|    iterations           | 98          |
|    time_elapsed         | 128         |
|    total_timesteps      | 602112      |
| train/                  |             |
|    approx_kl            | 0.008723967 |
|    clip_fraction        | 0.0554      |
|    clip_range           | 0.2         |
|    entropy_loss         | -1.53       |
|    explained_variance   | 0.358       |
|    learning_rate        | 0.0003      |
|    loss                 | -0.0117     |
|    n_updates            | 582         |
|    policy_gradient_loss | -0.00633    |
|    value_loss           | 0.0358      |
-----------------------------------------
-----------------------------------------
| battle/                 |             |
|    draw_rate            | 0           |
|    loss_rate            | 0.887       |
|    win_rate             | 0.113       |
| time/                   |             |
|    fps                  | 4713        |
|    iterations           | 99          |
|    time_elapsed         | 129         |
|    total_timesteps      | 608256      |
| train/                  |             |
|    approx_kl            | 0.006265884 |
|    clip_fraction        | 0.0376      |
|    clip_range           | 0.2         |
|    entropy_loss         | -1.54       |
|    explained_variance   | 0.367       |
|    learning_rate        | 0.0003      |
|    loss                 | -0.00594    |
|    n_updates            | 588         |
|    policy_gradient_loss | -0.00486    |
|    value_loss           | 0.0398      |
-----------------------------------------
-----------------------------------------
| battle/                 |             |
|    draw_rate            | 0           |
|    loss_rate            | 0.88        |
|    win_rate             | 0.12        |
| time/                   |             |
|    fps                  | 4724        |
|    iterations           | 100         |
|    time_elapsed         | 130         |
|    total_timesteps      | 614400      |
| train/                  |             |
|    approx_kl            | 0.005999066 |
|    clip_fraction        | 0.0445      |
|    clip_range           | 0.2         |
|    entropy_loss         | -1.51       |
|    explained_variance   | 0.332       |
|    learning_rate        | 0.0003      |
|    loss                 | -0.0033     |
|    n_updates            | 594         |
|    policy_gradient_loss | -0.00533    |
|    value_loss           | 0.0496      |
-----------------------------------------
-----------------------------------------
| battle/                 |             |
|    draw_rate            | 0           |
|    loss_rate            | 0.87        |
|    win_rate             | 0.13        |
| time/                   |             |
|    fps                  | 4735        |
|    iterations           | 101         |
|    time_elapsed         | 131         |
|    total_timesteps      | 620544      |
| train/                  |             |
|    approx_kl            | 0.005645758 |
|    clip_fraction        | 0.042       |
|    clip_range           | 0.2         |
|    entropy_loss         | -1.49       |
|    explained_variance   | 0.201       |
|    learning_rate        | 0.0003      |
|    loss                 | -0.00409    |
|    n_updates            | 600         |
|    policy_gradient_loss | -0.00353    |
|    value_loss           | 0.0558      |
-----------------------------------------
------------------------------------------
| battle/                 |              |
|    draw_rate            | 0            |
|    loss_rate            | 0.887        |
|    win_rate             | 0.113        |
| time/                   |              |
|    fps                  | 4746         |
|    iterations           | 102          |
|    time_elapsed         | 132          |
|    total_timesteps      | 626688       |
| train/                  |              |
|    approx_kl            | 0.0064314506 |
|    clip_fraction        | 0.046        |
|    clip_range           | 0.2          |
|    entropy_loss         | -1.55        |
|    explained_variance   | 0.396        |
|    learning_rate        | 0.0003       |
|    loss                 | -0.00135     |
|    n_updates            | 606          |
|    policy_gradient_loss | -0.00397     |
|    value_loss           | 0.0428       |
------------------------------------------
-----------------------------------------
| battle/                 |             |
|    draw_rate            | 0           |
|    loss_rate            | 0.865       |
|    win_rate             | 0.135       |
| time/                   |             |
|    fps                  | 4757        |
|    iterations           | 103         |
|    time_elapsed         | 133         |
|    total_timesteps      | 632832      |
| train/                  |             |
|    approx_kl            | 0.008405205 |
|    clip_fraction        | 0.0462      |
|    clip_range           | 0.2         |
|    entropy_loss         | -1.52       |
|    explained_variance   | 0.532       |
|    learning_rate        | 0.0003      |
|    loss                 | -0.0132     |
|    n_updates            | 612         |
|    policy_gradient_loss | -0.00501    |
|    value_loss           | 0.0226      |
-----------------------------------------
------------------------------------------
| battle/                 |              |
|    draw_rate            | 0            |
|    loss_rate            | 0.87         |
|    win_rate             | 0.13         |
| time/                   |              |
|    fps                  | 4766         |
|    iterations           | 104          |
|    time_elapsed         | 134          |
|    total_timesteps      | 638976       |
| train/                  |              |
|    approx_kl            | 0.0064622276 |
|    clip_fraction        | 0.0631       |
|    clip_range           | 0.2          |
|    entropy_loss         | -1.53        |
|    explained_variance   | 0.174        |
|    learning_rate        | 0.0003       |
|    loss                 | 0.000408     |
|    n_updates            | 618          |
|    policy_gradient_loss | -0.00627     |
|    value_loss           | 0.0606       |
------------------------------------------
-----------------------------------------
| battle/                 |             |
|    draw_rate            | 0           |
|    loss_rate            | 0.88        |
|    win_rate             | 0.12        |
| time/                   |             |
|    fps                  | 4776        |
|    iterations           | 105         |
|    time_elapsed         | 135         |
|    total_timesteps      | 645120      |
| train/                  |             |
|    approx_kl            | 0.007894946 |
|    clip_fraction        | 0.063       |
|    clip_range           | 0.2         |
|    entropy_loss         | -1.51       |
|    explained_variance   | 0.313       |
|    learning_rate        | 0.0003      |
|    loss                 | -0.00899    |
|    n_updates            | 624         |
|    policy_gradient_loss | -0.00649    |
|    value_loss           | 0.0411      |
-----------------------------------------
------------------------------------------
| battle/                 |              |
|    draw_rate            | 0            |
|    loss_rate            | 0.885        |
|    win_rate             | 0.115        |
| time/                   |              |
|    fps                  | 4786         |
|    iterations           | 106          |
|    time_elapsed         | 136          |
|    total_timesteps      | 651264       |
| train/                  |              |
|    approx_kl            | 0.0073359828 |
|    clip_fraction        | 0.0606       |
|    clip_range           | 0.2          |
|    entropy_loss         | -1.56        |
|    explained_variance   | 0.429        |
|    learning_rate        | 0.0003       |
|    loss                 | -0.0113      |
|    n_updates            | 630          |
|    policy_gradient_loss | -0.00509     |
|    value_loss           | 0.032        |
------------------------------------------
------------------------------------------
| battle/                 |              |
|    draw_rate            | 0            |
|    loss_rate            | 0.885        |
|    win_rate             | 0.115        |
| time/                   |              |
|    fps                  | 4797         |
|    iterations           | 107          |
|    time_elapsed         | 137          |
|    total_timesteps      | 657408       |
| train/                  |              |
|    approx_kl            | 0.0068212934 |
|    clip_fraction        | 0.0543       |
|    clip_range           | 0.2          |
|    entropy_loss         | -1.61        |
|    explained_variance   | 0.379        |
|    learning_rate        | 0.0003       |
|    loss                 | -0.00688     |
|    n_updates            | 636          |
|    policy_gradient_loss | -0.00475     |
|    value_loss           | 0.0384       |
------------------------------------------
------------------------------------------
| battle/                 |              |
|    draw_rate            | 0            |
|    loss_rate            | 0.86         |
|    win_rate             | 0.14         |
| time/                   |              |
|    fps                  | 4807         |
|    iterations           | 108          |
|    time_elapsed         | 138          |
|    total_timesteps      | 663552       |
| train/                  |              |
|    approx_kl            | 0.0057889796 |
|    clip_fraction        | 0.0446       |
|    clip_range           | 0.2          |
|    entropy_loss         | -1.58        |
|    explained_variance   | 0.367        |
|    learning_rate        | 0.0003       |
|    loss                 | -0.000112    |
|    n_updates            | 642          |
|    policy_gradient_loss | -0.0053      |
|    value_loss           | 0.046        |
------------------------------------------
------------------------------------------
| battle/                 |              |
|    draw_rate            | 0            |
|    loss_rate            | 0.85         |
|    win_rate             | 0.15         |
| time/                   |              |
|    fps                  | 4815         |
|    iterations           | 109          |
|    time_elapsed         | 139          |
|    total_timesteps      | 669696       |
| train/                  |              |
|    approx_kl            | 0.0073943827 |
|    clip_fraction        | 0.0549       |
|    clip_range           | 0.2          |
|    entropy_loss         | -1.55        |
|    explained_variance   | 0.316        |
|    learning_rate        | 0.0003       |
|    loss                 | -0.00198     |
|    n_updates            | 648          |
|    policy_gradient_loss | -0.00516     |
|    value_loss           | 0.0534       |
------------------------------------------
------------------------------------------
| battle/                 |              |
|    draw_rate            | 0            |
|    loss_rate            | 0.858        |
|    win_rate             | 0.142        |
| time/                   |              |
|    fps                  | 4825         |
|    iterations           | 110          |
|    time_elapsed         | 140          |
|    total_timesteps      | 675840       |
| train/                  |              |
|    approx_kl            | 0.0067843646 |
|    clip_fraction        | 0.0614       |
|    clip_range           | 0.2          |
|    entropy_loss         | -1.53        |
|    explained_variance   | 0.216        |
|    learning_rate        | 0.0003       |
|    loss                 | 0.00596      |
|    n_updates            | 654          |
|    policy_gradient_loss | -0.00619     |
|    value_loss           | 0.0693       |
------------------------------------------
------------------------------------------
| battle/                 |              |
|    draw_rate            | 0            |
|    loss_rate            | 0.843        |
|    win_rate             | 0.158        |
| time/                   |              |
|    fps                  | 4834         |
|    iterations           | 111          |
|    time_elapsed         | 141          |
|    total_timesteps      | 681984       |
| train/                  |              |
|    approx_kl            | 0.0061130696 |
|    clip_fraction        | 0.0406       |
|    clip_range           | 0.2          |
|    entropy_loss         | -1.56        |
|    explained_variance   | 0.297        |
|    learning_rate        | 0.0003       |
|    loss                 | -0.00827     |
|    n_updates            | 660          |
|    policy_gradient_loss | -0.00594     |
|    value_loss           | 0.0453       |
------------------------------------------
------------------------------------------
| battle/                 |              |
|    draw_rate            | 0            |
|    loss_rate            | 0.843        |
|    win_rate             | 0.158        |
| time/                   |              |
|    fps                  | 4846         |
|    iterations           | 112          |
|    time_elapsed         | 141          |
|    total_timesteps      | 688128       |
| train/                  |              |
|    approx_kl            | 0.0064153657 |
|    clip_fraction        | 0.0414       |
|    clip_range           | 0.2          |
|    entropy_loss         | -1.58        |
|    explained_variance   | 0.202        |
|    learning_rate        | 0.0003       |
|    loss                 | -0.00804     |
|    n_updates            | 666          |
|    policy_gradient_loss | -0.00542     |
|    value_loss           | 0.0493       |
------------------------------------------
------------------------------------------
| battle/                 |              |
|    draw_rate            | 0            |
|    loss_rate            | 0.853        |
|    win_rate             | 0.147        |
| time/                   |              |
|    fps                  | 4855         |
|    iterations           | 113          |
|    time_elapsed         | 142          |
|    total_timesteps      | 694272       |
| train/                  |              |
|    approx_kl            | 0.0065163467 |
|    clip_fraction        | 0.0482       |
|    clip_range           | 0.2          |
|    entropy_loss         | -1.59        |
|    explained_variance   | 0.41         |
|    learning_rate        | 0.0003       |
|    loss                 | -0.00623     |
|    n_updates            | 672          |
|    policy_gradient_loss | -0.00511     |
|    value_loss           | 0.0345       |
------------------------------------------
-----------------------------------------
| battle/                 |             |
|    draw_rate            | 0           |
|    loss_rate            | 0.87        |
|    win_rate             | 0.13        |
| time/                   |             |
|    fps                  | 4865        |
|    iterations           | 114         |
|    time_elapsed         | 143         |
|    total_timesteps      | 700416      |
| train/                  |             |
|    approx_kl            | 0.006027427 |
|    clip_fraction        | 0.0311      |
|    clip_range           | 0.2         |
|    entropy_loss         | -1.55       |
|    explained_variance   | 0.382       |
|    learning_rate        | 0.0003      |
|    loss                 | -0.0102     |
|    n_updates            | 678         |
|    policy_gradient_loss | -0.00558    |
|    value_loss           | 0.0356      |
-----------------------------------------
-----------------------------------------
| battle/                 |             |
|    draw_rate            | 0           |
|    loss_rate            | 0.882       |
|    win_rate             | 0.117       |
| time/                   |             |
|    fps                  | 4872        |
|    iterations           | 115         |
|    time_elapsed         | 145         |
|    total_timesteps      | 706560      |
| train/                  |             |
|    approx_kl            | 0.005588533 |
|    clip_fraction        | 0.055       |
|    clip_range           | 0.2         |
|    entropy_loss         | -1.48       |
|    explained_variance   | 0.206       |
|    learning_rate        | 0.0003      |
|    loss                 | -0.00683    |
|    n_updates            | 684         |
|    policy_gradient_loss | -0.00541    |
|    value_loss           | 0.0427      |
-----------------------------------------
-----------------------------------------
| battle/                 |             |
|    draw_rate            | 0           |
|    loss_rate            | 0.875       |
|    win_rate             | 0.125       |
| time/                   |             |
|    fps                  | 4880        |
|    iterations           | 116         |
|    time_elapsed         | 146         |
|    total_timesteps      | 712704      |
| train/                  |             |
|    approx_kl            | 0.007931293 |
|    clip_fraction        | 0.0751      |
|    clip_range           | 0.2         |
|    entropy_loss         | -1.57       |
|    explained_variance   | 0.337       |
|    learning_rate        | 0.0003      |
|    loss                 | -0.00248    |
|    n_updates            | 690         |
|    policy_gradient_loss | -0.00428    |
|    value_loss           | 0.0446      |
-----------------------------------------
-----------------------------------------
| battle/                 |             |
|    draw_rate            | 0           |
|    loss_rate            | 0.885       |
|    win_rate             | 0.115       |
| time/                   |             |
|    fps                  | 4888        |
|    iterations           | 117         |
|    time_elapsed         | 147         |
|    total_timesteps      | 718848      |
| train/                  |             |
|    approx_kl            | 0.004994946 |
|    clip_fraction        | 0.0489      |
|    clip_range           | 0.2         |
|    entropy_loss         | -1.54       |
|    explained_variance   | 0.251       |
|    learning_rate        | 0.0003      |
|    loss                 | -0.00726    |
|    n_updates            | 696         |
|    policy_gradient_loss | -0.00496    |
|    value_loss           | 0.0548      |
-----------------------------------------
------------------------------------------
| battle/                 |              |
|    draw_rate            | 0            |
|    loss_rate            | 0.865        |
|    win_rate             | 0.135        |
| time/                   |              |
|    fps                  | 4894         |
|    iterations           | 118          |
|    time_elapsed         | 148          |
|    total_timesteps      | 724992       |
| train/                  |              |
|    approx_kl            | 0.0055342573 |
|    clip_fraction        | 0.0667       |
|    clip_range           | 0.2          |
|    entropy_loss         | -1.55        |
|    explained_variance   | 0.347        |
|    learning_rate        | 0.0003       |
|    loss                 | -0.0059      |
|    n_updates            | 702          |
|    policy_gradient_loss | -0.00579     |
|    value_loss           | 0.0392       |
------------------------------------------
-----------------------------------------
| battle/                 |             |
|    draw_rate            | 0           |
|    loss_rate            | 0.858       |
|    win_rate             | 0.142       |
| time/                   |             |
|    fps                  | 4901        |
|    iterations           | 119         |
|    time_elapsed         | 149         |
|    total_timesteps      | 731136      |
| train/                  |             |
|    approx_kl            | 0.006552966 |
|    clip_fraction        | 0.0539      |
|    clip_range           | 0.2         |
|    entropy_loss         | -1.48       |
|    explained_variance   | 0.321       |
|    learning_rate        | 0.0003      |
|    loss                 | -0.000187   |
|    n_updates            | 708         |
|    policy_gradient_loss | -0.00536    |
|    value_loss           | 0.0592      |
-----------------------------------------
-----------------------------------------
| battle/                 |             |
|    draw_rate            | 0           |
|    loss_rate            | 0.845       |
|    win_rate             | 0.155       |
| time/                   |             |
|    fps                  | 4907        |
|    iterations           | 120         |
|    time_elapsed         | 150         |
|    total_timesteps      | 737280      |
| train/                  |             |
|    approx_kl            | 0.006220098 |
|    clip_fraction        | 0.0338      |
|    clip_range           | 0.2         |
|    entropy_loss         | -1.5        |
|    explained_variance   | 0.325       |
|    learning_rate        | 0.0003      |
|    loss                 | -0.00351    |
|    n_updates            | 714         |
|    policy_gradient_loss | -0.005      |
|    value_loss           | 0.0536      |
-----------------------------------------
-----------------------------------------
| battle/                 |             |
|    draw_rate            | 0           |
|    loss_rate            | 0.855       |
|    win_rate             | 0.145       |
| time/                   |             |
|    fps                  | 4915        |
|    iterations           | 121         |
|    time_elapsed         | 151         |
|    total_timesteps      | 743424      |
| train/                  |             |
|    approx_kl            | 0.006527763 |
|    clip_fraction        | 0.0643      |
|    clip_range           | 0.2         |
|    entropy_loss         | -1.52       |
|    explained_variance   | 0.45        |
|    learning_rate        | 0.0003      |
|    loss                 | 0.0012      |
|    n_updates            | 720         |
|    policy_gradient_loss | -0.00434    |
|    value_loss           | 0.0492      |
-----------------------------------------
-----------------------------------------
| battle/                 |             |
|    draw_rate            | 0           |
|    loss_rate            | 0.86        |
|    win_rate             | 0.14        |
| time/                   |             |
|    fps                  | 4923        |
|    iterations           | 122         |
|    time_elapsed         | 152         |
|    total_timesteps      | 749568      |
| train/                  |             |
|    approx_kl            | 0.005854497 |
|    clip_fraction        | 0.0438      |
|    clip_range           | 0.2         |
|    entropy_loss         | -1.52       |
|    explained_variance   | 0.392       |
|    learning_rate        | 0.0003      |
|    loss                 | -0.00562    |
|    n_updates            | 726         |
|    policy_gradient_loss | -0.0042     |
|    value_loss           | 0.0408      |
-----------------------------------------
------------------------------------------
| battle/                 |              |
|    draw_rate            | 0            |
|    loss_rate            | 0.86         |
|    win_rate             | 0.14         |
| time/                   |              |
|    fps                  | 4930         |
|    iterations           | 123          |
|    time_elapsed         | 153          |
|    total_timesteps      | 755712       |
| train/                  |              |
|    approx_kl            | 0.0057506314 |
|    clip_fraction        | 0.0532       |
|    clip_range           | 0.2          |
|    entropy_loss         | -1.48        |
|    explained_variance   | 0.408        |
|    learning_rate        | 0.0003       |
|    loss                 | -0.0055      |
|    n_updates            | 732          |
|    policy_gradient_loss | -0.00513     |
|    value_loss           | 0.0336       |
------------------------------------------
-----------------------------------------
| battle/                 |             |
|    draw_rate            | 0           |
|    loss_rate            | 0.87        |
|    win_rate             | 0.13        |
| time/                   |             |
|    fps                  | 4936        |
|    iterations           | 124         |
|    time_elapsed         | 154         |
|    total_timesteps      | 761856      |
| train/                  |             |
|    approx_kl            | 0.004777678 |
|    clip_fraction        | 0.0393      |
|    clip_range           | 0.2         |
|    entropy_loss         | -1.49       |
|    explained_variance   | 0.353       |
|    learning_rate        | 0.0003      |
|    loss                 | -0.00279    |
|    n_updates            | 738         |
|    policy_gradient_loss | -0.00495    |
|    value_loss           | 0.0463      |
-----------------------------------------
------------------------------------------
| battle/                 |              |
|    draw_rate            | 0            |
|    loss_rate            | 0.858        |
|    win_rate             | 0.142        |
| time/                   |              |
|    fps                  | 4940         |
|    iterations           | 125          |
|    time_elapsed         | 155          |
|    total_timesteps      | 768000       |
| train/                  |              |
|    approx_kl            | 0.0051239994 |
|    clip_fraction        | 0.0355       |
|    clip_range           | 0.2          |
|    entropy_loss         | -1.49        |
|    explained_variance   | 0.358        |
|    learning_rate        | 0.0003       |
|    loss                 | -0.00847     |
|    n_updates            | 744          |
|    policy_gradient_loss | -0.00438     |
|    value_loss           | 0.0467       |
------------------------------------------
------------------------------------------
| battle/                 |              |
|    draw_rate            | 0            |
|    loss_rate            | 0.87         |
|    win_rate             | 0.13         |
| time/                   |              |
|    fps                  | 4946         |
|    iterations           | 126          |
|    time_elapsed         | 156          |
|    total_timesteps      | 774144       |
| train/                  |              |
|    approx_kl            | 0.0070346654 |
|    clip_fraction        | 0.0442       |
|    clip_range           | 0.2          |
|    entropy_loss         | -1.53        |
|    explained_variance   | 0.289        |
|    learning_rate        | 0.0003       |
|    loss                 | 0.000122     |
|    n_updates            | 750          |
|    policy_gradient_loss | -0.00546     |
|    value_loss           | 0.0554       |
------------------------------------------
------------------------------------------
| battle/                 |              |
|    draw_rate            | 0            |
|    loss_rate            | 0.868        |
|    win_rate             | 0.133        |
| time/                   |              |
|    fps                  | 4953         |
|    iterations           | 127          |
|    time_elapsed         | 157          |
|    total_timesteps      | 780288       |
| train/                  |              |
|    approx_kl            | 0.0048344578 |
|    clip_fraction        | 0.0334       |
|    clip_range           | 0.2          |
|    entropy_loss         | -1.51        |
|    explained_variance   | 0.376        |
|    learning_rate        | 0.0003       |
|    loss                 | -0.00308     |
|    n_updates            | 756          |
|    policy_gradient_loss | -0.00484     |
|    value_loss           | 0.0451       |
------------------------------------------
-----------------------------------------
| battle/                 |             |
|    draw_rate            | 0           |
|    loss_rate            | 0.858       |
|    win_rate             | 0.142       |
| time/                   |             |
|    fps                  | 4957        |
|    iterations           | 128         |
|    time_elapsed         | 158         |
|    total_timesteps      | 786432      |
| train/                  |             |
|    approx_kl            | 0.005689457 |
|    clip_fraction        | 0.0446      |
|    clip_range           | 0.2         |
|    entropy_loss         | -1.54       |
|    explained_variance   | 0.435       |
|    learning_rate        | 0.0003      |
|    loss                 | -0.0144     |
|    n_updates            | 762         |
|    policy_gradient_loss | -0.00563    |
|    value_loss           | 0.0315      |
-----------------------------------------
-----------------------------------------
| battle/                 |             |
|    draw_rate            | 0           |
|    loss_rate            | 0.85        |
|    win_rate             | 0.15        |
| time/                   |             |
|    fps                  | 4963        |
|    iterations           | 129         |
|    time_elapsed         | 159         |
|    total_timesteps      | 792576      |
| train/                  |             |
|    approx_kl            | 0.007325848 |
|    clip_fraction        | 0.0492      |
|    clip_range           | 0.2         |
|    entropy_loss         | -1.54       |
|    explained_variance   | 0.4         |
|    learning_rate        | 0.0003      |
|    loss                 | -0.00372    |
|    n_updates            | 768         |
|    policy_gradient_loss | -0.00622    |
|    value_loss           | 0.0497      |
-----------------------------------------
------------------------------------------
| battle/                 |              |
|    draw_rate            | 0            |
|    loss_rate            | 0.853        |
|    win_rate             | 0.147        |
| time/                   |              |
|    fps                  | 4970         |
|    iterations           | 130          |
|    time_elapsed         | 160          |
|    total_timesteps      | 798720       |
| train/                  |              |
|    approx_kl            | 0.0069329427 |
|    clip_fraction        | 0.0618       |
|    clip_range           | 0.2          |
|    entropy_loss         | -1.47        |
|    explained_variance   | 0.165        |
|    learning_rate        | 0.0003       |
|    loss                 | 0.00252      |
|    n_updates            | 774          |
|    policy_gradient_loss | -0.00411     |
|    value_loss           | 0.0591       |
------------------------------------------
------------------------------------------
| battle/                 |              |
|    draw_rate            | 0            |
|    loss_rate            | 0.85         |
|    win_rate             | 0.15         |
| time/                   |              |
|    fps                  | 4977         |
|    iterations           | 131          |
|    time_elapsed         | 161          |
|    total_timesteps      | 804864       |
| train/                  |              |
|    approx_kl            | 0.0034632776 |
|    clip_fraction        | 0.0507       |
|    clip_range           | 0.2          |
|    entropy_loss         | -1.48        |
|    explained_variance   | 0.215        |
|    learning_rate        | 0.0003       |
|    loss                 | 0.000328     |
|    n_updates            | 780          |
|    policy_gradient_loss | -0.00472     |
|    value_loss           | 0.0575       |
------------------------------------------
------------------------------------------
| battle/                 |              |
|    draw_rate            | 0            |
|    loss_rate            | 0.85         |
|    win_rate             | 0.15         |
| time/                   |              |
|    fps                  | 4984         |
|    iterations           | 132          |
|    time_elapsed         | 162          |
|    total_timesteps      | 811008       |
| train/                  |              |
|    approx_kl            | 0.0061287708 |
|    clip_fraction        | 0.04         |
|    clip_range           | 0.2          |
|    entropy_loss         | -1.5         |
|    explained_variance   | 0.329        |
|    learning_rate        | 0.0003       |
|    loss                 | -0.00162     |
|    n_updates            | 786          |
|    policy_gradient_loss | -0.00457     |
|    value_loss           | 0.0463       |
------------------------------------------
-----------------------------------------
| battle/                 |             |
|    draw_rate            | 0           |
|    loss_rate            | 0.843       |
|    win_rate             | 0.158       |
| time/                   |             |
|    fps                  | 4989        |
|    iterations           | 133         |
|    time_elapsed         | 163         |
|    total_timesteps      | 817152      |
| train/                  |             |
|    approx_kl            | 0.006181039 |
|    clip_fraction        | 0.0641      |
|    clip_range           | 0.2         |
|    entropy_loss         | -1.48       |
|    explained_variance   | 0.302       |
|    learning_rate        | 0.0003      |
|    loss                 | -0.00464    |
|    n_updates            | 792         |
|    policy_gradient_loss | -0.00598    |
|    value_loss           | 0.0492      |
-----------------------------------------
-----------------------------------------
| battle/                 |             |
|    draw_rate            | 0           |
|    loss_rate            | 0.855       |
|    win_rate             | 0.145       |
| time/                   |             |
|    fps                  | 4993        |
|    iterations           | 134         |
|    time_elapsed         | 164         |
|    total_timesteps      | 823296      |
| train/                  |             |
|    approx_kl            | 0.004706639 |
|    clip_fraction        | 0.0337      |
|    clip_range           | 0.2         |
|    entropy_loss         | -1.48       |
|    explained_variance   | 0.42        |
|    learning_rate        | 0.0003      |
|    loss                 | -0.00621    |
|    n_updates            | 798         |
|    policy_gradient_loss | -0.00626    |
|    value_loss           | 0.0444      |
-----------------------------------------
-----------------------------------------
| battle/                 |             |
|    draw_rate            | 0           |
|    loss_rate            | 0.848       |
|    win_rate             | 0.152       |
| time/                   |             |
|    fps                  | 4998        |
|    iterations           | 135         |
|    time_elapsed         | 165         |
|    total_timesteps      | 829440      |
| train/                  |             |
|    approx_kl            | 0.005737011 |
|    clip_fraction        | 0.0396      |
|    clip_range           | 0.2         |
|    entropy_loss         | -1.48       |
|    explained_variance   | 0.48        |
|    learning_rate        | 0.0003      |
|    loss                 | -0.00889    |
|    n_updates            | 804         |
|    policy_gradient_loss | -0.00516    |
|    value_loss           | 0.0303      |
-----------------------------------------
-----------------------------------------
| battle/                 |             |
|    draw_rate            | 0           |
|    loss_rate            | 0.873       |
|    win_rate             | 0.128       |
| time/                   |             |
|    fps                  | 5004        |
|    iterations           | 136         |
|    time_elapsed         | 166         |
|    total_timesteps      | 835584      |
| train/                  |             |
|    approx_kl            | 0.006832123 |
|    clip_fraction        | 0.0634      |
|    clip_range           | 0.2         |
|    entropy_loss         | -1.51       |
|    explained_variance   | 0.317       |
|    learning_rate        | 0.0003      |
|    loss                 | 0.00945     |
|    n_updates            | 810         |
|    policy_gradient_loss | -0.00546    |
|    value_loss           | 0.0632      |
-----------------------------------------
------------------------------------------
| battle/                 |              |
|    draw_rate            | 0            |
|    loss_rate            | 0.873        |
|    win_rate             | 0.128        |
| time/                   |              |
|    fps                  | 5011         |
|    iterations           | 137          |
|    time_elapsed         | 167          |
|    total_timesteps      | 841728       |
| train/                  |              |
|    approx_kl            | 0.0061208536 |
|    clip_fraction        | 0.0506       |
|    clip_range           | 0.2          |
|    entropy_loss         | -1.58        |
|    explained_variance   | 0.58         |
|    learning_rate        | 0.0003       |
|    loss                 | -0.0185      |
|    n_updates            | 816          |
|    policy_gradient_loss | -0.00593     |
|    value_loss           | 0.0262       |
------------------------------------------
-----------------------------------------
| battle/                 |             |
|    draw_rate            | 0           |
|    loss_rate            | 0.877       |
|    win_rate             | 0.122       |
| time/                   |             |
|    fps                  | 5013        |
|    iterations           | 138         |
|    time_elapsed         | 169         |
|    total_timesteps      | 847872      |
| train/                  |             |
|    approx_kl            | 0.005659347 |
|    clip_fraction        | 0.038       |
|    clip_range           | 0.2         |
|    entropy_loss         | -1.44       |
|    explained_variance   | 0.28        |
|    learning_rate        | 0.0003      |
|    loss                 | 0.000535    |
|    n_updates            | 822         |
|    policy_gradient_loss | -0.00475    |
|    value_loss           | 0.0497      |
-----------------------------------------
-----------------------------------------
| battle/                 |             |
|    draw_rate            | 0           |
|    loss_rate            | 0.87        |
|    win_rate             | 0.13        |
| time/                   |             |
|    fps                  | 5018        |
|    iterations           | 139         |
|    time_elapsed         | 170         |
|    total_timesteps      | 854016      |
| train/                  |             |
|    approx_kl            | 0.007712614 |
|    clip_fraction        | 0.0793      |
|    clip_range           | 0.2         |
|    entropy_loss         | -1.48       |
|    explained_variance   | 0.234       |
|    learning_rate        | 0.0003      |
|    loss                 | -0.000457   |
|    n_updates            | 828         |
|    policy_gradient_loss | -0.00596    |
|    value_loss           | 0.0488      |
-----------------------------------------
------------------------------------------
| battle/                 |              |
|    draw_rate            | 0            |
|    loss_rate            | 0.858        |
|    win_rate             | 0.142        |
| time/                   |              |
|    fps                  | 5025         |
|    iterations           | 140          |
|    time_elapsed         | 171          |
|    total_timesteps      | 860160       |
| train/                  |              |
|    approx_kl            | 0.0064271563 |
|    clip_fraction        | 0.0498       |
|    clip_range           | 0.2          |
|    entropy_loss         | -1.49        |
|    explained_variance   | 0.295        |
|    learning_rate        | 0.0003       |
|    loss                 | -0.000258    |
|    n_updates            | 834          |
|    policy_gradient_loss | -0.00607     |
|    value_loss           | 0.0471       |
------------------------------------------
------------------------------------------
| battle/                 |              |
|    draw_rate            | 0            |
|    loss_rate            | 0.87         |
|    win_rate             | 0.13         |
| time/                   |              |
|    fps                  | 5030         |
|    iterations           | 141          |
|    time_elapsed         | 172          |
|    total_timesteps      | 866304       |
| train/                  |              |
|    approx_kl            | 0.0047479905 |
|    clip_fraction        | 0.0606       |
|    clip_range           | 0.2          |
|    entropy_loss         | -1.5         |
|    explained_variance   | 0.228        |
|    learning_rate        | 0.0003       |
|    loss                 | 0.000728     |
|    n_updates            | 840          |
|    policy_gradient_loss | -0.00457     |
|    value_loss           | 0.0523       |
------------------------------------------
------------------------------------------
| battle/                 |              |
|    draw_rate            | 0            |
|    loss_rate            | 0.855        |
|    win_rate             | 0.145        |
| time/                   |              |
|    fps                  | 5036         |
|    iterations           | 142          |
|    time_elapsed         | 173          |
|    total_timesteps      | 872448       |
| train/                  |              |
|    approx_kl            | 0.0051153465 |
|    clip_fraction        | 0.0346       |
|    clip_range           | 0.2          |
|    entropy_loss         | -1.49        |
|    explained_variance   | 0.239        |
|    learning_rate        | 0.0003       |
|    loss                 | -0.00626     |
|    n_updates            | 846          |
|    policy_gradient_loss | -0.00543     |
|    value_loss           | 0.0445       |
------------------------------------------
-----------------------------------------
| battle/                 |             |
|    draw_rate            | 0           |
|    loss_rate            | 0.858       |
|    win_rate             | 0.142       |
| time/                   |             |
|    fps                  | 5041        |
|    iterations           | 143         |
|    time_elapsed         | 174         |
|    total_timesteps      | 878592      |
| train/                  |             |
|    approx_kl            | 0.008194237 |
|    clip_fraction        | 0.0591      |
|    clip_range           | 0.2         |
|    entropy_loss         | -1.52       |
|    explained_variance   | 0.333       |
|    learning_rate        | 0.0003      |
|    loss                 | -0.00412    |
|    n_updates            | 852         |
|    policy_gradient_loss | -0.00577    |
|    value_loss           | 0.0453      |
-----------------------------------------
------------------------------------------
| battle/                 |              |
|    draw_rate            | 0            |
|    loss_rate            | 0.85         |
|    win_rate             | 0.15         |
| time/                   |              |
|    fps                  | 5046         |
|    iterations           | 144          |
|    time_elapsed         | 175          |
|    total_timesteps      | 884736       |
| train/                  |              |
|    approx_kl            | 0.0048119347 |
|    clip_fraction        | 0.0228       |
|    clip_range           | 0.2          |
|    entropy_loss         | -1.46        |
|    explained_variance   | 0.276        |
|    learning_rate        | 0.0003       |
|    loss                 | -0.00791     |
|    n_updates            | 858          |
|    policy_gradient_loss | -0.00472     |
|    value_loss           | 0.0441       |
------------------------------------------
------------------------------------------
| battle/                 |              |
|    draw_rate            | 0            |
|    loss_rate            | 0.853        |
|    win_rate             | 0.147        |
| time/                   |              |
|    fps                  | 5050         |
|    iterations           | 145          |
|    time_elapsed         | 176          |
|    total_timesteps      | 890880       |
| train/                  |              |
|    approx_kl            | 0.0069604088 |
|    clip_fraction        | 0.079        |
|    clip_range           | 0.2          |
|    entropy_loss         | -1.5         |
|    explained_variance   | 0.284        |
|    learning_rate        | 0.0003       |
|    loss                 | -0.00211     |
|    n_updates            | 864          |
|    policy_gradient_loss | -0.00587     |
|    value_loss           | 0.062        |
------------------------------------------
-----------------------------------------
| battle/                 |             |
|    draw_rate            | 0           |
|    loss_rate            | 0.845       |
|    win_rate             | 0.155       |
| time/                   |             |
|    fps                  | 5054        |
|    iterations           | 146         |
|    time_elapsed         | 177         |
|    total_timesteps      | 897024      |
| train/                  |             |
|    approx_kl            | 0.005626144 |
|    clip_fraction        | 0.0284      |
|    clip_range           | 0.2         |
|    entropy_loss         | -1.57       |
|    explained_variance   | 0.364       |
|    learning_rate        | 0.0003      |
|    loss                 | -0.00528    |
|    n_updates            | 870         |
|    policy_gradient_loss | -0.00504    |
|    value_loss           | 0.0459      |
-----------------------------------------
------------------------------------------
| battle/                 |              |
|    draw_rate            | 0            |
|    loss_rate            | 0.855        |
|    win_rate             | 0.145        |
| time/                   |              |
|    fps                  | 5059         |
|    iterations           | 147          |
|    time_elapsed         | 178          |
|    total_timesteps      | 903168       |
| train/                  |              |
|    approx_kl            | 0.0049535744 |
|    clip_fraction        | 0.0579       |
|    clip_range           | 0.2          |
|    entropy_loss         | -1.47        |
|    explained_variance   | 0.262        |
|    learning_rate        | 0.0003       |
|    loss                 | -0.00765     |
|    n_updates            | 876          |
|    policy_gradient_loss | -0.00589     |
|    value_loss           | 0.0526       |
------------------------------------------
-----------------------------------------
| battle/                 |             |
|    draw_rate            | 0           |
|    loss_rate            | 0.85        |
|    win_rate             | 0.15        |
| time/                   |             |
|    fps                  | 5066        |
|    iterations           | 148         |
|    time_elapsed         | 179         |
|    total_timesteps      | 909312      |
| train/                  |             |
|    approx_kl            | 0.005978754 |
|    clip_fraction        | 0.0457      |
|    clip_range           | 0.2         |
|    entropy_loss         | -1.49       |
|    explained_variance   | 0.463       |
|    learning_rate        | 0.0003      |
|    loss                 | -0.00861    |
|    n_updates            | 882         |
|    policy_gradient_loss | -0.00483    |
|    value_loss           | 0.0338      |
-----------------------------------------
------------------------------------------
| battle/                 |              |
|    draw_rate            | 0            |
|    loss_rate            | 0.838        |
|    win_rate             | 0.163        |
| time/                   |              |
|    fps                  | 5071         |
|    iterations           | 149          |
|    time_elapsed         | 180          |
|    total_timesteps      | 915456       |
| train/                  |              |
|    approx_kl            | 0.0062030777 |
|    clip_fraction        | 0.0568       |
|    clip_range           | 0.2          |
|    entropy_loss         | -1.5         |
|    explained_variance   | 0.35         |
|    learning_rate        | 0.0003       |
|    loss                 | -0.00897     |
|    n_updates            | 888          |
|    policy_gradient_loss | -0.00521     |
|    value_loss           | 0.0434       |
------------------------------------------
-----------------------------------------
| battle/                 |             |
|    draw_rate            | 0           |
|    loss_rate            | 0.858       |
|    win_rate             | 0.142       |
| time/                   |             |
|    fps                  | 5077        |
|    iterations           | 150         |
|    time_elapsed         | 181         |
|    total_timesteps      | 921600      |
| train/                  |             |
|    approx_kl            | 0.006930604 |
|    clip_fraction        | 0.0543      |
|    clip_range           | 0.2         |
|    entropy_loss         | -1.48       |
|    explained_variance   | 0.284       |
|    learning_rate        | 0.0003      |
|    loss                 | 0.000712    |
|    n_updates            | 894         |
|    policy_gradient_loss | -0.00533    |
|    value_loss           | 0.0559      |
-----------------------------------------
------------------------------------------
| battle/                 |              |
|    draw_rate            | 0            |
|    loss_rate            | 0.86         |
|    win_rate             | 0.14         |
| time/                   |              |
|    fps                  | 5081         |
|    iterations           | 151          |
|    time_elapsed         | 182          |
|    total_timesteps      | 927744       |
| train/                  |              |
|    approx_kl            | 0.0066501237 |
|    clip_fraction        | 0.0662       |
|    clip_range           | 0.2          |
|    entropy_loss         | -1.46        |
|    explained_variance   | 0.376        |
|    learning_rate        | 0.0003       |
|    loss                 | -0.00968     |
|    n_updates            | 900          |
|    policy_gradient_loss | -0.00579     |
|    value_loss           | 0.0285       |
------------------------------------------
-----------------------------------------
| battle/                 |             |
|    draw_rate            | 0           |
|    loss_rate            | 0.868       |
|    win_rate             | 0.133       |
| time/                   |             |
|    fps                  | 5087        |
|    iterations           | 152         |
|    time_elapsed         | 183         |
|    total_timesteps      | 933888      |
| train/                  |             |
|    approx_kl            | 0.007117151 |
|    clip_fraction        | 0.0766      |
|    clip_range           | 0.2         |
|    entropy_loss         | -1.55       |
|    explained_variance   | 0.375       |
|    learning_rate        | 0.0003      |
|    loss                 | -0.00841    |
|    n_updates            | 906         |
|    policy_gradient_loss | -0.00545    |
|    value_loss           | 0.0404      |
-----------------------------------------
------------------------------------------
| battle/                 |              |
|    draw_rate            | 0            |
|    loss_rate            | 0.853        |
|    win_rate             | 0.147        |
| time/                   |              |
|    fps                  | 5093         |
|    iterations           | 153          |
|    time_elapsed         | 184          |
|    total_timesteps      | 940032       |
| train/                  |              |
|    approx_kl            | 0.0058097523 |
|    clip_fraction        | 0.0276       |
|    clip_range           | 0.2          |
|    entropy_loss         | -1.49        |
|    explained_variance   | 0.408        |
|    learning_rate        | 0.0003       |
|    loss                 | -0.00353     |
|    n_updates            | 912          |
|    policy_gradient_loss | -0.00419     |
|    value_loss           | 0.0418       |
------------------------------------------
------------------------------------------
| battle/                 |              |
|    draw_rate            | 0            |
|    loss_rate            | 0.853        |
|    win_rate             | 0.147        |
| time/                   |              |
|    fps                  | 5097         |
|    iterations           | 154          |
|    time_elapsed         | 185          |
|    total_timesteps      | 946176       |
| train/                  |              |
|    approx_kl            | 0.0066577303 |
|    clip_fraction        | 0.0477       |
|    clip_range           | 0.2          |
|    entropy_loss         | -1.5         |
|    explained_variance   | 0.268        |
|    learning_rate        | 0.0003       |
|    loss                 | 0.00775      |
|    n_updates            | 918          |
|    policy_gradient_loss | -0.00596     |
|    value_loss           | 0.0728       |
------------------------------------------
------------------------------------------
| battle/                 |              |
|    draw_rate            | 0            |
|    loss_rate            | 0.858        |
|    win_rate             | 0.142        |
| time/                   |              |
|    fps                  | 5103         |
|    iterations           | 155          |
|    time_elapsed         | 186          |
|    total_timesteps      | 952320       |
| train/                  |              |
|    approx_kl            | 0.0056197387 |
|    clip_fraction        | 0.0526       |
|    clip_range           | 0.2          |
|    entropy_loss         | -1.5         |
|    explained_variance   | 0.39         |
|    learning_rate        | 0.0003       |
|    loss                 | -0.0084      |
|    n_updates            | 924          |
|    policy_gradient_loss | -0.0062      |
|    value_loss           | 0.0481       |
------------------------------------------
-----------------------------------------
| battle/                 |             |
|    draw_rate            | 0           |
|    loss_rate            | 0.855       |
|    win_rate             | 0.145       |
| time/                   |             |
|    fps                  | 5107        |
|    iterations           | 156         |
|    time_elapsed         | 187         |
|    total_timesteps      | 958464      |
| train/                  |             |
|    approx_kl            | 0.006415112 |
|    clip_fraction        | 0.047       |
|    clip_range           | 0.2         |
|    entropy_loss         | -1.51       |
|    explained_variance   | 0.316       |
|    learning_rate        | 0.0003      |
|    loss                 | 0.000786    |
|    n_updates            | 930         |
|    policy_gradient_loss | -0.00504    |
|    value_loss           | 0.049       |
-----------------------------------------
-----------------------------------------
| battle/                 |             |
|    draw_rate            | 0           |
|    loss_rate            | 0.848       |
|    win_rate             | 0.152       |
| time/                   |             |
|    fps                  | 5112        |
|    iterations           | 157         |
|    time_elapsed         | 188         |
|    total_timesteps      | 964608      |
| train/                  |             |
|    approx_kl            | 0.006091883 |
|    clip_fraction        | 0.0506      |
|    clip_range           | 0.2         |
|    entropy_loss         | -1.5        |
|    explained_variance   | 0.383       |
|    learning_rate        | 0.0003      |
|    loss                 | -0.00768    |
|    n_updates            | 936         |
|    policy_gradient_loss | -0.00458    |
|    value_loss           | 0.0386      |
-----------------------------------------
------------------------------------------
| battle/                 |              |
|    draw_rate            | 0            |
|    loss_rate            | 0.85         |
|    win_rate             | 0.15         |
| time/                   |              |
|    fps                  | 5119         |
|    iterations           | 158          |
|    time_elapsed         | 189          |
|    total_timesteps      | 970752       |
| train/                  |              |
|    approx_kl            | 0.0054927617 |
|    clip_fraction        | 0.0524       |
|    clip_range           | 0.2          |
|    entropy_loss         | -1.46        |
|    explained_variance   | 0.302        |
|    learning_rate        | 0.0003       |
|    loss                 | 0.00578      |
|    n_updates            | 942          |
|    policy_gradient_loss | -0.0054      |
|    value_loss           | 0.0598       |
------------------------------------------
------------------------------------------
| battle/                 |              |
|    draw_rate            | 0            |
|    loss_rate            | 0.848        |
|    win_rate             | 0.152        |
| time/                   |              |
|    fps                  | 5124         |
|    iterations           | 159          |
|    time_elapsed         | 190          |
|    total_timesteps      | 976896       |
| train/                  |              |
|    approx_kl            | 0.0071165543 |
|    clip_fraction        | 0.0476       |
|    clip_range           | 0.2          |
|    entropy_loss         | -1.46        |
|    explained_variance   | 0.438        |
|    learning_rate        | 0.0003       |
|    loss                 | -0.00864     |
|    n_updates            | 948          |
|    policy_gradient_loss | -0.00524     |
|    value_loss           | 0.0363       |
------------------------------------------
------------------------------------------
| battle/                 |              |
|    draw_rate            | 0            |
|    loss_rate            | 0.848        |
|    win_rate             | 0.152        |
| time/                   |              |
|    fps                  | 5129         |
|    iterations           | 160          |
|    time_elapsed         | 191          |
|    total_timesteps      | 983040       |
| train/                  |              |
|    approx_kl            | 0.0050935727 |
|    clip_fraction        | 0.0361       |
|    clip_range           | 0.2          |
|    entropy_loss         | -1.55        |
|    explained_variance   | 0.278        |
|    learning_rate        | 0.0003       |
|    loss                 | 0.00377      |
|    n_updates            | 954          |
|    policy_gradient_loss | -0.00452     |
|    value_loss           | 0.0579       |
------------------------------------------
------------------------------------------
| battle/                 |              |
|    draw_rate            | 0            |
|    loss_rate            | 0.83         |
|    win_rate             | 0.17         |
| time/                   |              |
|    fps                  | 5131         |
|    iterations           | 161          |
|    time_elapsed         | 192          |
|    total_timesteps      | 989184       |
| train/                  |              |
|    approx_kl            | 0.0059756227 |
|    clip_fraction        | 0.0573       |
|    clip_range           | 0.2          |
|    entropy_loss         | -1.53        |
|    explained_variance   | 0.299        |
|    learning_rate        | 0.0003       |
|    loss                 | 0.00696      |
|    n_updates            | 960          |
|    policy_gradient_loss | -0.00643     |
|    value_loss           | 0.06         |
------------------------------------------
-----------------------------------------
| battle/                 |             |
|    draw_rate            | 0           |
|    loss_rate            | 0.833       |
|    win_rate             | 0.168       |
| time/                   |             |
|    fps                  | 5137        |
|    iterations           | 162         |
|    time_elapsed         | 193         |
|    total_timesteps      | 995328      |
| train/                  |             |
|    approx_kl            | 0.008141096 |
|    clip_fraction        | 0.0763      |
|    clip_range           | 0.2         |
|    entropy_loss         | -1.52       |
|    explained_variance   | 0.2         |
|    learning_rate        | 0.0003      |
|    loss                 | 0.00125     |
|    n_updates            | 966         |
|    policy_gradient_loss | -0.00573    |
|    value_loss           | 0.0623      |
-----------------------------------------

[eval @ 1,001,472 steps] 确定性评估胜率: 11.0%
  ✓ 新最优, 已保存 /Users/cichlidfish/tank_trouble/training/models/best_model.zip
-----------------------------------------
| battle/                 |             |
|    draw_rate            | 0           |
|    eval_win_rate        | 0.11        |
|    loss_rate            | 0.815       |
|    win_rate             | 0.185       |
| time/                   |             |
|    fps                  | 5053        |
|    iterations           | 163         |
|    time_elapsed         | 198         |
|    total_timesteps      | 1001472     |
| train/                  |             |
|    approx_kl            | 0.006001485 |
|    clip_fraction        | 0.0692      |
|    clip_range           | 0.2         |
|    entropy_loss         | -1.54       |
|    explained_variance   | 0.216       |
|    learning_rate        | 0.0003      |
|    loss                 | 0.00394     |
|    n_updates            | 972         |
|    policy_gradient_loss | -0.00614    |
|    value_loss           | 0.0611      |
-----------------------------------------
------------------------------------------
| battle/                 |              |
|    draw_rate            | 0            |
|    loss_rate            | 0.805        |
|    win_rate             | 0.195        |
| time/                   |              |
|    fps                  | 5054         |
|    iterations           | 164          |
|    time_elapsed         | 199          |
|    total_timesteps      | 1007616      |
| train/                  |              |
|    approx_kl            | 0.0057400162 |
|    clip_fraction        | 0.0508       |
|    clip_range           | 0.2          |
|    entropy_loss         | -1.43        |
|    explained_variance   | 0.148        |
|    learning_rate        | 0.0003       |
|    loss                 | 0.004        |
|    n_updates            | 978          |
|    policy_gradient_loss | -0.00625     |
|    value_loss           | 0.0667       |
------------------------------------------
-----------------------------------------
| battle/                 |             |
|    draw_rate            | 0           |
|    loss_rate            | 0.815       |
|    win_rate             | 0.185       |
| time/                   |             |
|    fps                  | 5060        |
|    iterations           | 165         |
|    time_elapsed         | 200         |
|    total_timesteps      | 1013760     |
| train/                  |             |
|    approx_kl            | 0.005058895 |
|    clip_fraction        | 0.0354      |
|    clip_range           | 0.2         |
|    entropy_loss         | -1.46       |
|    explained_variance   | 0.233       |
|    learning_rate        | 0.0003      |
|    loss                 | -0.00204    |
|    n_updates            | 984         |
|    policy_gradient_loss | -0.00568    |
|    value_loss           | 0.05        |
-----------------------------------------
-----------------------------------------
| battle/                 |             |
|    draw_rate            | 0           |
|    loss_rate            | 0.828       |
|    win_rate             | 0.172       |
| time/                   |             |
|    fps                  | 5065        |
|    iterations           | 166         |
|    time_elapsed         | 201         |
|    total_timesteps      | 1019904     |
| train/                  |             |
|    approx_kl            | 0.006136608 |
|    clip_fraction        | 0.0314      |
|    clip_range           | 0.2         |
|    entropy_loss         | -1.43       |
|    explained_variance   | 0.384       |
|    learning_rate        | 0.0003      |
|    loss                 | -0.0052     |
|    n_updates            | 990         |
|    policy_gradient_loss | -0.00485    |
|    value_loss           | 0.0452      |
-----------------------------------------
------------------------------------------
| battle/                 |              |
|    draw_rate            | 0            |
|    loss_rate            | 0.845        |
|    win_rate             | 0.155        |
| time/                   |              |
|    fps                  | 5070         |
|    iterations           | 167          |
|    time_elapsed         | 202          |
|    total_timesteps      | 1026048      |
| train/                  |              |
|    approx_kl            | 0.0053745415 |
|    clip_fraction        | 0.0421       |
|    clip_range           | 0.2          |
|    entropy_loss         | -1.43        |
|    explained_variance   | 0.368        |
|    learning_rate        | 0.0003       |
|    loss                 | -0.00783     |
|    n_updates            | 996          |
|    policy_gradient_loss | -0.00606     |
|    value_loss           | 0.045        |
------------------------------------------
-----------------------------------------
| battle/                 |             |
|    draw_rate            | 0           |
|    loss_rate            | 0.848       |
|    win_rate             | 0.152       |
| time/                   |             |
|    fps                  | 5077        |
|    iterations           | 168         |
|    time_elapsed         | 203         |
|    total_timesteps      | 1032192     |
| train/                  |             |
|    approx_kl            | 0.005327419 |
|    clip_fraction        | 0.0518      |
|    clip_range           | 0.2         |
|    entropy_loss         | -1.41       |
|    explained_variance   | 0.402       |
|    learning_rate        | 0.0003      |
|    loss                 | -0.00654    |
|    n_updates            | 1002        |
|    policy_gradient_loss | -0.00542    |
|    value_loss           | 0.0404      |
-----------------------------------------
------------------------------------------
| battle/                 |              |
|    draw_rate            | 0            |
|    loss_rate            | 0.853        |
|    win_rate             | 0.147        |
| time/                   |              |
|    fps                  | 5083         |
|    iterations           | 169          |
|    time_elapsed         | 204          |
|    total_timesteps      | 1038336      |
| train/                  |              |
|    approx_kl            | 0.0085689835 |
|    clip_fraction        | 0.0625       |
|    clip_range           | 0.2          |
|    entropy_loss         | -1.52        |
|    explained_variance   | 0.42         |
|    learning_rate        | 0.0003       |
|    loss                 | -0.00756     |
|    n_updates            | 1008         |
|    policy_gradient_loss | -0.00566     |
|    value_loss           | 0.0437       |
------------------------------------------
-----------------------------------------
| battle/                 |             |
|    draw_rate            | 0           |
|    loss_rate            | 0.87        |
|    win_rate             | 0.13        |
| time/                   |             |
|    fps                  | 5089        |
|    iterations           | 170         |
|    time_elapsed         | 205         |
|    total_timesteps      | 1044480     |
| train/                  |             |
|    approx_kl            | 0.007881927 |
|    clip_fraction        | 0.0609      |
|    clip_range           | 0.2         |
|    entropy_loss         | -1.42       |
|    explained_variance   | 0.306       |
|    learning_rate        | 0.0003      |
|    loss                 | -0.00147    |
|    n_updates            | 1014        |
|    policy_gradient_loss | -0.0057     |
|    value_loss           | 0.0499      |
-----------------------------------------
------------------------------------------
| battle/                 |              |
|    draw_rate            | 0            |
|    loss_rate            | 0.87         |
|    win_rate             | 0.13         |
| time/                   |              |
|    fps                  | 5092         |
|    iterations           | 171          |
|    time_elapsed         | 206          |
|    total_timesteps      | 1050624      |
| train/                  |              |
|    approx_kl            | 0.0059000566 |
|    clip_fraction        | 0.0481       |
|    clip_range           | 0.2          |
|    entropy_loss         | -1.4         |
|    explained_variance   | 0.413        |
|    learning_rate        | 0.0003       |
|    loss                 | -0.00601     |
|    n_updates            | 1020         |
|    policy_gradient_loss | -0.0054      |
|    value_loss           | 0.0355       |
------------------------------------------
------------------------------------------
| battle/                 |              |
|    draw_rate            | 0            |
|    loss_rate            | 0.868        |
|    win_rate             | 0.133        |
| time/                   |              |
|    fps                  | 5096         |
|    iterations           | 172          |
|    time_elapsed         | 207          |
|    total_timesteps      | 1056768      |
| train/                  |              |
|    approx_kl            | 0.0054734903 |
|    clip_fraction        | 0.0541       |
|    clip_range           | 0.2          |
|    entropy_loss         | -1.38        |
|    explained_variance   | 0.381        |
|    learning_rate        | 0.0003       |
|    loss                 | -0.00636     |
|    n_updates            | 1026         |
|    policy_gradient_loss | -0.00447     |
|    value_loss           | 0.037        |
------------------------------------------
------------------------------------------
| battle/                 |              |
|    draw_rate            | 0            |
|    loss_rate            | 0.87         |
|    win_rate             | 0.13         |
| time/                   |              |
|    fps                  | 5097         |
|    iterations           | 173          |
|    time_elapsed         | 208          |
|    total_timesteps      | 1062912      |
| train/                  |              |
|    approx_kl            | 0.0043067117 |
|    clip_fraction        | 0.0554       |
|    clip_range           | 0.2          |
|    entropy_loss         | -1.4         |
|    explained_variance   | 0.359        |
|    learning_rate        | 0.0003       |
|    loss                 | 0.00134      |
|    n_updates            | 1032         |
|    policy_gradient_loss | -0.00511     |
|    value_loss           | 0.0453       |
------------------------------------------
-----------------------------------------
| battle/                 |             |
|    draw_rate            | 0           |
|    loss_rate            | 0.85        |
|    win_rate             | 0.15        |
| time/                   |             |
|    fps                  | 5100        |
|    iterations           | 174         |
|    time_elapsed         | 209         |
|    total_timesteps      | 1069056     |
| train/                  |             |
|    approx_kl            | 0.005092273 |
|    clip_fraction        | 0.0331      |
|    clip_range           | 0.2         |
|    entropy_loss         | -1.38       |
|    explained_variance   | 0.4         |
|    learning_rate        | 0.0003      |
|    loss                 | -0.00841    |
|    n_updates            | 1038        |
|    policy_gradient_loss | -0.0052     |
|    value_loss           | 0.0344      |
-----------------------------------------
-----------------------------------------
| battle/                 |             |
|    draw_rate            | 0           |
|    loss_rate            | 0.85        |
|    win_rate             | 0.15        |
| time/                   |             |
|    fps                  | 5104        |
|    iterations           | 175         |
|    time_elapsed         | 210         |
|    total_timesteps      | 1075200     |
| train/                  |             |
|    approx_kl            | 0.008773044 |
|    clip_fraction        | 0.0571      |
|    clip_range           | 0.2         |
|    entropy_loss         | -1.44       |
|    explained_variance   | 0.219       |
|    learning_rate        | 0.0003      |
|    loss                 | 0.00457     |
|    n_updates            | 1044        |
|    policy_gradient_loss | -0.00497    |
|    value_loss           | 0.0703      |
-----------------------------------------
----------------------------------------
| battle/                 |            |
|    draw_rate            | 0          |
|    loss_rate            | 0.84       |
|    win_rate             | 0.16       |
| time/                   |            |
|    fps                  | 5108       |
|    iterations           | 176        |
|    time_elapsed         | 211        |
|    total_timesteps      | 1081344    |
| train/                  |            |
|    approx_kl            | 0.00748612 |
|    clip_fraction        | 0.0672     |
|    clip_range           | 0.2        |
|    entropy_loss         | -1.39      |
|    explained_variance   | 0.329      |
|    learning_rate        | 0.0003     |
|    loss                 | 0.00176    |
|    n_updates            | 1050       |
|    policy_gradient_loss | -0.00607   |
|    value_loss           | 0.0593     |
----------------------------------------
-----------------------------------------
| battle/                 |             |
|    draw_rate            | 0           |
|    loss_rate            | 0.825       |
|    win_rate             | 0.175       |
| time/                   |             |
|    fps                  | 5112        |
|    iterations           | 177         |
|    time_elapsed         | 212         |
|    total_timesteps      | 1087488     |
| train/                  |             |
|    approx_kl            | 0.007499011 |
|    clip_fraction        | 0.0679      |
|    clip_range           | 0.2         |
|    entropy_loss         | -1.4        |
|    explained_variance   | 0.334       |
|    learning_rate        | 0.0003      |
|    loss                 | 0.00178     |
|    n_updates            | 1056        |
|    policy_gradient_loss | -0.00522    |
|    value_loss           | 0.0523      |
-----------------------------------------
------------------------------------------
| battle/                 |              |
|    draw_rate            | 0            |
|    loss_rate            | 0.815        |
|    win_rate             | 0.185        |
| time/                   |              |
|    fps                  | 5116         |
|    iterations           | 178          |
|    time_elapsed         | 213          |
|    total_timesteps      | 1093632      |
| train/                  |              |
|    approx_kl            | 0.0036136454 |
|    clip_fraction        | 0.0378       |
|    clip_range           | 0.2          |
|    entropy_loss         | -1.35        |
|    explained_variance   | 0.269        |
|    learning_rate        | 0.0003       |
|    loss                 | 0.00328      |
|    n_updates            | 1062         |
|    policy_gradient_loss | -0.00397     |
|    value_loss           | 0.0575       |
------------------------------------------
-----------------------------------------
| battle/                 |             |
|    draw_rate            | 0           |
|    loss_rate            | 0.805       |
|    win_rate             | 0.195       |
| time/                   |             |
|    fps                  | 5117        |
|    iterations           | 179         |
|    time_elapsed         | 214         |
|    total_timesteps      | 1099776     |
| train/                  |             |
|    approx_kl            | 0.006475137 |
|    clip_fraction        | 0.0499      |
|    clip_range           | 0.2         |
|    entropy_loss         | -1.46       |
|    explained_variance   | 0.372       |
|    learning_rate        | 0.0003      |
|    loss                 | -0.00323    |
|    n_updates            | 1068        |
|    policy_gradient_loss | -0.00521    |
|    value_loss           | 0.0487      |
-----------------------------------------
-----------------------------------------
| battle/                 |             |
|    draw_rate            | 0           |
|    loss_rate            | 0.812       |
|    win_rate             | 0.188       |
| time/                   |             |
|    fps                  | 5118        |
|    iterations           | 180         |
|    time_elapsed         | 216         |
|    total_timesteps      | 1105920     |
| train/                  |             |
|    approx_kl            | 0.004557293 |
|    clip_fraction        | 0.04        |
|    clip_range           | 0.2         |
|    entropy_loss         | -1.41       |
|    explained_variance   | 0.305       |
|    learning_rate        | 0.0003      |
|    loss                 | 0.00355     |
|    n_updates            | 1074        |
|    policy_gradient_loss | -0.00438    |
|    value_loss           | 0.057       |
-----------------------------------------
-----------------------------------------
| battle/                 |             |
|    draw_rate            | 0           |
|    loss_rate            | 0.825       |
|    win_rate             | 0.175       |
| time/                   |             |
|    fps                  | 5120        |
|    iterations           | 181         |
|    time_elapsed         | 217         |
|    total_timesteps      | 1112064     |
| train/                  |             |
|    approx_kl            | 0.007891193 |
|    clip_fraction        | 0.0491      |
|    clip_range           | 0.2         |
|    entropy_loss         | -1.45       |
|    explained_variance   | 0.318       |
|    learning_rate        | 0.0003      |
|    loss                 | 0.003       |
|    n_updates            | 1080        |
|    policy_gradient_loss | -0.00489    |
|    value_loss           | 0.0538      |
-----------------------------------------
------------------------------------------
| battle/                 |              |
|    draw_rate            | 0            |
|    loss_rate            | 0.833        |
|    win_rate             | 0.168        |
| time/                   |              |
|    fps                  | 5124         |
|    iterations           | 182          |
|    time_elapsed         | 218          |
|    total_timesteps      | 1118208      |
| train/                  |              |
|    approx_kl            | 0.0045760297 |
|    clip_fraction        | 0.0396       |
|    clip_range           | 0.2          |
|    entropy_loss         | -1.51        |
|    explained_variance   | 0.421        |
|    learning_rate        | 0.0003       |
|    loss                 | -0.00993     |
|    n_updates            | 1086         |
|    policy_gradient_loss | -0.00461     |
|    value_loss           | 0.0353       |
------------------------------------------
------------------------------------------
| battle/                 |              |
|    draw_rate            | 0            |
|    loss_rate            | 0.845        |
|    win_rate             | 0.155        |
| time/                   |              |
|    fps                  | 5127         |
|    iterations           | 183          |
|    time_elapsed         | 219          |
|    total_timesteps      | 1124352      |
| train/                  |              |
|    approx_kl            | 0.0052948482 |
|    clip_fraction        | 0.0474       |
|    clip_range           | 0.2          |
|    entropy_loss         | -1.49        |
|    explained_variance   | 0.491        |
|    learning_rate        | 0.0003       |
|    loss                 | -0.00518     |
|    n_updates            | 1092         |
|    policy_gradient_loss | -0.00595     |
|    value_loss           | 0.039        |
------------------------------------------
-----------------------------------------
| battle/                 |             |
|    draw_rate            | 0           |
|    loss_rate            | 0.848       |
|    win_rate             | 0.152       |
| time/                   |             |
|    fps                  | 5131        |
|    iterations           | 184         |
|    time_elapsed         | 220         |
|    total_timesteps      | 1130496     |
| train/                  |             |
|    approx_kl            | 0.005074796 |
|    clip_fraction        | 0.0493      |
|    clip_range           | 0.2         |
|    entropy_loss         | -1.43       |
|    explained_variance   | 0.409       |
|    learning_rate        | 0.0003      |
|    loss                 | -0.00409    |
|    n_updates            | 1098        |
|    policy_gradient_loss | -0.0059     |
|    value_loss           | 0.0409      |
-----------------------------------------
------------------------------------------
| battle/                 |              |
|    draw_rate            | 0            |
|    loss_rate            | 0.85         |
|    win_rate             | 0.15         |
| time/                   |              |
|    fps                  | 5135         |
|    iterations           | 185          |
|    time_elapsed         | 221          |
|    total_timesteps      | 1136640      |
| train/                  |              |
|    approx_kl            | 0.0061264164 |
|    clip_fraction        | 0.0377       |
|    clip_range           | 0.2          |
|    entropy_loss         | -1.48        |
|    explained_variance   | 0.321        |
|    learning_rate        | 0.0003       |
|    loss                 | 0.00204      |
|    n_updates            | 1104         |
|    policy_gradient_loss | -0.00525     |
|    value_loss           | 0.0597       |
------------------------------------------
------------------------------------------
| battle/                 |              |
|    draw_rate            | 0            |
|    loss_rate            | 0.845        |
|    win_rate             | 0.155        |
| time/                   |              |
|    fps                  | 5137         |
|    iterations           | 186          |
|    time_elapsed         | 222          |
|    total_timesteps      | 1142784      |
| train/                  |              |
|    approx_kl            | 0.0067455326 |
|    clip_fraction        | 0.0898       |
|    clip_range           | 0.2          |
|    entropy_loss         | -1.42        |
|    explained_variance   | 0.215        |
|    learning_rate        | 0.0003       |
|    loss                 | 0.00252      |
|    n_updates            | 1110         |
|    policy_gradient_loss | -0.00589     |
|    value_loss           | 0.0644       |
------------------------------------------
-----------------------------------------
| battle/                 |             |
|    draw_rate            | 0           |
|    loss_rate            | 0.838       |
|    win_rate             | 0.163       |
| time/                   |             |
|    fps                  | 5140        |
|    iterations           | 187         |
|    time_elapsed         | 223         |
|    total_timesteps      | 1148928     |
| train/                  |             |
|    approx_kl            | 0.006507609 |
|    clip_fraction        | 0.046       |
|    clip_range           | 0.2         |
|    entropy_loss         | -1.38       |
|    explained_variance   | 0.35        |
|    learning_rate        | 0.0003      |
|    loss                 | 0.00269     |
|    n_updates            | 1116        |
|    policy_gradient_loss | -0.00587    |
|    value_loss           | 0.052       |
-----------------------------------------
------------------------------------------
| battle/                 |              |
|    draw_rate            | 0            |
|    loss_rate            | 0.825        |
|    win_rate             | 0.175        |
| time/                   |              |
|    fps                  | 5144         |
|    iterations           | 188          |
|    time_elapsed         | 224          |
|    total_timesteps      | 1155072      |
| train/                  |              |
|    approx_kl            | 0.0066342806 |
|    clip_fraction        | 0.0598       |
|    clip_range           | 0.2          |
|    entropy_loss         | -1.37        |
|    explained_variance   | 0.29         |
|    learning_rate        | 0.0003       |
|    loss                 | -0.0048      |
|    n_updates            | 1122         |
|    policy_gradient_loss | -0.00591     |
|    value_loss           | 0.0455       |
------------------------------------------
-----------------------------------------
| battle/                 |             |
|    draw_rate            | 0           |
|    loss_rate            | 0.823       |
|    win_rate             | 0.177       |
| time/                   |             |
|    fps                  | 5146        |
|    iterations           | 189         |
|    time_elapsed         | 225         |
|    total_timesteps      | 1161216     |
| train/                  |             |
|    approx_kl            | 0.005599975 |
|    clip_fraction        | 0.0531      |
|    clip_range           | 0.2         |
|    entropy_loss         | -1.32       |
|    explained_variance   | 0.295       |
|    learning_rate        | 0.0003      |
|    loss                 | -0.003      |
|    n_updates            | 1128        |
|    policy_gradient_loss | -0.00601    |
|    value_loss           | 0.0455      |
-----------------------------------------
-----------------------------------------
| battle/                 |             |
|    draw_rate            | 0           |
|    loss_rate            | 0.825       |
|    win_rate             | 0.175       |
| time/                   |             |
|    fps                  | 5148        |
|    iterations           | 190         |
|    time_elapsed         | 226         |
|    total_timesteps      | 1167360     |
| train/                  |             |
|    approx_kl            | 0.004375908 |
|    clip_fraction        | 0.0275      |
|    clip_range           | 0.2         |
|    entropy_loss         | -1.33       |
|    explained_variance   | 0.266       |
|    learning_rate        | 0.0003      |
|    loss                 | -0.00137    |
|    n_updates            | 1134        |
|    policy_gradient_loss | -0.00539    |
|    value_loss           | 0.049       |
-----------------------------------------
------------------------------------------
| battle/                 |              |
|    draw_rate            | 0            |
|    loss_rate            | 0.828        |
|    win_rate             | 0.172        |
| time/                   |              |
|    fps                  | 5152         |
|    iterations           | 191          |
|    time_elapsed         | 227          |
|    total_timesteps      | 1173504      |
| train/                  |              |
|    approx_kl            | 0.0050976803 |
|    clip_fraction        | 0.0601       |
|    clip_range           | 0.2          |
|    entropy_loss         | -1.39        |
|    explained_variance   | 0.419        |
|    learning_rate        | 0.0003       |
|    loss                 | -0.00382     |
|    n_updates            | 1140         |
|    policy_gradient_loss | -0.00507     |
|    value_loss           | 0.0465       |
------------------------------------------
-----------------------------------------
| battle/                 |             |
|    draw_rate            | 0           |
|    loss_rate            | 0.84        |
|    win_rate             | 0.16        |
| time/                   |             |
|    fps                  | 5154        |
|    iterations           | 192         |
|    time_elapsed         | 228         |
|    total_timesteps      | 1179648     |
| train/                  |             |
|    approx_kl            | 0.006745026 |
|    clip_fraction        | 0.0455      |
|    clip_range           | 0.2         |
|    entropy_loss         | -1.38       |
|    explained_variance   | 0.216       |
|    learning_rate        | 0.0003      |
|    loss                 | 0.00157     |
|    n_updates            | 1146        |
|    policy_gradient_loss | -0.00735    |
|    value_loss           | 0.0693      |
-----------------------------------------
------------------------------------------
| battle/                 |              |
|    draw_rate            | 0            |
|    loss_rate            | 0.84         |
|    win_rate             | 0.16         |
| time/                   |              |
|    fps                  | 5157         |
|    iterations           | 193          |
|    time_elapsed         | 229          |
|    total_timesteps      | 1185792      |
| train/                  |              |
|    approx_kl            | 0.0050639217 |
|    clip_fraction        | 0.0316       |
|    clip_range           | 0.2          |
|    entropy_loss         | -1.37        |
|    explained_variance   | 0.43         |
|    learning_rate        | 0.0003       |
|    loss                 | -0.00489     |
|    n_updates            | 1152         |
|    policy_gradient_loss | -0.00462     |
|    value_loss           | 0.041        |
------------------------------------------
------------------------------------------
| battle/                 |              |
|    draw_rate            | 0            |
|    loss_rate            | 0.848        |
|    win_rate             | 0.152        |
| time/                   |              |
|    fps                  | 5161         |
|    iterations           | 194          |
|    time_elapsed         | 230          |
|    total_timesteps      | 1191936      |
| train/                  |              |
|    approx_kl            | 0.0049961763 |
|    clip_fraction        | 0.0255       |
|    clip_range           | 0.2          |
|    entropy_loss         | -1.34        |
|    explained_variance   | 0.393        |
|    learning_rate        | 0.0003       |
|    loss                 | 0.0029       |
|    n_updates            | 1158         |
|    policy_gradient_loss | -0.00531     |
|    value_loss           | 0.0431       |
------------------------------------------
-----------------------------------------
| battle/                 |             |
|    draw_rate            | 0           |
|    loss_rate            | 0.828       |
|    win_rate             | 0.172       |
| time/                   |             |
|    fps                  | 5165        |
|    iterations           | 195         |
|    time_elapsed         | 231         |
|    total_timesteps      | 1198080     |
| train/                  |             |
|    approx_kl            | 0.003950115 |
|    clip_fraction        | 0.0216      |
|    clip_range           | 0.2         |
|    entropy_loss         | -1.39       |
|    explained_variance   | 0.281       |
|    learning_rate        | 0.0003      |
|    loss                 | 0.00309     |
|    n_updates            | 1164        |
|    policy_gradient_loss | -0.00392    |
|    value_loss           | 0.0519      |
-----------------------------------------
-----------------------------------------
| battle/                 |             |
|    draw_rate            | 0           |
|    loss_rate            | 0.82        |
|    win_rate             | 0.18        |
| time/                   |             |
|    fps                  | 5169        |
|    iterations           | 196         |
|    time_elapsed         | 232         |
|    total_timesteps      | 1204224     |
| train/                  |             |
|    approx_kl            | 0.005021947 |
|    clip_fraction        | 0.0333      |
|    clip_range           | 0.2         |
|    entropy_loss         | -1.34       |
|    explained_variance   | 0.21        |
|    learning_rate        | 0.0003      |
|    loss                 | 0.00267     |
|    n_updates            | 1170        |
|    policy_gradient_loss | -0.00473    |
|    value_loss           | 0.0679      |
-----------------------------------------
------------------------------------------
| battle/                 |              |
|    draw_rate            | 0            |
|    loss_rate            | 0.835        |
|    win_rate             | 0.165        |
| time/                   |              |
|    fps                  | 5171         |
|    iterations           | 197          |
|    time_elapsed         | 234          |
|    total_timesteps      | 1210368      |
| train/                  |              |
|    approx_kl            | 0.0045445794 |
|    clip_fraction        | 0.0492       |
|    clip_range           | 0.2          |
|    entropy_loss         | -1.34        |
|    explained_variance   | 0.237        |
|    learning_rate        | 0.0003       |
|    loss                 | -0.00672     |
|    n_updates            | 1176         |
|    policy_gradient_loss | -0.00769     |
|    value_loss           | 0.0481       |
------------------------------------------
------------------------------------------
| battle/                 |              |
|    draw_rate            | 0            |
|    loss_rate            | 0.828        |
|    win_rate             | 0.172        |
| time/                   |              |
|    fps                  | 5175         |
|    iterations           | 198          |
|    time_elapsed         | 235          |
|    total_timesteps      | 1216512      |
| train/                  |              |
|    approx_kl            | 0.0072119213 |
|    clip_fraction        | 0.047        |
|    clip_range           | 0.2          |
|    entropy_loss         | -1.32        |
|    explained_variance   | 0.285        |
|    learning_rate        | 0.0003       |
|    loss                 | -0.00442     |
|    n_updates            | 1182         |
|    policy_gradient_loss | -0.00635     |
|    value_loss           | 0.0432       |
------------------------------------------
------------------------------------------
| battle/                 |              |
|    draw_rate            | 0            |
|    loss_rate            | 0.823        |
|    win_rate             | 0.177        |
| time/                   |              |
|    fps                  | 5178         |
|    iterations           | 199          |
|    time_elapsed         | 236          |
|    total_timesteps      | 1222656      |
| train/                  |              |
|    approx_kl            | 0.0048659104 |
|    clip_fraction        | 0.0387       |
|    clip_range           | 0.2          |
|    entropy_loss         | -1.29        |
|    explained_variance   | 0.343        |
|    learning_rate        | 0.0003       |
|    loss                 | 0.00673      |
|    n_updates            | 1188         |
|    policy_gradient_loss | -0.00538     |
|    value_loss           | 0.0529       |
------------------------------------------
------------------------------------------
| battle/                 |              |
|    draw_rate            | 0            |
|    loss_rate            | 0.815        |
|    win_rate             | 0.185        |
| time/                   |              |
|    fps                  | 5180         |
|    iterations           | 200          |
|    time_elapsed         | 237          |
|    total_timesteps      | 1228800      |
| train/                  |              |
|    approx_kl            | 0.0060369098 |
|    clip_fraction        | 0.0444       |
|    clip_range           | 0.2          |
|    entropy_loss         | -1.27        |
|    explained_variance   | 0.337        |
|    learning_rate        | 0.0003       |
|    loss                 | 0.000323     |
|    n_updates            | 1194         |
|    policy_gradient_loss | -0.0049      |
|    value_loss           | 0.0497       |
------------------------------------------
------------------------------------------
| battle/                 |              |
|    draw_rate            | 0            |
|    loss_rate            | 0.828        |
|    win_rate             | 0.172        |
| time/                   |              |
|    fps                  | 5182         |
|    iterations           | 201          |
|    time_elapsed         | 238          |
|    total_timesteps      | 1234944      |
| train/                  |              |
|    approx_kl            | 0.0065723485 |
|    clip_fraction        | 0.0407       |
|    clip_range           | 0.2          |
|    entropy_loss         | -1.31        |
|    explained_variance   | 0.384        |
|    learning_rate        | 0.0003       |
|    loss                 | 0.00158      |
|    n_updates            | 1200         |
|    policy_gradient_loss | -0.00435     |
|    value_loss           | 0.051        |
------------------------------------------
-----------------------------------------
| battle/                 |             |
|    draw_rate            | 0           |
|    loss_rate            | 0.845       |
|    win_rate             | 0.155       |
| time/                   |             |
|    fps                  | 5185        |
|    iterations           | 202         |
|    time_elapsed         | 239         |
|    total_timesteps      | 1241088     |
| train/                  |             |
|    approx_kl            | 0.004901192 |
|    clip_fraction        | 0.0513      |
|    clip_range           | 0.2         |
|    entropy_loss         | -1.23       |
|    explained_variance   | 0.342       |
|    learning_rate        | 0.0003      |
|    loss                 | 0.0028      |
|    n_updates            | 1206        |
|    policy_gradient_loss | -0.00495    |
|    value_loss           | 0.045       |
-----------------------------------------
-----------------------------------------
| battle/                 |             |
|    draw_rate            | 0           |
|    loss_rate            | 0.835       |
|    win_rate             | 0.165       |
| time/                   |             |
|    fps                  | 5189        |
|    iterations           | 203         |
|    time_elapsed         | 240         |
|    total_timesteps      | 1247232     |
| train/                  |             |
|    approx_kl            | 0.005508583 |
|    clip_fraction        | 0.0371      |
|    clip_range           | 0.2         |
|    entropy_loss         | -1.31       |
|    explained_variance   | 0.347       |
|    learning_rate        | 0.0003      |
|    loss                 | 0.000549    |
|    n_updates            | 1212        |
|    policy_gradient_loss | -0.00534    |
|    value_loss           | 0.0471      |
-----------------------------------------
------------------------------------------
| battle/                 |              |
|    draw_rate            | 0            |
|    loss_rate            | 0.84         |
|    win_rate             | 0.16         |
| time/                   |              |
|    fps                  | 5193         |
|    iterations           | 204          |
|    time_elapsed         | 241          |
|    total_timesteps      | 1253376      |
| train/                  |              |
|    approx_kl            | 0.0056251814 |
|    clip_fraction        | 0.0414       |
|    clip_range           | 0.2          |
|    entropy_loss         | -1.32        |
|    explained_variance   | 0.452        |
|    learning_rate        | 0.0003       |
|    loss                 | -0.00553     |
|    n_updates            | 1218         |
|    policy_gradient_loss | -0.00489     |
|    value_loss           | 0.0389       |
------------------------------------------
-----------------------------------------
| battle/                 |             |
|    draw_rate            | 0           |
|    loss_rate            | 0.828       |
|    win_rate             | 0.172       |
| time/                   |             |
|    fps                  | 5197        |
|    iterations           | 205         |
|    time_elapsed         | 242         |
|    total_timesteps      | 1259520     |
| train/                  |             |
|    approx_kl            | 0.007084427 |
|    clip_fraction        | 0.072       |
|    clip_range           | 0.2         |
|    entropy_loss         | -1.27       |
|    explained_variance   | 0.425       |
|    learning_rate        | 0.0003      |
|    loss                 | -0.00399    |
|    n_updates            | 1224        |
|    policy_gradient_loss | -0.00556    |
|    value_loss           | 0.0421      |
-----------------------------------------
-----------------------------------------
| battle/                 |             |
|    draw_rate            | 0           |
|    loss_rate            | 0.81        |
|    win_rate             | 0.19        |
| time/                   |             |
|    fps                  | 5200        |
|    iterations           | 206         |
|    time_elapsed         | 243         |
|    total_timesteps      | 1265664     |
| train/                  |             |
|    approx_kl            | 0.007622153 |
|    clip_fraction        | 0.0748      |
|    clip_range           | 0.2         |
|    entropy_loss         | -1.29       |
|    explained_variance   | 0.168       |
|    learning_rate        | 0.0003      |
|    loss                 | 0.00746     |
|    n_updates            | 1230        |
|    policy_gradient_loss | -0.00734    |
|    value_loss           | 0.0712      |
-----------------------------------------
-----------------------------------------
| battle/                 |             |
|    draw_rate            | 0           |
|    loss_rate            | 0.815       |
|    win_rate             | 0.185       |
| time/                   |             |
|    fps                  | 5204        |
|    iterations           | 207         |
|    time_elapsed         | 244         |
|    total_timesteps      | 1271808     |
| train/                  |             |
|    approx_kl            | 0.007695343 |
|    clip_fraction        | 0.0498      |
|    clip_range           | 0.2         |
|    entropy_loss         | -1.26       |
|    explained_variance   | 0.265       |
|    learning_rate        | 0.0003      |
|    loss                 | 0.00595     |
|    n_updates            | 1236        |
|    policy_gradient_loss | -0.00642    |
|    value_loss           | 0.0702      |
-----------------------------------------
------------------------------------------
| battle/                 |              |
|    draw_rate            | 0            |
|    loss_rate            | 0.812        |
|    win_rate             | 0.188        |
| time/                   |              |
|    fps                  | 5206         |
|    iterations           | 208          |
|    time_elapsed         | 245          |
|    total_timesteps      | 1277952      |
| train/                  |              |
|    approx_kl            | 0.0066912896 |
|    clip_fraction        | 0.0511       |
|    clip_range           | 0.2          |
|    entropy_loss         | -1.3         |
|    explained_variance   | 0.346        |
|    learning_rate        | 0.0003       |
|    loss                 | -0.00522     |
|    n_updates            | 1242         |
|    policy_gradient_loss | -0.00533     |
|    value_loss           | 0.0386       |
------------------------------------------
-----------------------------------------
| battle/                 |             |
|    draw_rate            | 0           |
|    loss_rate            | 0.807       |
|    win_rate             | 0.193       |
| time/                   |             |
|    fps                  | 5208        |
|    iterations           | 209         |
|    time_elapsed         | 246         |
|    total_timesteps      | 1284096     |
| train/                  |             |
|    approx_kl            | 0.005299223 |
|    clip_fraction        | 0.0397      |
|    clip_range           | 0.2         |
|    entropy_loss         | -1.28       |
|    explained_variance   | 0.238       |
|    learning_rate        | 0.0003      |
|    loss                 | 0.0109      |
|    n_updates            | 1248        |
|    policy_gradient_loss | -0.00418    |
|    value_loss           | 0.0664      |
-----------------------------------------
------------------------------------------
| battle/                 |              |
|    draw_rate            | 0            |
|    loss_rate            | 0.805        |
|    win_rate             | 0.195        |
| time/                   |              |
|    fps                  | 5210         |
|    iterations           | 210          |
|    time_elapsed         | 247          |
|    total_timesteps      | 1290240      |
| train/                  |              |
|    approx_kl            | 0.0072418475 |
|    clip_fraction        | 0.0537       |
|    clip_range           | 0.2          |
|    entropy_loss         | -1.3         |
|    explained_variance   | 0.412        |
|    learning_rate        | 0.0003       |
|    loss                 | -0.00642     |
|    n_updates            | 1254         |
|    policy_gradient_loss | -0.00673     |
|    value_loss           | 0.0412       |
------------------------------------------
-----------------------------------------
| battle/                 |             |
|    draw_rate            | 0           |
|    loss_rate            | 0.818       |
|    win_rate             | 0.182       |
| time/                   |             |
|    fps                  | 5212        |
|    iterations           | 211         |
|    time_elapsed         | 248         |
|    total_timesteps      | 1296384     |
| train/                  |             |
|    approx_kl            | 0.004328629 |
|    clip_fraction        | 0.0327      |
|    clip_range           | 0.2         |
|    entropy_loss         | -1.29       |
|    explained_variance   | 0.351       |
|    learning_rate        | 0.0003      |
|    loss                 | 0.0019      |
|    n_updates            | 1260        |
|    policy_gradient_loss | -0.00446    |
|    value_loss           | 0.0525      |
-----------------------------------------
------------------------------------------
| battle/                 |              |
|    draw_rate            | 0            |
|    loss_rate            | 0.835        |
|    win_rate             | 0.165        |
| time/                   |              |
|    fps                  | 5216         |
|    iterations           | 212          |
|    time_elapsed         | 249          |
|    total_timesteps      | 1302528      |
| train/                  |              |
|    approx_kl            | 0.0049404562 |
|    clip_fraction        | 0.0329       |
|    clip_range           | 0.2          |
|    entropy_loss         | -1.28        |
|    explained_variance   | 0.349        |
|    learning_rate        | 0.0003       |
|    loss                 | -0.00177     |
|    n_updates            | 1266         |
|    policy_gradient_loss | -0.00558     |
|    value_loss           | 0.0424       |
------------------------------------------
-----------------------------------------
| battle/                 |             |
|    draw_rate            | 0           |
|    loss_rate            | 0.838       |
|    win_rate             | 0.163       |
| time/                   |             |
|    fps                  | 5218        |
|    iterations           | 213         |
|    time_elapsed         | 250         |
|    total_timesteps      | 1308672     |
| train/                  |             |
|    approx_kl            | 0.007837184 |
|    clip_fraction        | 0.0626      |
|    clip_range           | 0.2         |
|    entropy_loss         | -1.23       |
|    explained_variance   | 0.429       |
|    learning_rate        | 0.0003      |
|    loss                 | -0.0084     |
|    n_updates            | 1272        |
|    policy_gradient_loss | -0.00639    |
|    value_loss           | 0.0283      |
-----------------------------------------
------------------------------------------
| battle/                 |              |
|    draw_rate            | 0            |
|    loss_rate            | 0.848        |
|    win_rate             | 0.152        |
| time/                   |              |
|    fps                  | 5221         |
|    iterations           | 214          |
|    time_elapsed         | 251          |
|    total_timesteps      | 1314816      |
| train/                  |              |
|    approx_kl            | 0.0040744487 |
|    clip_fraction        | 0.0277       |
|    clip_range           | 0.2          |
|    entropy_loss         | -1.3         |
|    explained_variance   | 0.306        |
|    learning_rate        | 0.0003       |
|    loss                 | 0.00538      |
|    n_updates            | 1278         |
|    policy_gradient_loss | -0.00434     |
|    value_loss           | 0.0591       |
------------------------------------------
-----------------------------------------
| battle/                 |             |
|    draw_rate            | 0           |
|    loss_rate            | 0.855       |
|    win_rate             | 0.145       |
| time/                   |             |
|    fps                  | 5220        |
|    iterations           | 215         |
|    time_elapsed         | 253         |
|    total_timesteps      | 1320960     |
| train/                  |             |
|    approx_kl            | 0.006635392 |
|    clip_fraction        | 0.0452      |
|    clip_range           | 0.2         |
|    entropy_loss         | -1.33       |
|    explained_variance   | 0.43        |
|    learning_rate        | 0.0003      |
|    loss                 | -0.00953    |
|    n_updates            | 1284        |
|    policy_gradient_loss | -0.00563    |
|    value_loss           | 0.0293      |
-----------------------------------------
------------------------------------------
| battle/                 |              |
|    draw_rate            | 0            |
|    loss_rate            | 0.858        |
|    win_rate             | 0.142        |
| time/                   |              |
|    fps                  | 5221         |
|    iterations           | 216          |
|    time_elapsed         | 254          |
|    total_timesteps      | 1327104      |
| train/                  |              |
|    approx_kl            | 0.0037924193 |
|    clip_fraction        | 0.0297       |
|    clip_range           | 0.2          |
|    entropy_loss         | -1.28        |
|    explained_variance   | 0.269        |
|    learning_rate        | 0.0003       |
|    loss                 | -0.00627     |
|    n_updates            | 1290         |
|    policy_gradient_loss | -0.00548     |
|    value_loss           | 0.042        |
------------------------------------------
-----------------------------------------
| battle/                 |             |
|    draw_rate            | 0           |
|    loss_rate            | 0.848       |
|    win_rate             | 0.152       |
| time/                   |             |
|    fps                  | 5222        |
|    iterations           | 217         |
|    time_elapsed         | 255         |
|    total_timesteps      | 1333248     |
| train/                  |             |
|    approx_kl            | 0.005049931 |
|    clip_fraction        | 0.0521      |
|    clip_range           | 0.2         |
|    entropy_loss         | -1.29       |
|    explained_variance   | 0.323       |
|    learning_rate        | 0.0003      |
|    loss                 | -0.00449    |
|    n_updates            | 1296        |
|    policy_gradient_loss | -0.00422    |
|    value_loss           | 0.0362      |
-----------------------------------------
------------------------------------------
| battle/                 |              |
|    draw_rate            | 0            |
|    loss_rate            | 0.85         |
|    win_rate             | 0.15         |
| time/                   |              |
|    fps                  | 5224         |
|    iterations           | 218          |
|    time_elapsed         | 256          |
|    total_timesteps      | 1339392      |
| train/                  |              |
|    approx_kl            | 0.0059534214 |
|    clip_fraction        | 0.0459       |
|    clip_range           | 0.2          |
|    entropy_loss         | -1.23        |
|    explained_variance   | 0.296        |
|    learning_rate        | 0.0003       |
|    loss                 | 0.00284      |
|    n_updates            | 1302         |
|    policy_gradient_loss | -0.00513     |
|    value_loss           | 0.0571       |
------------------------------------------
-----------------------------------------
| battle/                 |             |
|    draw_rate            | 0           |
|    loss_rate            | 0.845       |
|    win_rate             | 0.155       |
| time/                   |             |
|    fps                  | 5226        |
|    iterations           | 219         |
|    time_elapsed         | 257         |
|    total_timesteps      | 1345536     |
| train/                  |             |
|    approx_kl            | 0.004785692 |
|    clip_fraction        | 0.0428      |
|    clip_range           | 0.2         |
|    entropy_loss         | -1.29       |
|    explained_variance   | 0.253       |
|    learning_rate        | 0.0003      |
|    loss                 | 0.00201     |
|    n_updates            | 1308        |
|    policy_gradient_loss | -0.00558    |
|    value_loss           | 0.0534      |
-----------------------------------------
-----------------------------------------
| battle/                 |             |
|    draw_rate            | 0           |
|    loss_rate            | 0.85        |
|    win_rate             | 0.15        |
| time/                   |             |
|    fps                  | 5227        |
|    iterations           | 220         |
|    time_elapsed         | 258         |
|    total_timesteps      | 1351680     |
| train/                  |             |
|    approx_kl            | 0.005850447 |
|    clip_fraction        | 0.0472      |
|    clip_range           | 0.2         |
|    entropy_loss         | -1.24       |
|    explained_variance   | 0.254       |
|    learning_rate        | 0.0003      |
|    loss                 | -0.000771   |
|    n_updates            | 1314        |
|    policy_gradient_loss | -0.00542    |
|    value_loss           | 0.0529      |
-----------------------------------------
-----------------------------------------
| battle/                 |             |
|    draw_rate            | 0           |
|    loss_rate            | 0.838       |
|    win_rate             | 0.163       |
| time/                   |             |
|    fps                  | 5230        |
|    iterations           | 221         |
|    time_elapsed         | 259         |
|    total_timesteps      | 1357824     |
| train/                  |             |
|    approx_kl            | 0.005227418 |
|    clip_fraction        | 0.0414      |
|    clip_range           | 0.2         |
|    entropy_loss         | -1.3        |
|    explained_variance   | 0.32        |
|    learning_rate        | 0.0003      |
|    loss                 | -0.0039     |
|    n_updates            | 1320        |
|    policy_gradient_loss | -0.0044     |
|    value_loss           | 0.0364      |
-----------------------------------------
-----------------------------------------
| battle/                 |             |
|    draw_rate            | 0           |
|    loss_rate            | 0.843       |
|    win_rate             | 0.158       |
| time/                   |             |
|    fps                  | 5231        |
|    iterations           | 222         |
|    time_elapsed         | 260         |
|    total_timesteps      | 1363968     |
| train/                  |             |
|    approx_kl            | 0.005583901 |
|    clip_fraction        | 0.0633      |
|    clip_range           | 0.2         |
|    entropy_loss         | -1.26       |
|    explained_variance   | 0.239       |
|    learning_rate        | 0.0003      |
|    loss                 | 0.00822     |
|    n_updates            | 1326        |
|    policy_gradient_loss | -0.00569    |
|    value_loss           | 0.0618      |
-----------------------------------------
------------------------------------------
| battle/                 |              |
|    draw_rate            | 0            |
|    loss_rate            | 0.823        |
|    win_rate             | 0.177        |
| time/                   |              |
|    fps                  | 5230         |
|    iterations           | 223          |
|    time_elapsed         | 261          |
|    total_timesteps      | 1370112      |
| train/                  |              |
|    approx_kl            | 0.0053055636 |
|    clip_fraction        | 0.0579       |
|    clip_range           | 0.2          |
|    entropy_loss         | -1.3         |
|    explained_variance   | 0.333        |
|    learning_rate        | 0.0003       |
|    loss                 | -0.00823     |
|    n_updates            | 1332         |
|    policy_gradient_loss | -0.00598     |
|    value_loss           | 0.0386       |
------------------------------------------
------------------------------------------
| battle/                 |              |
|    draw_rate            | 0            |
|    loss_rate            | 0.835        |
|    win_rate             | 0.165        |
| time/                   |              |
|    fps                  | 5231         |
|    iterations           | 224          |
|    time_elapsed         | 263          |
|    total_timesteps      | 1376256      |
| train/                  |              |
|    approx_kl            | 0.0041248035 |
|    clip_fraction        | 0.0503       |
|    clip_range           | 0.2          |
|    entropy_loss         | -1.27        |
|    explained_variance   | 0.25         |
|    learning_rate        | 0.0003       |
|    loss                 | 0.0173       |
|    n_updates            | 1338         |
|    policy_gradient_loss | -0.00396     |
|    value_loss           | 0.0722       |
------------------------------------------
-----------------------------------------
| battle/                 |             |
|    draw_rate            | 0           |
|    loss_rate            | 0.833       |
|    win_rate             | 0.168       |
| time/                   |             |
|    fps                  | 5232        |
|    iterations           | 225         |
|    time_elapsed         | 264         |
|    total_timesteps      | 1382400     |
| train/                  |             |
|    approx_kl            | 0.006633474 |
|    clip_fraction        | 0.0557      |
|    clip_range           | 0.2         |
|    entropy_loss         | -1.29       |
|    explained_variance   | 0.489       |
|    learning_rate        | 0.0003      |
|    loss                 | -0.00446    |
|    n_updates            | 1344        |
|    policy_gradient_loss | -0.00548    |
|    value_loss           | 0.0329      |
-----------------------------------------
------------------------------------------
| battle/                 |              |
|    draw_rate            | 0            |
|    loss_rate            | 0.81         |
|    win_rate             | 0.19         |
| time/                   |              |
|    fps                  | 5232         |
|    iterations           | 226          |
|    time_elapsed         | 265          |
|    total_timesteps      | 1388544      |
| train/                  |              |
|    approx_kl            | 0.0062114135 |
|    clip_fraction        | 0.0572       |
|    clip_range           | 0.2          |
|    entropy_loss         | -1.29        |
|    explained_variance   | 0.343        |
|    learning_rate        | 0.0003       |
|    loss                 | 0.0109       |
|    n_updates            | 1350         |
|    policy_gradient_loss | -0.00539     |
|    value_loss           | 0.0609       |
------------------------------------------
------------------------------------------
| battle/                 |              |
|    draw_rate            | 0            |
|    loss_rate            | 0.807        |
|    win_rate             | 0.193        |
| time/                   |              |
|    fps                  | 5233         |
|    iterations           | 227          |
|    time_elapsed         | 266          |
|    total_timesteps      | 1394688      |
| train/                  |              |
|    approx_kl            | 0.0048762085 |
|    clip_fraction        | 0.0264       |
|    clip_range           | 0.2          |
|    entropy_loss         | -1.29        |
|    explained_variance   | 0.394        |
|    learning_rate        | 0.0003       |
|    loss                 | 0.00328      |
|    n_updates            | 1356         |
|    policy_gradient_loss | -0.00384     |
|    value_loss           | 0.0532       |
------------------------------------------
-----------------------------------------
| battle/                 |             |
|    draw_rate            | 0           |
|    loss_rate            | 0.8         |
|    win_rate             | 0.2         |
| time/                   |             |
|    fps                  | 5234        |
|    iterations           | 228         |
|    time_elapsed         | 267         |
|    total_timesteps      | 1400832     |
| train/                  |             |
|    approx_kl            | 0.005432201 |
|    clip_fraction        | 0.0393      |
|    clip_range           | 0.2         |
|    entropy_loss         | -1.3        |
|    explained_variance   | 0.371       |
|    learning_rate        | 0.0003      |
|    loss                 | 0.00206     |
|    n_updates            | 1362        |
|    policy_gradient_loss | -0.0048     |
|    value_loss           | 0.0508      |
-----------------------------------------
------------------------------------------
| battle/                 |              |
|    draw_rate            | 0            |
|    loss_rate            | 0.81         |
|    win_rate             | 0.19         |
| time/                   |              |
|    fps                  | 5234         |
|    iterations           | 229          |
|    time_elapsed         | 268          |
|    total_timesteps      | 1406976      |
| train/                  |              |
|    approx_kl            | 0.0041673803 |
|    clip_fraction        | 0.0337       |
|    clip_range           | 0.2          |
|    entropy_loss         | -1.26        |
|    explained_variance   | 0.291        |
|    learning_rate        | 0.0003       |
|    loss                 | 0.00429      |
|    n_updates            | 1368         |
|    policy_gradient_loss | -0.00461     |
|    value_loss           | 0.0589       |
------------------------------------------
-----------------------------------------
| battle/                 |             |
|    draw_rate            | 0           |
|    loss_rate            | 0.805       |
|    win_rate             | 0.195       |
| time/                   |             |
|    fps                  | 5234        |
|    iterations           | 230         |
|    time_elapsed         | 269         |
|    total_timesteps      | 1413120     |
| train/                  |             |
|    approx_kl            | 0.006888431 |
|    clip_fraction        | 0.0537      |
|    clip_range           | 0.2         |
|    entropy_loss         | -1.19       |
|    explained_variance   | 0.269       |
|    learning_rate        | 0.0003      |
|    loss                 | 0.0015      |
|    n_updates            | 1374        |
|    policy_gradient_loss | -0.00509    |
|    value_loss           | 0.0489      |
-----------------------------------------
------------------------------------------
| battle/                 |              |
|    draw_rate            | 0            |
|    loss_rate            | 0.795        |
|    win_rate             | 0.205        |
| time/                   |              |
|    fps                  | 5236         |
|    iterations           | 231          |
|    time_elapsed         | 271          |
|    total_timesteps      | 1419264      |
| train/                  |              |
|    approx_kl            | 0.0060217846 |
|    clip_fraction        | 0.0428       |
|    clip_range           | 0.2          |
|    entropy_loss         | -1.26        |
|    explained_variance   | 0.292        |
|    learning_rate        | 0.0003       |
|    loss                 | 0.000334     |
|    n_updates            | 1380         |
|    policy_gradient_loss | -0.00627     |
|    value_loss           | 0.0576       |
------------------------------------------
------------------------------------------
| battle/                 |              |
|    draw_rate            | 0            |
|    loss_rate            | 0.802        |
|    win_rate             | 0.198        |
| time/                   |              |
|    fps                  | 5238         |
|    iterations           | 232          |
|    time_elapsed         | 272          |
|    total_timesteps      | 1425408      |
| train/                  |              |
|    approx_kl            | 0.0055502914 |
|    clip_fraction        | 0.0336       |
|    clip_range           | 0.2          |
|    entropy_loss         | -1.26        |
|    explained_variance   | 0.209        |
|    learning_rate        | 0.0003       |
|    loss                 | 0.00529      |
|    n_updates            | 1386         |
|    policy_gradient_loss | -0.00642     |
|    value_loss           | 0.063        |
------------------------------------------
------------------------------------------
| battle/                 |              |
|    draw_rate            | 0            |
|    loss_rate            | 0.818        |
|    win_rate             | 0.182        |
| time/                   |              |
|    fps                  | 5238         |
|    iterations           | 233          |
|    time_elapsed         | 273          |
|    total_timesteps      | 1431552      |
| train/                  |              |
|    approx_kl            | 0.0068995305 |
|    clip_fraction        | 0.0821       |
|    clip_range           | 0.2          |
|    entropy_loss         | -1.2         |
|    explained_variance   | 0.237        |
|    learning_rate        | 0.0003       |
|    loss                 | 0.00115      |
|    n_updates            | 1392         |
|    policy_gradient_loss | -0.00626     |
|    value_loss           | 0.0522       |
------------------------------------------
-----------------------------------------
| battle/                 |             |
|    draw_rate            | 0           |
|    loss_rate            | 0.807       |
|    win_rate             | 0.193       |
| time/                   |             |
|    fps                  | 5238        |
|    iterations           | 234         |
|    time_elapsed         | 274         |
|    total_timesteps      | 1437696     |
| train/                  |             |
|    approx_kl            | 0.006069522 |
|    clip_fraction        | 0.0458      |
|    clip_range           | 0.2         |
|    entropy_loss         | -1.25       |
|    explained_variance   | 0.343       |
|    learning_rate        | 0.0003      |
|    loss                 | -0.01       |
|    n_updates            | 1398        |
|    policy_gradient_loss | -0.00624    |
|    value_loss           | 0.0346      |
-----------------------------------------
-----------------------------------------
| battle/                 |             |
|    draw_rate            | 0           |
|    loss_rate            | 0.805       |
|    win_rate             | 0.195       |
| time/                   |             |
|    fps                  | 5237        |
|    iterations           | 235         |
|    time_elapsed         | 275         |
|    total_timesteps      | 1443840     |
| train/                  |             |
|    approx_kl            | 0.006016288 |
|    clip_fraction        | 0.0424      |
|    clip_range           | 0.2         |
|    entropy_loss         | -1.21       |
|    explained_variance   | 0.199       |
|    learning_rate        | 0.0003      |
|    loss                 | 0.000632    |
|    n_updates            | 1404        |
|    policy_gradient_loss | -0.00592    |
|    value_loss           | 0.0504      |
-----------------------------------------
-----------------------------------------
| battle/                 |             |
|    draw_rate            | 0           |
|    loss_rate            | 0.812       |
|    win_rate             | 0.188       |
| time/                   |             |
|    fps                  | 5238        |
|    iterations           | 236         |
|    time_elapsed         | 276         |
|    total_timesteps      | 1449984     |
| train/                  |             |
|    approx_kl            | 0.006944495 |
|    clip_fraction        | 0.0592      |
|    clip_range           | 0.2         |
|    entropy_loss         | -1.21       |
|    explained_variance   | 0.261       |
|    learning_rate        | 0.0003      |
|    loss                 | 0.00503     |
|    n_updates            | 1410        |
|    policy_gradient_loss | -0.00589    |
|    value_loss           | 0.0576      |
-----------------------------------------
-----------------------------------------
| battle/                 |             |
|    draw_rate            | 0           |
|    loss_rate            | 0.792       |
|    win_rate             | 0.207       |
| time/                   |             |
|    fps                  | 5239        |
|    iterations           | 237         |
|    time_elapsed         | 277         |
|    total_timesteps      | 1456128     |
| train/                  |             |
|    approx_kl            | 0.005830409 |
|    clip_fraction        | 0.071       |
|    clip_range           | 0.2         |
|    entropy_loss         | -1.26       |
|    explained_variance   | 0.365       |
|    learning_rate        | 0.0003      |
|    loss                 | 0.00175     |
|    n_updates            | 1416        |
|    policy_gradient_loss | -0.00536    |
|    value_loss           | 0.0533      |
-----------------------------------------
-----------------------------------------
| battle/                 |             |
|    draw_rate            | 0           |
|    loss_rate            | 0.795       |
|    win_rate             | 0.205       |
| time/                   |             |
|    fps                  | 5240        |
|    iterations           | 238         |
|    time_elapsed         | 279         |
|    total_timesteps      | 1462272     |
| train/                  |             |
|    approx_kl            | 0.005216285 |
|    clip_fraction        | 0.0369      |
|    clip_range           | 0.2         |
|    entropy_loss         | -1.24       |
|    explained_variance   | 0.129       |
|    learning_rate        | 0.0003      |
|    loss                 | 0.0086      |
|    n_updates            | 1422        |
|    policy_gradient_loss | -0.00615    |
|    value_loss           | 0.0772      |
-----------------------------------------
-----------------------------------------
| battle/                 |             |
|    draw_rate            | 0           |
|    loss_rate            | 0.792       |
|    win_rate             | 0.207       |
| time/                   |             |
|    fps                  | 5240        |
|    iterations           | 239         |
|    time_elapsed         | 280         |
|    total_timesteps      | 1468416     |
| train/                  |             |
|    approx_kl            | 0.006606014 |
|    clip_fraction        | 0.038       |
|    clip_range           | 0.2         |
|    entropy_loss         | -1.17       |
|    explained_variance   | 0.196       |
|    learning_rate        | 0.0003      |
|    loss                 | 0.00736     |
|    n_updates            | 1428        |
|    policy_gradient_loss | -0.00504    |
|    value_loss           | 0.0661      |
-----------------------------------------
------------------------------------------
| battle/                 |              |
|    draw_rate            | 0            |
|    loss_rate            | 0.78         |
|    win_rate             | 0.22         |
| time/                   |              |
|    fps                  | 5241         |
|    iterations           | 240          |
|    time_elapsed         | 281          |
|    total_timesteps      | 1474560      |
| train/                  |              |
|    approx_kl            | 0.0072412826 |
|    clip_fraction        | 0.074        |
|    clip_range           | 0.2          |
|    entropy_loss         | -1.17        |
|    explained_variance   | 0.362        |
|    learning_rate        | 0.0003       |
|    loss                 | -0.00285     |
|    n_updates            | 1434         |
|    policy_gradient_loss | -0.00535     |
|    value_loss           | 0.0404       |
------------------------------------------
----------------------------------------
| battle/                 |            |
|    draw_rate            | 0          |
|    loss_rate            | 0.79       |
|    win_rate             | 0.21       |
| time/                   |            |
|    fps                  | 5241       |
|    iterations           | 241        |
|    time_elapsed         | 282        |
|    total_timesteps      | 1480704    |
| train/                  |            |
|    approx_kl            | 0.00520419 |
|    clip_fraction        | 0.0428     |
|    clip_range           | 0.2        |
|    entropy_loss         | -1.18      |
|    explained_variance   | 0.263      |
|    learning_rate        | 0.0003     |
|    loss                 | 0.00101    |
|    n_updates            | 1440       |
|    policy_gradient_loss | -0.00562   |
|    value_loss           | 0.0621     |
----------------------------------------
------------------------------------------
| battle/                 |              |
|    draw_rate            | 0            |
|    loss_rate            | 0.775        |
|    win_rate             | 0.225        |
| time/                   |              |
|    fps                  | 5242         |
|    iterations           | 242          |
|    time_elapsed         | 283          |
|    total_timesteps      | 1486848      |
| train/                  |              |
|    approx_kl            | 0.0062724142 |
|    clip_fraction        | 0.0521       |
|    clip_range           | 0.2          |
|    entropy_loss         | -1.22        |
|    explained_variance   | 0.348        |
|    learning_rate        | 0.0003       |
|    loss                 | 0.0055       |
|    n_updates            | 1446         |
|    policy_gradient_loss | -0.00483     |
|    value_loss           | 0.0527       |
------------------------------------------
-----------------------------------------
| battle/                 |             |
|    draw_rate            | 0           |
|    loss_rate            | 0.79        |
|    win_rate             | 0.21        |
| time/                   |             |
|    fps                  | 5243        |
|    iterations           | 243         |
|    time_elapsed         | 284         |
|    total_timesteps      | 1492992     |
| train/                  |             |
|    approx_kl            | 0.005988106 |
|    clip_fraction        | 0.0528      |
|    clip_range           | 0.2         |
|    entropy_loss         | -1.11       |
|    explained_variance   | 0.195       |
|    learning_rate        | 0.0003      |
|    loss                 | 0.00886     |
|    n_updates            | 1452        |
|    policy_gradient_loss | -0.00593    |
|    value_loss           | 0.0705      |
-----------------------------------------
------------------------------------------
| battle/                 |              |
|    draw_rate            | 0            |
|    loss_rate            | 0.797        |
|    win_rate             | 0.203        |
| time/                   |              |
|    fps                  | 5244         |
|    iterations           | 244          |
|    time_elapsed         | 285          |
|    total_timesteps      | 1499136      |
| train/                  |              |
|    approx_kl            | 0.0067793704 |
|    clip_fraction        | 0.0678       |
|    clip_range           | 0.2          |
|    entropy_loss         | -1.15        |
|    explained_variance   | 0.262        |
|    learning_rate        | 0.0003       |
|    loss                 | 0.0023       |
|    n_updates            | 1458         |
|    policy_gradient_loss | -0.0054      |
|    value_loss           | 0.0512       |
------------------------------------------

[eval @ 1,505,280 steps] 确定性评估胜率: 19.0%
  ✓ 新最优, 已保存 /Users/cichlidfish/tank_trouble/training/models/best_model.zip
-----------------------------------------
| battle/                 |             |
|    draw_rate            | 0           |
|    eval_win_rate        | 0.19        |
|    loss_rate            | 0.795       |
|    win_rate             | 0.205       |
| time/                   |             |
|    fps                  | 5178        |
|    iterations           | 245         |
|    time_elapsed         | 290         |
|    total_timesteps      | 1505280     |
| train/                  |             |
|    approx_kl            | 0.005069813 |
|    clip_fraction        | 0.0661      |
|    clip_range           | 0.2         |
|    entropy_loss         | -1.11       |
|    explained_variance   | 0.301       |
|    learning_rate        | 0.0003      |
|    loss                 | -0.00348    |
|    n_updates            | 1464        |
|    policy_gradient_loss | -0.00481    |
|    value_loss           | 0.0428      |
-----------------------------------------
-----------------------------------------
| battle/                 |             |
|    draw_rate            | 0           |
|    loss_rate            | 0.81        |
|    win_rate             | 0.19        |
| time/                   |             |
|    fps                  | 5181        |
|    iterations           | 246         |
|    time_elapsed         | 291         |
|    total_timesteps      | 1511424     |
| train/                  |             |
|    approx_kl            | 0.007220695 |
|    clip_fraction        | 0.0464      |
|    clip_range           | 0.2         |
|    entropy_loss         | -1.18       |
|    explained_variance   | 0.331       |
|    learning_rate        | 0.0003      |
|    loss                 | 0.00702     |
|    n_updates            | 1470        |
|    policy_gradient_loss | -0.00566    |
|    value_loss           | 0.0531      |
-----------------------------------------
------------------------------------------
| battle/                 |              |
|    draw_rate            | 0            |
|    loss_rate            | 0.823        |
|    win_rate             | 0.177        |
| time/                   |              |
|    fps                  | 5181         |
|    iterations           | 247          |
|    time_elapsed         | 292          |
|    total_timesteps      | 1517568      |
| train/                  |              |
|    approx_kl            | 0.0048054727 |
|    clip_fraction        | 0.0423       |
|    clip_range           | 0.2          |
|    entropy_loss         | -1.13        |
|    explained_variance   | 0.354        |
|    learning_rate        | 0.0003       |
|    loss                 | 0.00415      |
|    n_updates            | 1476         |
|    policy_gradient_loss | -0.00305     |
|    value_loss           | 0.0521       |
------------------------------------------
-----------------------------------------
| battle/                 |             |
|    draw_rate            | 0           |
|    loss_rate            | 0.833       |
|    win_rate             | 0.168       |
| time/                   |             |
|    fps                  | 5181        |
|    iterations           | 248         |
|    time_elapsed         | 294         |
|    total_timesteps      | 1523712     |
| train/                  |             |
|    approx_kl            | 0.005605876 |
|    clip_fraction        | 0.0435      |
|    clip_range           | 0.2         |
|    entropy_loss         | -1.14       |
|    explained_variance   | 0.39        |
|    learning_rate        | 0.0003      |
|    loss                 | -0.00206    |
|    n_updates            | 1482        |
|    policy_gradient_loss | -0.00465    |
|    value_loss           | 0.0408      |
-----------------------------------------
------------------------------------------
| battle/                 |              |
|    draw_rate            | 0            |
|    loss_rate            | 0.838        |
|    win_rate             | 0.163        |
| time/                   |              |
|    fps                  | 5182         |
|    iterations           | 249          |
|    time_elapsed         | 295          |
|    total_timesteps      | 1529856      |
| train/                  |              |
|    approx_kl            | 0.0057073315 |
|    clip_fraction        | 0.0369       |
|    clip_range           | 0.2          |
|    entropy_loss         | -1.25        |
|    explained_variance   | 0.382        |
|    learning_rate        | 0.0003       |
|    loss                 | 0.00231      |
|    n_updates            | 1488         |
|    policy_gradient_loss | -0.00393     |
|    value_loss           | 0.051        |
------------------------------------------
-----------------------------------------
| battle/                 |             |
|    draw_rate            | 0           |
|    loss_rate            | 0.845       |
|    win_rate             | 0.155       |
| time/                   |             |
|    fps                  | 5182        |
|    iterations           | 250         |
|    time_elapsed         | 296         |
|    total_timesteps      | 1536000     |
| train/                  |             |
|    approx_kl            | 0.004192239 |
|    clip_fraction        | 0.0268      |
|    clip_range           | 0.2         |
|    entropy_loss         | -1.15       |
|    explained_variance   | 0.419       |
|    learning_rate        | 0.0003      |
|    loss                 | -0.00134    |
|    n_updates            | 1494        |
|    policy_gradient_loss | -0.00413    |
|    value_loss           | 0.0374      |
-----------------------------------------
------------------------------------------
| battle/                 |              |
|    draw_rate            | 0            |
|    loss_rate            | 0.833        |
|    win_rate             | 0.168        |
| time/                   |              |
|    fps                  | 5182         |
|    iterations           | 251          |
|    time_elapsed         | 297          |
|    total_timesteps      | 1542144      |
| train/                  |              |
|    approx_kl            | 0.0051514553 |
|    clip_fraction        | 0.0379       |
|    clip_range           | 0.2          |
|    entropy_loss         | -1.09        |
|    explained_variance   | 0.314        |
|    learning_rate        | 0.0003       |
|    loss                 | 0.0047       |
|    n_updates            | 1500         |
|    policy_gradient_loss | -0.00378     |
|    value_loss           | 0.0514       |
------------------------------------------
------------------------------------------
| battle/                 |              |
|    draw_rate            | 0            |
|    loss_rate            | 0.828        |
|    win_rate             | 0.172        |
| time/                   |              |
|    fps                  | 5181         |
|    iterations           | 252          |
|    time_elapsed         | 298          |
|    total_timesteps      | 1548288      |
| train/                  |              |
|    approx_kl            | 0.0076409113 |
|    clip_fraction        | 0.0393       |
|    clip_range           | 0.2          |
|    entropy_loss         | -1.16        |
|    explained_variance   | 0.2          |
|    learning_rate        | 0.0003       |
|    loss                 | 0.0109       |
|    n_updates            | 1506         |
|    policy_gradient_loss | -0.00458     |
|    value_loss           | 0.0627       |
------------------------------------------
-----------------------------------------
| battle/                 |             |
|    draw_rate            | 0           |
|    loss_rate            | 0.825       |
|    win_rate             | 0.175       |
| time/                   |             |
|    fps                  | 5181        |
|    iterations           | 253         |
|    time_elapsed         | 299         |
|    total_timesteps      | 1554432     |
| train/                  |             |
|    approx_kl            | 0.005096683 |
|    clip_fraction        | 0.079       |
|    clip_range           | 0.2         |
|    entropy_loss         | -1.14       |
|    explained_variance   | 0.251       |
|    learning_rate        | 0.0003      |
|    loss                 | 0.00819     |
|    n_updates            | 1512        |
|    policy_gradient_loss | -0.0056     |
|    value_loss           | 0.0582      |
-----------------------------------------
-----------------------------------------
| battle/                 |             |
|    draw_rate            | 0           |
|    loss_rate            | 0.82        |
|    win_rate             | 0.18        |
| time/                   |             |
|    fps                  | 5180        |
|    iterations           | 254         |
|    time_elapsed         | 301         |
|    total_timesteps      | 1560576     |
| train/                  |             |
|    approx_kl            | 0.005027801 |
|    clip_fraction        | 0.0562      |
|    clip_range           | 0.2         |
|    entropy_loss         | -1.14       |
|    explained_variance   | 0.334       |
|    learning_rate        | 0.0003      |
|    loss                 | 0.00348     |
|    n_updates            | 1518        |
|    policy_gradient_loss | -0.00535    |
|    value_loss           | 0.0508      |
-----------------------------------------
------------------------------------------
| battle/                 |              |
|    draw_rate            | 0            |
|    loss_rate            | 0.812        |
|    win_rate             | 0.188        |
| time/                   |              |
|    fps                  | 5181         |
|    iterations           | 255          |
|    time_elapsed         | 302          |
|    total_timesteps      | 1566720      |
| train/                  |              |
|    approx_kl            | 0.0062665152 |
|    clip_fraction        | 0.0486       |
|    clip_range           | 0.2          |
|    entropy_loss         | -1.13        |
|    explained_variance   | 0.304        |
|    learning_rate        | 0.0003       |
|    loss                 | -0.000536    |
|    n_updates            | 1524         |
|    policy_gradient_loss | -0.00468     |
|    value_loss           | 0.0516       |
------------------------------------------
-----------------------------------------
| battle/                 |             |
|    draw_rate            | 0           |
|    loss_rate            | 0.812       |
|    win_rate             | 0.188       |
| time/                   |             |
|    fps                  | 5182        |
|    iterations           | 256         |
|    time_elapsed         | 303         |
|    total_timesteps      | 1572864     |
| train/                  |             |
|    approx_kl            | 0.005950333 |
|    clip_fraction        | 0.0525      |
|    clip_range           | 0.2         |
|    entropy_loss         | -1.11       |
|    explained_variance   | 0.29        |
|    learning_rate        | 0.0003      |
|    loss                 | 0.00325     |
|    n_updates            | 1530        |
|    policy_gradient_loss | -0.0039     |
|    value_loss           | 0.05        |
-----------------------------------------
------------------------------------------
| battle/                 |              |
|    draw_rate            | 0            |
|    loss_rate            | 0.815        |
|    win_rate             | 0.185        |
| time/                   |              |
|    fps                  | 5183         |
|    iterations           | 257          |
|    time_elapsed         | 304          |
|    total_timesteps      | 1579008      |
| train/                  |              |
|    approx_kl            | 0.0062409975 |
|    clip_fraction        | 0.0568       |
|    clip_range           | 0.2          |
|    entropy_loss         | -1.11        |
|    explained_variance   | 0.373        |
|    learning_rate        | 0.0003       |
|    loss                 | 0.00112      |
|    n_updates            | 1536         |
|    policy_gradient_loss | -0.00508     |
|    value_loss           | 0.051        |
------------------------------------------
------------------------------------------
| battle/                 |              |
|    draw_rate            | 0            |
|    loss_rate            | 0.82         |
|    win_rate             | 0.18         |
| time/                   |              |
|    fps                  | 5184         |
|    iterations           | 258          |
|    time_elapsed         | 305          |
|    total_timesteps      | 1585152      |
| train/                  |              |
|    approx_kl            | 0.0052714255 |
|    clip_fraction        | 0.0672       |
|    clip_range           | 0.2          |
|    entropy_loss         | -1.16        |
|    explained_variance   | 0.286        |
|    learning_rate        | 0.0003       |
|    loss                 | 0.00766      |
|    n_updates            | 1542         |
|    policy_gradient_loss | -0.00502     |
|    value_loss           | 0.0646       |
------------------------------------------
------------------------------------------
| battle/                 |              |
|    draw_rate            | 0            |
|    loss_rate            | 0.815        |
|    win_rate             | 0.185        |
| time/                   |              |
|    fps                  | 5183         |
|    iterations           | 259          |
|    time_elapsed         | 306          |
|    total_timesteps      | 1591296      |
| train/                  |              |
|    approx_kl            | 0.0067858496 |
|    clip_fraction        | 0.0639       |
|    clip_range           | 0.2          |
|    entropy_loss         | -1.14        |
|    explained_variance   | 0.335        |
|    learning_rate        | 0.0003       |
|    loss                 | -0.00408     |
|    n_updates            | 1548         |
|    policy_gradient_loss | -0.00484     |
|    value_loss           | 0.0356       |
------------------------------------------
------------------------------------------
| battle/                 |              |
|    draw_rate            | 0            |
|    loss_rate            | 0.818        |
|    win_rate             | 0.182        |
| time/                   |              |
|    fps                  | 5183         |
|    iterations           | 260          |
|    time_elapsed         | 308          |
|    total_timesteps      | 1597440      |
| train/                  |              |
|    approx_kl            | 0.0062957928 |
|    clip_fraction        | 0.0485       |
|    clip_range           | 0.2          |
|    entropy_loss         | -1.17        |
|    explained_variance   | 0.236        |
|    learning_rate        | 0.0003       |
|    loss                 | 0.0121       |
|    n_updates            | 1554         |
|    policy_gradient_loss | -0.00612     |
|    value_loss           | 0.0686       |
------------------------------------------
------------------------------------------
| battle/                 |              |
|    draw_rate            | 0            |
|    loss_rate            | 0.815        |
|    win_rate             | 0.185        |
| time/                   |              |
|    fps                  | 5184         |
|    iterations           | 261          |
|    time_elapsed         | 309          |
|    total_timesteps      | 1603584      |
| train/                  |              |
|    approx_kl            | 0.0043007717 |
|    clip_fraction        | 0.0413       |
|    clip_range           | 0.2          |
|    entropy_loss         | -1.14        |
|    explained_variance   | 0.285        |
|    learning_rate        | 0.0003       |
|    loss                 | 0.00395      |
|    n_updates            | 1560         |
|    policy_gradient_loss | -0.00357     |
|    value_loss           | 0.0521       |
------------------------------------------
------------------------------------------
| battle/                 |              |
|    draw_rate            | 0            |
|    loss_rate            | 0.805        |
|    win_rate             | 0.195        |
| time/                   |              |
|    fps                  | 5184         |
|    iterations           | 262          |
|    time_elapsed         | 310          |
|    total_timesteps      | 1609728      |
| train/                  |              |
|    approx_kl            | 0.0061485446 |
|    clip_fraction        | 0.0379       |
|    clip_range           | 0.2          |
|    entropy_loss         | -1.16        |
|    explained_variance   | 0.348        |
|    learning_rate        | 0.0003       |
|    loss                 | 0.00826      |
|    n_updates            | 1566         |
|    policy_gradient_loss | -0.00445     |
|    value_loss           | 0.0586       |
------------------------------------------
------------------------------------------
| battle/                 |              |
|    draw_rate            | 0            |
|    loss_rate            | 0.81         |
|    win_rate             | 0.19         |
| time/                   |              |
|    fps                  | 5185         |
|    iterations           | 263          |
|    time_elapsed         | 311          |
|    total_timesteps      | 1615872      |
| train/                  |              |
|    approx_kl            | 0.0074002636 |
|    clip_fraction        | 0.0512       |
|    clip_range           | 0.2          |
|    entropy_loss         | -1.08        |
|    explained_variance   | 0.289        |
|    learning_rate        | 0.0003       |
|    loss                 | 0.00775      |
|    n_updates            | 1572         |
|    policy_gradient_loss | -0.00455     |
|    value_loss           | 0.0573       |
------------------------------------------
------------------------------------------
| battle/                 |              |
|    draw_rate            | 0            |
|    loss_rate            | 0.79         |
|    win_rate             | 0.21         |
| time/                   |              |
|    fps                  | 5184         |
|    iterations           | 264          |
|    time_elapsed         | 312          |
|    total_timesteps      | 1622016      |
| train/                  |              |
|    approx_kl            | 0.0050143297 |
|    clip_fraction        | 0.0483       |
|    clip_range           | 0.2          |
|    entropy_loss         | -1.05        |
|    explained_variance   | 0.304        |
|    learning_rate        | 0.0003       |
|    loss                 | 0.00351      |
|    n_updates            | 1578         |
|    policy_gradient_loss | -0.00501     |
|    value_loss           | 0.0563       |
------------------------------------------
------------------------------------------
| battle/                 |              |
|    draw_rate            | 0            |
|    loss_rate            | 0.797        |
|    win_rate             | 0.203        |
| time/                   |              |
|    fps                  | 5183         |
|    iterations           | 265          |
|    time_elapsed         | 314          |
|    total_timesteps      | 1628160      |
| train/                  |              |
|    approx_kl            | 0.0050899186 |
|    clip_fraction        | 0.0372       |
|    clip_range           | 0.2          |
|    entropy_loss         | -0.974       |
|    explained_variance   | 0.278        |
|    learning_rate        | 0.0003       |
|    loss                 | 0.00585      |
|    n_updates            | 1584         |
|    policy_gradient_loss | -0.00358     |
|    value_loss           | 0.0448       |
------------------------------------------
------------------------------------------
| battle/                 |              |
|    draw_rate            | 0            |
|    loss_rate            | 0.805        |
|    win_rate             | 0.195        |
| time/                   |              |
|    fps                  | 5184         |
|    iterations           | 266          |
|    time_elapsed         | 315          |
|    total_timesteps      | 1634304      |
| train/                  |              |
|    approx_kl            | 0.0040538516 |
|    clip_fraction        | 0.0315       |
|    clip_range           | 0.2          |
|    entropy_loss         | -1.03        |
|    explained_variance   | 0.344        |
|    learning_rate        | 0.0003       |
|    loss                 | 0.00622      |
|    n_updates            | 1590         |
|    policy_gradient_loss | -0.00423     |
|    value_loss           | 0.0537       |
------------------------------------------
------------------------------------------
| battle/                 |              |
|    draw_rate            | 0            |
|    loss_rate            | 0.8          |
|    win_rate             | 0.2          |
| time/                   |              |
|    fps                  | 5184         |
|    iterations           | 267          |
|    time_elapsed         | 316          |
|    total_timesteps      | 1640448      |
| train/                  |              |
|    approx_kl            | 0.0056708525 |
|    clip_fraction        | 0.0624       |
|    clip_range           | 0.2          |
|    entropy_loss         | -1.1         |
|    explained_variance   | 0.365        |
|    learning_rate        | 0.0003       |
|    loss                 | -0.00104     |
|    n_updates            | 1596         |
|    policy_gradient_loss | -0.00465     |
|    value_loss           | 0.0446       |
------------------------------------------
------------------------------------------
| battle/                 |              |
|    draw_rate            | 0            |
|    loss_rate            | 0.792        |
|    win_rate             | 0.207        |
| time/                   |              |
|    fps                  | 5185         |
|    iterations           | 268          |
|    time_elapsed         | 317          |
|    total_timesteps      | 1646592      |
| train/                  |              |
|    approx_kl            | 0.0058282786 |
|    clip_fraction        | 0.0493       |
|    clip_range           | 0.2          |
|    entropy_loss         | -1.08        |
|    explained_variance   | 0.341        |
|    learning_rate        | 0.0003       |
|    loss                 | 0.00554      |
|    n_updates            | 1602         |
|    policy_gradient_loss | -0.00451     |
|    value_loss           | 0.055        |
------------------------------------------
------------------------------------------
| battle/                 |              |
|    draw_rate            | 0            |
|    loss_rate            | 0.777        |
|    win_rate             | 0.223        |
| time/                   |              |
|    fps                  | 5186         |
|    iterations           | 269          |
|    time_elapsed         | 318          |
|    total_timesteps      | 1652736      |
| train/                  |              |
|    approx_kl            | 0.0058570798 |
|    clip_fraction        | 0.0431       |
|    clip_range           | 0.2          |
|    entropy_loss         | -1.08        |
|    explained_variance   | 0.293        |
|    learning_rate        | 0.0003       |
|    loss                 | 0.00859      |
|    n_updates            | 1608         |
|    policy_gradient_loss | -0.00584     |
|    value_loss           | 0.0621       |
------------------------------------------
------------------------------------------
| battle/                 |              |
|    draw_rate            | 0            |
|    loss_rate            | 0.782        |
|    win_rate             | 0.217        |
| time/                   |              |
|    fps                  | 5186         |
|    iterations           | 270          |
|    time_elapsed         | 319          |
|    total_timesteps      | 1658880      |
| train/                  |              |
|    approx_kl            | 0.0053605014 |
|    clip_fraction        | 0.0483       |
|    clip_range           | 0.2          |
|    entropy_loss         | -1.04        |
|    explained_variance   | 0.173        |
|    learning_rate        | 0.0003       |
|    loss                 | 0.00264      |
|    n_updates            | 1614         |
|    policy_gradient_loss | -0.00598     |
|    value_loss           | 0.0649       |
------------------------------------------
----------------------------------------
| battle/                 |            |
|    draw_rate            | 0          |
|    loss_rate            | 0.785      |
|    win_rate             | 0.215      |
| time/                   |            |
|    fps                  | 5187       |
|    iterations           | 271        |
|    time_elapsed         | 320        |
|    total_timesteps      | 1665024    |
| train/                  |            |
|    approx_kl            | 0.00412271 |
|    clip_fraction        | 0.0371     |
|    clip_range           | 0.2        |
|    entropy_loss         | -1.16      |
|    explained_variance   | 0.257      |
|    learning_rate        | 0.0003     |
|    loss                 | 0.00732    |
|    n_updates            | 1620       |
|    policy_gradient_loss | -0.00522   |
|    value_loss           | 0.0643     |
----------------------------------------
-----------------------------------------
| battle/                 |             |
|    draw_rate            | 0           |
|    loss_rate            | 0.785       |
|    win_rate             | 0.215       |
| time/                   |             |
|    fps                  | 5186        |
|    iterations           | 272         |
|    time_elapsed         | 322         |
|    total_timesteps      | 1671168     |
| train/                  |             |
|    approx_kl            | 0.004462523 |
|    clip_fraction        | 0.0445      |
|    clip_range           | 0.2         |
|    entropy_loss         | -1.1        |
|    explained_variance   | 0.351       |
|    learning_rate        | 0.0003      |
|    loss                 | 0.000524    |
|    n_updates            | 1626        |
|    policy_gradient_loss | -0.00488    |
|    value_loss           | 0.0585      |
-----------------------------------------
-----------------------------------------
| battle/                 |             |
|    draw_rate            | 0           |
|    loss_rate            | 0.797       |
|    win_rate             | 0.203       |
| time/                   |             |
|    fps                  | 5187        |
|    iterations           | 273         |
|    time_elapsed         | 323         |
|    total_timesteps      | 1677312     |
| train/                  |             |
|    approx_kl            | 0.004349057 |
|    clip_fraction        | 0.0194      |
|    clip_range           | 0.2         |
|    entropy_loss         | -1.11       |
|    explained_variance   | 0.211       |
|    learning_rate        | 0.0003      |
|    loss                 | 0.0168      |
|    n_updates            | 1632        |
|    policy_gradient_loss | -0.00395    |
|    value_loss           | 0.0745      |
-----------------------------------------
-----------------------------------------
| battle/                 |             |
|    draw_rate            | 0           |
|    loss_rate            | 0.807       |
|    win_rate             | 0.193       |
| time/                   |             |
|    fps                  | 5188        |
|    iterations           | 274         |
|    time_elapsed         | 324         |
|    total_timesteps      | 1683456     |
| train/                  |             |
|    approx_kl            | 0.005778555 |
|    clip_fraction        | 0.0461      |
|    clip_range           | 0.2         |
|    entropy_loss         | -1.11       |
|    explained_variance   | 0.349       |
|    learning_rate        | 0.0003      |
|    loss                 | -0.00019    |
|    n_updates            | 1638        |
|    policy_gradient_loss | -0.00477    |
|    value_loss           | 0.0447      |
-----------------------------------------
-----------------------------------------
| battle/                 |             |
|    draw_rate            | 0           |
|    loss_rate            | 0.815       |
|    win_rate             | 0.185       |
| time/                   |             |
|    fps                  | 5189        |
|    iterations           | 275         |
|    time_elapsed         | 325         |
|    total_timesteps      | 1689600     |
| train/                  |             |
|    approx_kl            | 0.004427444 |
|    clip_fraction        | 0.07        |
|    clip_range           | 0.2         |
|    entropy_loss         | -1.08       |
|    explained_variance   | 0.42        |
|    learning_rate        | 0.0003      |
|    loss                 | 9.92e-05    |
|    n_updates            | 1644        |
|    policy_gradient_loss | -0.00421    |
|    value_loss           | 0.037       |
-----------------------------------------
-----------------------------------------
| battle/                 |             |
|    draw_rate            | 0           |
|    loss_rate            | 0.82        |
|    win_rate             | 0.18        |
| time/                   |             |
|    fps                  | 5189        |
|    iterations           | 276         |
|    time_elapsed         | 326         |
|    total_timesteps      | 1695744     |
| train/                  |             |
|    approx_kl            | 0.004843489 |
|    clip_fraction        | 0.0482      |
|    clip_range           | 0.2         |
|    entropy_loss         | -1.14       |
|    explained_variance   | 0.274       |
|    learning_rate        | 0.0003      |
|    loss                 | 0.0083      |
|    n_updates            | 1650        |
|    policy_gradient_loss | -0.0047     |
|    value_loss           | 0.0594      |
-----------------------------------------
-----------------------------------------
| battle/                 |             |
|    draw_rate            | 0           |
|    loss_rate            | 0.833       |
|    win_rate             | 0.168       |
| time/                   |             |
|    fps                  | 5190        |
|    iterations           | 277         |
|    time_elapsed         | 327         |
|    total_timesteps      | 1701888     |
| train/                  |             |
|    approx_kl            | 0.006680291 |
|    clip_fraction        | 0.0594      |
|    clip_range           | 0.2         |
|    entropy_loss         | -1.11       |
|    explained_variance   | 0.186       |
|    learning_rate        | 0.0003      |
|    loss                 | 0.0038      |
|    n_updates            | 1656        |
|    policy_gradient_loss | -0.00534    |
|    value_loss           | 0.0569      |
-----------------------------------------
------------------------------------------
| battle/                 |              |
|    draw_rate            | 0            |
|    loss_rate            | 0.85         |
|    win_rate             | 0.15         |
| time/                   |              |
|    fps                  | 5190         |
|    iterations           | 278          |
|    time_elapsed         | 329          |
|    total_timesteps      | 1708032      |
| train/                  |              |
|    approx_kl            | 0.0044871904 |
|    clip_fraction        | 0.0408       |
|    clip_range           | 0.2          |
|    entropy_loss         | -1.15        |
|    explained_variance   | 0.395        |
|    learning_rate        | 0.0003       |
|    loss                 | -0.00964     |
|    n_updates            | 1662         |
|    policy_gradient_loss | -0.00544     |
|    value_loss           | 0.0378       |
------------------------------------------
------------------------------------------
| battle/                 |              |
|    draw_rate            | 0            |
|    loss_rate            | 0.838        |
|    win_rate             | 0.163        |
| time/                   |              |
|    fps                  | 5190         |
|    iterations           | 279          |
|    time_elapsed         | 330          |
|    total_timesteps      | 1714176      |
| train/                  |              |
|    approx_kl            | 0.0044905497 |
|    clip_fraction        | 0.0333       |
|    clip_range           | 0.2          |
|    entropy_loss         | -1.16        |
|    explained_variance   | 0.434        |
|    learning_rate        | 0.0003       |
|    loss                 | -1.71e-05    |
|    n_updates            | 1668         |
|    policy_gradient_loss | -0.00335     |
|    value_loss           | 0.0359       |
------------------------------------------
-----------------------------------------
| battle/                 |             |
|    draw_rate            | 0           |
|    loss_rate            | 0.825       |
|    win_rate             | 0.175       |
| time/                   |             |
|    fps                  | 5192        |
|    iterations           | 280         |
|    time_elapsed         | 331         |
|    total_timesteps      | 1720320     |
| train/                  |             |
|    approx_kl            | 0.004588358 |
|    clip_fraction        | 0.0565      |
|    clip_range           | 0.2         |
|    entropy_loss         | -1.16       |
|    explained_variance   | 0.311       |
|    learning_rate        | 0.0003      |
|    loss                 | 0.00472     |
|    n_updates            | 1674        |
|    policy_gradient_loss | -0.00541    |
|    value_loss           | 0.0516      |
-----------------------------------------
----------------------------------------
| battle/                 |            |
|    draw_rate            | 0          |
|    loss_rate            | 0.81       |
|    win_rate             | 0.19       |
| time/                   |            |
|    fps                  | 5193       |
|    iterations           | 281        |
|    time_elapsed         | 332        |
|    total_timesteps      | 1726464    |
| train/                  |            |
|    approx_kl            | 0.00538915 |
|    clip_fraction        | 0.0399     |
|    clip_range           | 0.2        |
|    entropy_loss         | -1.07      |
|    explained_variance   | 0.19       |
|    learning_rate        | 0.0003     |
|    loss                 | 0.00803    |
|    n_updates            | 1680       |
|    policy_gradient_loss | -0.00442   |
|    value_loss           | 0.0622     |
----------------------------------------
----------------------------------------
| battle/                 |            |
|    draw_rate            | 0          |
|    loss_rate            | 0.8        |
|    win_rate             | 0.2        |
| time/                   |            |
|    fps                  | 5194       |
|    iterations           | 282        |
|    time_elapsed         | 333        |
|    total_timesteps      | 1732608    |
| train/                  |            |
|    approx_kl            | 0.00614641 |
|    clip_fraction        | 0.046      |
|    clip_range           | 0.2        |
|    entropy_loss         | -1.12      |
|    explained_variance   | 0.274      |
|    learning_rate        | 0.0003     |
|    loss                 | 0.00617    |
|    n_updates            | 1686       |
|    policy_gradient_loss | -0.00468   |
|    value_loss           | 0.0581     |
----------------------------------------
-----------------------------------------
| battle/                 |             |
|    draw_rate            | 0           |
|    loss_rate            | 0.815       |
|    win_rate             | 0.185       |
| time/                   |             |
|    fps                  | 5194        |
|    iterations           | 283         |
|    time_elapsed         | 334         |
|    total_timesteps      | 1738752     |
| train/                  |             |
|    approx_kl            | 0.004372825 |
|    clip_fraction        | 0.0442      |
|    clip_range           | 0.2         |
|    entropy_loss         | -1.16       |
|    explained_variance   | 0.221       |
|    learning_rate        | 0.0003      |
|    loss                 | 0.00667     |
|    n_updates            | 1692        |
|    policy_gradient_loss | -0.00368    |
|    value_loss           | 0.0587      |
-----------------------------------------
-----------------------------------------
| battle/                 |             |
|    draw_rate            | 0           |
|    loss_rate            | 0.797       |
|    win_rate             | 0.203       |
| time/                   |             |
|    fps                  | 5195        |
|    iterations           | 284         |
|    time_elapsed         | 335         |
|    total_timesteps      | 1744896     |
| train/                  |             |
|    approx_kl            | 0.005004877 |
|    clip_fraction        | 0.0357      |
|    clip_range           | 0.2         |
|    entropy_loss         | -1.14       |
|    explained_variance   | 0.409       |
|    learning_rate        | 0.0003      |
|    loss                 | -0.00859    |
|    n_updates            | 1698        |
|    policy_gradient_loss | -0.00402    |
|    value_loss           | 0.0337      |
-----------------------------------------
------------------------------------------
| battle/                 |              |
|    draw_rate            | 0            |
|    loss_rate            | 0.797        |
|    win_rate             | 0.203        |
| time/                   |              |
|    fps                  | 5195         |
|    iterations           | 285          |
|    time_elapsed         | 337          |
|    total_timesteps      | 1751040      |
| train/                  |              |
|    approx_kl            | 0.0071487334 |
|    clip_fraction        | 0.044        |
|    clip_range           | 0.2          |
|    entropy_loss         | -1.11        |
|    explained_variance   | 0.191        |
|    learning_rate        | 0.0003       |
|    loss                 | 0.0147       |
|    n_updates            | 1704         |
|    policy_gradient_loss | -0.00419     |
|    value_loss           | 0.0682       |
------------------------------------------
-----------------------------------------
| battle/                 |             |
|    draw_rate            | 0           |
|    loss_rate            | 0.815       |
|    win_rate             | 0.185       |
| time/                   |             |
|    fps                  | 5194        |
|    iterations           | 286         |
|    time_elapsed         | 338         |
|    total_timesteps      | 1757184     |
| train/                  |             |
|    approx_kl            | 0.005719677 |
|    clip_fraction        | 0.0447      |
|    clip_range           | 0.2         |
|    entropy_loss         | -1.25       |
|    explained_variance   | 0.37        |
|    learning_rate        | 0.0003      |
|    loss                 | 0.00463     |
|    n_updates            | 1710        |
|    policy_gradient_loss | -0.00518    |
|    value_loss           | 0.0534      |
-----------------------------------------
------------------------------------------
| battle/                 |              |
|    draw_rate            | 0            |
|    loss_rate            | 0.828        |
|    win_rate             | 0.172        |
| time/                   |              |
|    fps                  | 5195         |
|    iterations           | 287          |
|    time_elapsed         | 339          |
|    total_timesteps      | 1763328      |
| train/                  |              |
|    approx_kl            | 0.0057905675 |
|    clip_fraction        | 0.0528       |
|    clip_range           | 0.2          |
|    entropy_loss         | -1.18        |
|    explained_variance   | 0.383        |
|    learning_rate        | 0.0003       |
|    loss                 | -0.00369     |
|    n_updates            | 1716         |
|    policy_gradient_loss | -0.0053      |
|    value_loss           | 0.045        |
------------------------------------------
------------------------------------------
| battle/                 |              |
|    draw_rate            | 0            |
|    loss_rate            | 0.848        |
|    win_rate             | 0.152        |
| time/                   |              |
|    fps                  | 5194         |
|    iterations           | 288          |
|    time_elapsed         | 340          |
|    total_timesteps      | 1769472      |
| train/                  |              |
|    approx_kl            | 0.0062193274 |
|    clip_fraction        | 0.061        |
|    clip_range           | 0.2          |
|    entropy_loss         | -1.1         |
|    explained_variance   | 0.351        |
|    learning_rate        | 0.0003       |
|    loss                 | 0.00543      |
|    n_updates            | 1722         |
|    policy_gradient_loss | -0.00485     |
|    value_loss           | 0.0444       |
------------------------------------------
------------------------------------------
| battle/                 |              |
|    draw_rate            | 0            |
|    loss_rate            | 0.828        |
|    win_rate             | 0.172        |
| time/                   |              |
|    fps                  | 5194         |
|    iterations           | 289          |
|    time_elapsed         | 341          |
|    total_timesteps      | 1775616      |
| train/                  |              |
|    approx_kl            | 0.0059242845 |
|    clip_fraction        | 0.0771       |
|    clip_range           | 0.2          |
|    entropy_loss         | -1.19        |
|    explained_variance   | 0.372        |
|    learning_rate        | 0.0003       |
|    loss                 | -0.00136     |
|    n_updates            | 1728         |
|    policy_gradient_loss | -0.00487     |
|    value_loss           | 0.0474       |
------------------------------------------
------------------------------------------
| battle/                 |              |
|    draw_rate            | 0            |
|    loss_rate            | 0.818        |
|    win_rate             | 0.182        |
| time/                   |              |
|    fps                  | 5194         |
|    iterations           | 290          |
|    time_elapsed         | 343          |
|    total_timesteps      | 1781760      |
| train/                  |              |
|    approx_kl            | 0.0050036707 |
|    clip_fraction        | 0.0382       |
|    clip_range           | 0.2          |
|    entropy_loss         | -1.2         |
|    explained_variance   | 0.351        |
|    learning_rate        | 0.0003       |
|    loss                 | 0.00843      |
|    n_updates            | 1734         |
|    policy_gradient_loss | -0.00462     |
|    value_loss           | 0.0568       |
------------------------------------------
-----------------------------------------
| battle/                 |             |
|    draw_rate            | 0           |
|    loss_rate            | 0.807       |
|    win_rate             | 0.193       |
| time/                   |             |
|    fps                  | 5194        |
|    iterations           | 291         |
|    time_elapsed         | 344         |
|    total_timesteps      | 1787904     |
| train/                  |             |
|    approx_kl            | 0.008077376 |
|    clip_fraction        | 0.0495      |
|    clip_range           | 0.2         |
|    entropy_loss         | -1.24       |
|    explained_variance   | 0.252       |
|    learning_rate        | 0.0003      |
|    loss                 | 0.00923     |
|    n_updates            | 1740        |
|    policy_gradient_loss | -0.00629    |
|    value_loss           | 0.0731      |
-----------------------------------------
------------------------------------------
| battle/                 |              |
|    draw_rate            | 0            |
|    loss_rate            | 0.797        |
|    win_rate             | 0.203        |
| time/                   |              |
|    fps                  | 5195         |
|    iterations           | 292          |
|    time_elapsed         | 345          |
|    total_timesteps      | 1794048      |
| train/                  |              |
|    approx_kl            | 0.0056461035 |
|    clip_fraction        | 0.0424       |
|    clip_range           | 0.2          |
|    entropy_loss         | -1.2         |
|    explained_variance   | 0.261        |
|    learning_rate        | 0.0003       |
|    loss                 | 0.00826      |
|    n_updates            | 1746         |
|    policy_gradient_loss | -0.00629     |
|    value_loss           | 0.0623       |
------------------------------------------
----------------------------------------
| battle/                 |            |
|    draw_rate            | 0          |
|    loss_rate            | 0.802      |
|    win_rate             | 0.198      |
| time/                   |            |
|    fps                  | 5194       |
|    iterations           | 293        |
|    time_elapsed         | 346        |
|    total_timesteps      | 1800192    |
| train/                  |            |
|    approx_kl            | 0.00492261 |
|    clip_fraction        | 0.0451     |
|    clip_range           | 0.2        |
|    entropy_loss         | -1.11      |
|    explained_variance   | 0.317      |
|    learning_rate        | 0.0003     |
|    loss                 | -0.000688  |
|    n_updates            | 1752       |
|    policy_gradient_loss | -0.00552   |
|    value_loss           | 0.0526     |
----------------------------------------
-----------------------------------------
| battle/                 |             |
|    draw_rate            | 0           |
|    loss_rate            | 0.797       |
|    win_rate             | 0.203       |
| time/                   |             |
|    fps                  | 5193        |
|    iterations           | 294         |
|    time_elapsed         | 347         |
|    total_timesteps      | 1806336     |
| train/                  |             |
|    approx_kl            | 0.004868372 |
|    clip_fraction        | 0.0372      |
|    clip_range           | 0.2         |
|    entropy_loss         | -1.16       |
|    explained_variance   | 0.453       |
|    learning_rate        | 0.0003      |
|    loss                 | -0.00565    |
|    n_updates            | 1758        |
|    policy_gradient_loss | -0.0059     |
|    value_loss           | 0.0417      |
-----------------------------------------
-----------------------------------------
| battle/                 |             |
|    draw_rate            | 0           |
|    loss_rate            | 0.795       |
|    win_rate             | 0.205       |
| time/                   |             |
|    fps                  | 5193        |
|    iterations           | 295         |
|    time_elapsed         | 348         |
|    total_timesteps      | 1812480     |
| train/                  |             |
|    approx_kl            | 0.003916347 |
|    clip_fraction        | 0.0436      |
|    clip_range           | 0.2         |
|    entropy_loss         | -1.1        |
|    explained_variance   | 0.273       |
|    learning_rate        | 0.0003      |
|    loss                 | 0.0104      |
|    n_updates            | 1764        |
|    policy_gradient_loss | -0.00489    |
|    value_loss           | 0.058       |
-----------------------------------------
------------------------------------------
| battle/                 |              |
|    draw_rate            | 0            |
|    loss_rate            | 0.797        |
|    win_rate             | 0.203        |
| time/                   |              |
|    fps                  | 5194         |
|    iterations           | 296          |
|    time_elapsed         | 350          |
|    total_timesteps      | 1818624      |
| train/                  |              |
|    approx_kl            | 0.0071160854 |
|    clip_fraction        | 0.068        |
|    clip_range           | 0.2          |
|    entropy_loss         | -1.24        |
|    explained_variance   | 0.412        |
|    learning_rate        | 0.0003       |
|    loss                 | 0.00201      |
|    n_updates            | 1770         |
|    policy_gradient_loss | -0.00536     |
|    value_loss           | 0.0531       |
------------------------------------------
------------------------------------------
| battle/                 |              |
|    draw_rate            | 0            |
|    loss_rate            | 0.787        |
|    win_rate             | 0.212        |
| time/                   |              |
|    fps                  | 5193         |
|    iterations           | 297          |
|    time_elapsed         | 351          |
|    total_timesteps      | 1824768      |
| train/                  |              |
|    approx_kl            | 0.0057640783 |
|    clip_fraction        | 0.0282       |
|    clip_range           | 0.2          |
|    entropy_loss         | -1.04        |
|    explained_variance   | 0.327        |
|    learning_rate        | 0.0003       |
|    loss                 | 0.0115       |
|    n_updates            | 1776         |
|    policy_gradient_loss | -0.00452     |
|    value_loss           | 0.0651       |
------------------------------------------
------------------------------------------
| battle/                 |              |
|    draw_rate            | 0            |
|    loss_rate            | 0.805        |
|    win_rate             | 0.195        |
| time/                   |              |
|    fps                  | 5193         |
|    iterations           | 298          |
|    time_elapsed         | 352          |
|    total_timesteps      | 1830912      |
| train/                  |              |
|    approx_kl            | 0.0043610116 |
|    clip_fraction        | 0.029        |
|    clip_range           | 0.2          |
|    entropy_loss         | -1.05        |
|    explained_variance   | 0.315        |
|    learning_rate        | 0.0003       |
|    loss                 | 0.0095       |
|    n_updates            | 1782         |
|    policy_gradient_loss | -0.00408     |
|    value_loss           | 0.0566       |
------------------------------------------
------------------------------------------
| battle/                 |              |
|    draw_rate            | 0            |
|    loss_rate            | 0.78         |
|    win_rate             | 0.22         |
| time/                   |              |
|    fps                  | 5193         |
|    iterations           | 299          |
|    time_elapsed         | 353          |
|    total_timesteps      | 1837056      |
| train/                  |              |
|    approx_kl            | 0.0056695924 |
|    clip_fraction        | 0.0291       |
|    clip_range           | 0.2          |
|    entropy_loss         | -1.17        |
|    explained_variance   | 0.291        |
|    learning_rate        | 0.0003       |
|    loss                 | 0.00117      |
|    n_updates            | 1788         |
|    policy_gradient_loss | -0.00434     |
|    value_loss           | 0.0515       |
------------------------------------------
------------------------------------------
| battle/                 |              |
|    draw_rate            | 0            |
|    loss_rate            | 0.767        |
|    win_rate             | 0.233        |
| time/                   |              |
|    fps                  | 5195         |
|    iterations           | 300          |
|    time_elapsed         | 354          |
|    total_timesteps      | 1843200      |
| train/                  |              |
|    approx_kl            | 0.0049606175 |
|    clip_fraction        | 0.0347       |
|    clip_range           | 0.2          |
|    entropy_loss         | -1.11        |
|    explained_variance   | 0.222        |
|    learning_rate        | 0.0003       |
|    loss                 | 0.0145       |
|    n_updates            | 1794         |
|    policy_gradient_loss | -0.00452     |
|    value_loss           | 0.0713       |
------------------------------------------
------------------------------------------
| battle/                 |              |
|    draw_rate            | 0            |
|    loss_rate            | 0.777        |
|    win_rate             | 0.223        |
| time/                   |              |
|    fps                  | 5196         |
|    iterations           | 301          |
|    time_elapsed         | 355          |
|    total_timesteps      | 1849344      |
| train/                  |              |
|    approx_kl            | 0.0069931224 |
|    clip_fraction        | 0.0647       |
|    clip_range           | 0.2          |
|    entropy_loss         | -1.11        |
|    explained_variance   | 0.219        |
|    learning_rate        | 0.0003       |
|    loss                 | 0.00514      |
|    n_updates            | 1800         |
|    policy_gradient_loss | -0.00628     |
|    value_loss           | 0.0572       |
------------------------------------------
-----------------------------------------
| battle/                 |             |
|    draw_rate            | 0           |
|    loss_rate            | 0.777       |
|    win_rate             | 0.223       |
| time/                   |             |
|    fps                  | 5197        |
|    iterations           | 302         |
|    time_elapsed         | 357         |
|    total_timesteps      | 1855488     |
| train/                  |             |
|    approx_kl            | 0.005062233 |
|    clip_fraction        | 0.0371      |
|    clip_range           | 0.2         |
|    entropy_loss         | -1.17       |
|    explained_variance   | 0.346       |
|    learning_rate        | 0.0003      |
|    loss                 | 0.00186     |
|    n_updates            | 1806        |
|    policy_gradient_loss | -0.00529    |
|    value_loss           | 0.0517      |
-----------------------------------------
------------------------------------------
| battle/                 |              |
|    draw_rate            | 0            |
|    loss_rate            | 0.797        |
|    win_rate             | 0.203        |
| time/                   |              |
|    fps                  | 5198         |
|    iterations           | 303          |
|    time_elapsed         | 358          |
|    total_timesteps      | 1861632      |
| train/                  |              |
|    approx_kl            | 0.0046825595 |
|    clip_fraction        | 0.0324       |
|    clip_range           | 0.2          |
|    entropy_loss         | -1.05        |
|    explained_variance   | 0.262        |
|    learning_rate        | 0.0003       |
|    loss                 | 0.0124       |
|    n_updates            | 1812         |
|    policy_gradient_loss | -0.00435     |
|    value_loss           | 0.0653       |
------------------------------------------
------------------------------------------
| battle/                 |              |
|    draw_rate            | 0            |
|    loss_rate            | 0.79         |
|    win_rate             | 0.21         |
| time/                   |              |
|    fps                  | 5199         |
|    iterations           | 304          |
|    time_elapsed         | 359          |
|    total_timesteps      | 1867776      |
| train/                  |              |
|    approx_kl            | 0.0067034834 |
|    clip_fraction        | 0.0487       |
|    clip_range           | 0.2          |
|    entropy_loss         | -1.14        |
|    explained_variance   | 0.477        |
|    learning_rate        | 0.0003       |
|    loss                 | -0.00822     |
|    n_updates            | 1818         |
|    policy_gradient_loss | -0.00599     |
|    value_loss           | 0.0319       |
------------------------------------------
-----------------------------------------
| battle/                 |             |
|    draw_rate            | 0           |
|    loss_rate            | 0.795       |
|    win_rate             | 0.205       |
| time/                   |             |
|    fps                  | 5200        |
|    iterations           | 305         |
|    time_elapsed         | 360         |
|    total_timesteps      | 1873920     |
| train/                  |             |
|    approx_kl            | 0.005956803 |
|    clip_fraction        | 0.0334      |
|    clip_range           | 0.2         |
|    entropy_loss         | -1.13       |
|    explained_variance   | 0.27        |
|    learning_rate        | 0.0003      |
|    loss                 | 0.00908     |
|    n_updates            | 1824        |
|    policy_gradient_loss | -0.00446    |
|    value_loss           | 0.0657      |
-----------------------------------------
-----------------------------------------
| battle/                 |             |
|    draw_rate            | 0           |
|    loss_rate            | 0.795       |
|    win_rate             | 0.205       |
| time/                   |             |
|    fps                  | 5201        |
|    iterations           | 306         |
|    time_elapsed         | 361         |
|    total_timesteps      | 1880064     |
| train/                  |             |
|    approx_kl            | 0.004163791 |
|    clip_fraction        | 0.0319      |
|    clip_range           | 0.2         |
|    entropy_loss         | -1.1        |
|    explained_variance   | 0.328       |
|    learning_rate        | 0.0003      |
|    loss                 | -0.00164    |
|    n_updates            | 1830        |
|    policy_gradient_loss | -0.00336    |
|    value_loss           | 0.0474      |
-----------------------------------------
-----------------------------------------
| battle/                 |             |
|    draw_rate            | 0           |
|    loss_rate            | 0.815       |
|    win_rate             | 0.185       |
| time/                   |             |
|    fps                  | 5201        |
|    iterations           | 307         |
|    time_elapsed         | 362         |
|    total_timesteps      | 1886208     |
| train/                  |             |
|    approx_kl            | 0.007903273 |
|    clip_fraction        | 0.071       |
|    clip_range           | 0.2         |
|    entropy_loss         | -1.15       |
|    explained_variance   | 0.345       |
|    learning_rate        | 0.0003      |
|    loss                 | 0.00141     |
|    n_updates            | 1836        |
|    policy_gradient_loss | -0.00525    |
|    value_loss           | 0.0546      |
-----------------------------------------
-----------------------------------------
| battle/                 |             |
|    draw_rate            | 0           |
|    loss_rate            | 0.812       |
|    win_rate             | 0.188       |
| time/                   |             |
|    fps                  | 5202        |
|    iterations           | 308         |
|    time_elapsed         | 363         |
|    total_timesteps      | 1892352     |
| train/                  |             |
|    approx_kl            | 0.005884567 |
|    clip_fraction        | 0.038       |
|    clip_range           | 0.2         |
|    entropy_loss         | -1.05       |
|    explained_variance   | 0.511       |
|    learning_rate        | 0.0003      |
|    loss                 | -0.00755    |
|    n_updates            | 1842        |
|    policy_gradient_loss | -0.00471    |
|    value_loss           | 0.0271      |
-----------------------------------------
-----------------------------------------
| battle/                 |             |
|    draw_rate            | 0           |
|    loss_rate            | 0.812       |
|    win_rate             | 0.188       |
| time/                   |             |
|    fps                  | 5202        |
|    iterations           | 309         |
|    time_elapsed         | 364         |
|    total_timesteps      | 1898496     |
| train/                  |             |
|    approx_kl            | 0.005422979 |
|    clip_fraction        | 0.0332      |
|    clip_range           | 0.2         |
|    entropy_loss         | -1.18       |
|    explained_variance   | 0.304       |
|    learning_rate        | 0.0003      |
|    loss                 | 0.0104      |
|    n_updates            | 1848        |
|    policy_gradient_loss | -0.00441    |
|    value_loss           | 0.0664      |
-----------------------------------------
------------------------------------------
| battle/                 |              |
|    draw_rate            | 0            |
|    loss_rate            | 0.81         |
|    win_rate             | 0.19         |
| time/                   |              |
|    fps                  | 5203         |
|    iterations           | 310          |
|    time_elapsed         | 365          |
|    total_timesteps      | 1904640      |
| train/                  |              |
|    approx_kl            | 0.0055185803 |
|    clip_fraction        | 0.055        |
|    clip_range           | 0.2          |
|    entropy_loss         | -1.1         |
|    explained_variance   | 0.366        |
|    learning_rate        | 0.0003       |
|    loss                 | 0.00171      |
|    n_updates            | 1854         |
|    policy_gradient_loss | -0.00492     |
|    value_loss           | 0.0483       |
------------------------------------------
-----------------------------------------
| battle/                 |             |
|    draw_rate            | 0           |
|    loss_rate            | 0.807       |
|    win_rate             | 0.193       |
| time/                   |             |
|    fps                  | 5204        |
|    iterations           | 311         |
|    time_elapsed         | 367         |
|    total_timesteps      | 1910784     |
| train/                  |             |
|    approx_kl            | 0.006188238 |
|    clip_fraction        | 0.0454      |
|    clip_range           | 0.2         |
|    entropy_loss         | -1.12       |
|    explained_variance   | 0.262       |
|    learning_rate        | 0.0003      |
|    loss                 | 0.00398     |
|    n_updates            | 1860        |
|    policy_gradient_loss | -0.00503    |
|    value_loss           | 0.0559      |
-----------------------------------------
------------------------------------------
| battle/                 |              |
|    draw_rate            | 0            |
|    loss_rate            | 0.815        |
|    win_rate             | 0.185        |
| time/                   |              |
|    fps                  | 5204         |
|    iterations           | 312          |
|    time_elapsed         | 368          |
|    total_timesteps      | 1916928      |
| train/                  |              |
|    approx_kl            | 0.0057012155 |
|    clip_fraction        | 0.0323       |
|    clip_range           | 0.2          |
|    entropy_loss         | -1.1         |
|    explained_variance   | 0.233        |
|    learning_rate        | 0.0003       |
|    loss                 | 0.00966      |
|    n_updates            | 1866         |
|    policy_gradient_loss | -0.00454     |
|    value_loss           | 0.0639       |
------------------------------------------
------------------------------------------
| battle/                 |              |
|    draw_rate            | 0            |
|    loss_rate            | 0.82         |
|    win_rate             | 0.18         |
| time/                   |              |
|    fps                  | 5203         |
|    iterations           | 313          |
|    time_elapsed         | 369          |
|    total_timesteps      | 1923072      |
| train/                  |              |
|    approx_kl            | 0.0051930905 |
|    clip_fraction        | 0.0288       |
|    clip_range           | 0.2          |
|    entropy_loss         | -1.09        |
|    explained_variance   | 0.345        |
|    learning_rate        | 0.0003       |
|    loss                 | -0.00433     |
|    n_updates            | 1872         |
|    policy_gradient_loss | -0.00479     |
|    value_loss           | 0.0398       |
------------------------------------------
------------------------------------------
| battle/                 |              |
|    draw_rate            | 0            |
|    loss_rate            | 0.795        |
|    win_rate             | 0.205        |
| time/                   |              |
|    fps                  | 5196         |
|    iterations           | 314          |
|    time_elapsed         | 371          |
|    total_timesteps      | 1929216      |
| train/                  |              |
|    approx_kl            | 0.0050060847 |
|    clip_fraction        | 0.0507       |
|    clip_range           | 0.2          |
|    entropy_loss         | -1.17        |
|    explained_variance   | 0.487        |
|    learning_rate        | 0.0003       |
|    loss                 | -0.0064      |
|    n_updates            | 1878         |
|    policy_gradient_loss | -0.00509     |
|    value_loss           | 0.0329       |
------------------------------------------
----------------------------------------
| battle/                 |            |
|    draw_rate            | 0          |
|    loss_rate            | 0.812      |
|    win_rate             | 0.188      |
| time/                   |            |
|    fps                  | 5178       |
|    iterations           | 315        |
|    time_elapsed         | 373        |
|    total_timesteps      | 1935360    |
| train/                  |            |
|    approx_kl            | 0.00657423 |
|    clip_fraction        | 0.0427     |
|    clip_range           | 0.2        |
|    entropy_loss         | -1.13      |
|    explained_variance   | 0.26       |
|    learning_rate        | 0.0003     |
|    loss                 | 0.0117     |
|    n_updates            | 1884       |
|    policy_gradient_loss | -0.00607   |
|    value_loss           | 0.0748     |
----------------------------------------
------------------------------------------
| battle/                 |              |
|    draw_rate            | 0            |
|    loss_rate            | 0.818        |
|    win_rate             | 0.182        |
| time/                   |              |
|    fps                  | 5161         |
|    iterations           | 316          |
|    time_elapsed         | 376          |
|    total_timesteps      | 1941504      |
| train/                  |              |
|    approx_kl            | 0.0061276965 |
|    clip_fraction        | 0.0588       |
|    clip_range           | 0.2          |
|    entropy_loss         | -1.22        |
|    explained_variance   | 0.398        |
|    learning_rate        | 0.0003       |
|    loss                 | 0.00283      |
|    n_updates            | 1890         |
|    policy_gradient_loss | -0.00547     |
|    value_loss           | 0.0458       |
------------------------------------------
------------------------------------------
| battle/                 |              |
|    draw_rate            | 0            |
|    loss_rate            | 0.82         |
|    win_rate             | 0.18         |
| time/                   |              |
|    fps                  | 5155         |
|    iterations           | 317          |
|    time_elapsed         | 377          |
|    total_timesteps      | 1947648      |
| train/                  |              |
|    approx_kl            | 0.0031004827 |
|    clip_fraction        | 0.0202       |
|    clip_range           | 0.2          |
|    entropy_loss         | -1.18        |
|    explained_variance   | 0.405        |
|    learning_rate        | 0.0003       |
|    loss                 | 0.00529      |
|    n_updates            | 1896         |
|    policy_gradient_loss | -0.00386     |
|    value_loss           | 0.0465       |
------------------------------------------
-----------------------------------------
| battle/                 |             |
|    draw_rate            | 0           |
|    loss_rate            | 0.812       |
|    win_rate             | 0.188       |
| time/                   |             |
|    fps                  | 5152        |
|    iterations           | 318         |
|    time_elapsed         | 379         |
|    total_timesteps      | 1953792     |
| train/                  |             |
|    approx_kl            | 0.006101543 |
|    clip_fraction        | 0.0369      |
|    clip_range           | 0.2         |
|    entropy_loss         | -1.14       |
|    explained_variance   | 0.342       |
|    learning_rate        | 0.0003      |
|    loss                 | 0.00316     |
|    n_updates            | 1902        |
|    policy_gradient_loss | -0.00417    |
|    value_loss           | 0.0608      |
-----------------------------------------
------------------------------------------
| battle/                 |              |
|    draw_rate            | 0            |
|    loss_rate            | 0.81         |
|    win_rate             | 0.19         |
| time/                   |              |
|    fps                  | 5148         |
|    iterations           | 319          |
|    time_elapsed         | 380          |
|    total_timesteps      | 1959936      |
| train/                  |              |
|    approx_kl            | 0.0063926517 |
|    clip_fraction        | 0.0316       |
|    clip_range           | 0.2          |
|    entropy_loss         | -1.12        |
|    explained_variance   | 0.36         |
|    learning_rate        | 0.0003       |
|    loss                 | 0.00717      |
|    n_updates            | 1908         |
|    policy_gradient_loss | -0.00511     |
|    value_loss           | 0.0493       |
------------------------------------------
-----------------------------------------
| battle/                 |             |
|    draw_rate            | 0           |
|    loss_rate            | 0.81        |
|    win_rate             | 0.19        |
| time/                   |             |
|    fps                  | 5143        |
|    iterations           | 320         |
|    time_elapsed         | 382         |
|    total_timesteps      | 1966080     |
| train/                  |             |
|    approx_kl            | 0.005694318 |
|    clip_fraction        | 0.0572      |
|    clip_range           | 0.2         |
|    entropy_loss         | -1.14       |
|    explained_variance   | 0.308       |
|    learning_rate        | 0.0003      |
|    loss                 | -0.00104    |
|    n_updates            | 1914        |
|    policy_gradient_loss | -0.00634    |
|    value_loss           | 0.0501      |
-----------------------------------------
-----------------------------------------
| battle/                 |             |
|    draw_rate            | 0           |
|    loss_rate            | 0.815       |
|    win_rate             | 0.185       |
| time/                   |             |
|    fps                  | 5137        |
|    iterations           | 321         |
|    time_elapsed         | 383         |
|    total_timesteps      | 1972224     |
| train/                  |             |
|    approx_kl            | 0.006824209 |
|    clip_fraction        | 0.0408      |
|    clip_range           | 0.2         |
|    entropy_loss         | -1.1        |
|    explained_variance   | 0.312       |
|    learning_rate        | 0.0003      |
|    loss                 | 0.00522     |
|    n_updates            | 1920        |
|    policy_gradient_loss | -0.00595    |
|    value_loss           | 0.0561      |
-----------------------------------------
------------------------------------------
| battle/                 |              |
|    draw_rate            | 0            |
|    loss_rate            | 0.802        |
|    win_rate             | 0.198        |
| time/                   |              |
|    fps                  | 5133         |
|    iterations           | 322          |
|    time_elapsed         | 385          |
|    total_timesteps      | 1978368      |
| train/                  |              |
|    approx_kl            | 0.0060826614 |
|    clip_fraction        | 0.0434       |
|    clip_range           | 0.2          |
|    entropy_loss         | -1.16        |
|    explained_variance   | 0.306        |
|    learning_rate        | 0.0003       |
|    loss                 | 0.0047       |
|    n_updates            | 1926         |
|    policy_gradient_loss | -0.00491     |
|    value_loss           | 0.0502       |
------------------------------------------
-----------------------------------------
| battle/                 |             |
|    draw_rate            | 0           |
|    loss_rate            | 0.81        |
|    win_rate             | 0.19        |
| time/                   |             |
|    fps                  | 5129        |
|    iterations           | 323         |
|    time_elapsed         | 386         |
|    total_timesteps      | 1984512     |
| train/                  |             |
|    approx_kl            | 0.006986395 |
|    clip_fraction        | 0.0602      |
|    clip_range           | 0.2         |
|    entropy_loss         | -1.07       |
|    explained_variance   | 0.377       |
|    learning_rate        | 0.0003      |
|    loss                 | 0.0078      |
|    n_updates            | 1932        |
|    policy_gradient_loss | -0.00584    |
|    value_loss           | 0.0588      |
-----------------------------------------
------------------------------------------
| battle/                 |              |
|    draw_rate            | 0            |
|    loss_rate            | 0.8          |
|    win_rate             | 0.2          |
| time/                   |              |
|    fps                  | 5129         |
|    iterations           | 324          |
|    time_elapsed         | 388          |
|    total_timesteps      | 1990656      |
| train/                  |              |
|    approx_kl            | 0.0062472313 |
|    clip_fraction        | 0.0597       |
|    clip_range           | 0.2          |
|    entropy_loss         | -1.14        |
|    explained_variance   | 0.4          |
|    learning_rate        | 0.0003       |
|    loss                 | 2.84e-05     |
|    n_updates            | 1938         |
|    policy_gradient_loss | -0.0054      |
|    value_loss           | 0.0477       |
------------------------------------------
------------------------------------------
| battle/                 |              |
|    draw_rate            | 0            |
|    loss_rate            | 0.792        |
|    win_rate             | 0.207        |
| time/                   |              |
|    fps                  | 5129         |
|    iterations           | 325          |
|    time_elapsed         | 389          |
|    total_timesteps      | 1996800      |
| train/                  |              |
|    approx_kl            | 0.0057027205 |
|    clip_fraction        | 0.0266       |
|    clip_range           | 0.2          |
|    entropy_loss         | -1.04        |
|    explained_variance   | 0.21         |
|    learning_rate        | 0.0003       |
|    loss                 | 0.0185       |
|    n_updates            | 1944         |
|    policy_gradient_loss | -0.00418     |
|    value_loss           | 0.0788       |
------------------------------------------

[eval @ 2,002,944 steps] 确定性评估胜率: 15.0%
-----------------------------------------
| battle/                 |             |
|    draw_rate            | 0           |
|    eval_win_rate        | 0.15        |
|    loss_rate            | 0.81        |
|    win_rate             | 0.19        |
| time/                   |             |
|    fps                  | 5082        |
|    iterations           | 326         |
|    time_elapsed         | 394         |
|    total_timesteps      | 2002944     |
| train/                  |             |
|    approx_kl            | 0.004897541 |
|    clip_fraction        | 0.0575      |
|    clip_range           | 0.2         |
|    entropy_loss         | -1.08       |
|    explained_variance   | 0.319       |
|    learning_rate        | 0.0003      |
|    loss                 | 0.00558     |
|    n_updates            | 1950        |
|    policy_gradient_loss | -0.00479    |
|    value_loss           | 0.0492      |
-----------------------------------------
------------------------------------------
| battle/                 |              |
|    draw_rate            | 0            |
|    loss_rate            | 0.805        |
|    win_rate             | 0.195        |
| time/                   |              |
|    fps                  | 5072         |
|    iterations           | 327          |
|    time_elapsed         | 396          |
|    total_timesteps      | 2009088      |
| train/                  |              |
|    approx_kl            | 0.0053834524 |
|    clip_fraction        | 0.0419       |
|    clip_range           | 0.2          |
|    entropy_loss         | -1.1         |
|    explained_variance   | 0.322        |
|    learning_rate        | 0.0003       |
|    loss                 | -0.00147     |
|    n_updates            | 1956         |
|    policy_gradient_loss | -0.00419     |
|    value_loss           | 0.0416       |
------------------------------------------
----------------------------------------
| battle/                 |            |
|    draw_rate            | 0          |
|    loss_rate            | 0.81       |
|    win_rate             | 0.19       |
| time/                   |            |
|    fps                  | 5069       |
|    iterations           | 328        |
|    time_elapsed         | 397        |
|    total_timesteps      | 2015232    |
| train/                  |            |
|    approx_kl            | 0.00646889 |
|    clip_fraction        | 0.0616     |
|    clip_range           | 0.2        |
|    entropy_loss         | -1.07      |
|    explained_variance   | 0.306      |
|    learning_rate        | 0.0003     |
|    loss                 | 0.00844    |
|    n_updates            | 1962       |
|    policy_gradient_loss | -0.00532   |
|    value_loss           | 0.0639     |
----------------------------------------
------------------------------------------
| battle/                 |              |
|    draw_rate            | 0            |
|    loss_rate            | 0.802        |
|    win_rate             | 0.198        |
| time/                   |              |
|    fps                  | 5067         |
|    iterations           | 329          |
|    time_elapsed         | 398          |
|    total_timesteps      | 2021376      |
| train/                  |              |
|    approx_kl            | 0.0044178762 |
|    clip_fraction        | 0.0356       |
|    clip_range           | 0.2          |
|    entropy_loss         | -1.11        |
|    explained_variance   | 0.4          |
|    learning_rate        | 0.0003       |
|    loss                 | 0.00141      |
|    n_updates            | 1968         |
|    policy_gradient_loss | -0.00506     |
|    value_loss           | 0.0468       |
------------------------------------------
------------------------------------------
| battle/                 |              |
|    draw_rate            | 0            |
|    loss_rate            | 0.81         |
|    win_rate             | 0.19         |
| time/                   |              |
|    fps                  | 5067         |
|    iterations           | 330          |
|    time_elapsed         | 400          |
|    total_timesteps      | 2027520      |
| train/                  |              |
|    approx_kl            | 0.0068805665 |
|    clip_fraction        | 0.0495       |
|    clip_range           | 0.2          |
|    entropy_loss         | -1.13        |
|    explained_variance   | 0.366        |
|    learning_rate        | 0.0003       |
|    loss                 | 0.00172      |
|    n_updates            | 1974         |
|    policy_gradient_loss | -0.00537     |
|    value_loss           | 0.0482       |
------------------------------------------
-----------------------------------------
| battle/                 |             |
|    draw_rate            | 0           |
|    loss_rate            | 0.807       |
|    win_rate             | 0.193       |
| time/                   |             |
|    fps                  | 5064        |
|    iterations           | 331         |
|    time_elapsed         | 401         |
|    total_timesteps      | 2033664     |
| train/                  |             |
|    approx_kl            | 0.007881529 |
|    clip_fraction        | 0.0477      |
|    clip_range           | 0.2         |
|    entropy_loss         | -1.08       |
|    explained_variance   | 0.264       |
|    learning_rate        | 0.0003      |
|    loss                 | 0.00528     |
|    n_updates            | 1980        |
|    policy_gradient_loss | -0.00607    |
|    value_loss           | 0.0606      |
-----------------------------------------
-----------------------------------------
| battle/                 |             |
|    draw_rate            | 0           |
|    loss_rate            | 0.805       |
|    win_rate             | 0.195       |
| time/                   |             |
|    fps                  | 5062        |
|    iterations           | 332         |
|    time_elapsed         | 402         |
|    total_timesteps      | 2039808     |
| train/                  |             |
|    approx_kl            | 0.008328995 |
|    clip_fraction        | 0.0792      |
|    clip_range           | 0.2         |
|    entropy_loss         | -1.09       |
|    explained_variance   | 0.282       |
|    learning_rate        | 0.0003      |
|    loss                 | 0.00922     |
|    n_updates            | 1986        |
|    policy_gradient_loss | -0.00626    |
|    value_loss           | 0.067       |
-----------------------------------------
------------------------------------------
| battle/                 |              |
|    draw_rate            | 0            |
|    loss_rate            | 0.818        |
|    win_rate             | 0.182        |
| time/                   |              |
|    fps                  | 5062         |
|    iterations           | 333          |
|    time_elapsed         | 404          |
|    total_timesteps      | 2045952      |
| train/                  |              |
|    approx_kl            | 0.0061820024 |
|    clip_fraction        | 0.0421       |
|    clip_range           | 0.2          |
|    entropy_loss         | -1.09        |
|    explained_variance   | 0.3          |
|    learning_rate        | 0.0003       |
|    loss                 | 0.00155      |
|    n_updates            | 1992         |
|    policy_gradient_loss | -0.00546     |
|    value_loss           | 0.052        |
------------------------------------------
------------------------------------------
| battle/                 |              |
|    draw_rate            | 0            |
|    loss_rate            | 0.802        |
|    win_rate             | 0.198        |
| time/                   |              |
|    fps                  | 5061         |
|    iterations           | 334          |
|    time_elapsed         | 405          |
|    total_timesteps      | 2052096      |
| train/                  |              |
|    approx_kl            | 0.0044897883 |
|    clip_fraction        | 0.0687       |
|    clip_range           | 0.2          |
|    entropy_loss         | -1.12        |
|    explained_variance   | 0.435        |
|    learning_rate        | 0.0003       |
|    loss                 | 0.00131      |
|    n_updates            | 1998         |
|    policy_gradient_loss | -0.00482     |
|    value_loss           | 0.0399       |
------------------------------------------
------------------------------------------
| battle/                 |              |
|    draw_rate            | 0            |
|    loss_rate            | 0.792        |
|    win_rate             | 0.207        |
| time/                   |              |
|    fps                  | 5061         |
|    iterations           | 335          |
|    time_elapsed         | 406          |
|    total_timesteps      | 2058240      |
| train/                  |              |
|    approx_kl            | 0.0049243243 |
|    clip_fraction        | 0.033        |
|    clip_range           | 0.2          |
|    entropy_loss         | -1.13        |
|    explained_variance   | 0.222        |
|    learning_rate        | 0.0003       |
|    loss                 | 0.0163       |
|    n_updates            | 2004         |
|    policy_gradient_loss | -0.00473     |
|    value_loss           | 0.0763       |
------------------------------------------
-----------------------------------------
| battle/                 |             |
|    draw_rate            | 0           |
|    loss_rate            | 0.795       |
|    win_rate             | 0.205       |
| time/                   |             |
|    fps                  | 5059        |
|    iterations           | 336         |
|    time_elapsed         | 407         |
|    total_timesteps      | 2064384     |
| train/                  |             |
|    approx_kl            | 0.004745929 |
|    clip_fraction        | 0.0257      |
|    clip_range           | 0.2         |
|    entropy_loss         | -1.16       |
|    explained_variance   | 0.216       |
|    learning_rate        | 0.0003      |
|    loss                 | 0.00119     |
|    n_updates            | 2010        |
|    policy_gradient_loss | -0.00421    |
|    value_loss           | 0.0503      |
-----------------------------------------
-----------------------------------------
| battle/                 |             |
|    draw_rate            | 0           |
|    loss_rate            | 0.78        |
|    win_rate             | 0.22        |
| time/                   |             |
|    fps                  | 5059        |
|    iterations           | 337         |
|    time_elapsed         | 409         |
|    total_timesteps      | 2070528     |
| train/                  |             |
|    approx_kl            | 0.005734861 |
|    clip_fraction        | 0.0366      |
|    clip_range           | 0.2         |
|    entropy_loss         | -1.13       |
|    explained_variance   | 0.311       |
|    learning_rate        | 0.0003      |
|    loss                 | 0.00789     |
|    n_updates            | 2016        |
|    policy_gradient_loss | -0.00492    |
|    value_loss           | 0.0537      |
-----------------------------------------
------------------------------------------
| battle/                 |              |
|    draw_rate            | 0            |
|    loss_rate            | 0.777        |
|    win_rate             | 0.223        |
| time/                   |              |
|    fps                  | 5059         |
|    iterations           | 338          |
|    time_elapsed         | 410          |
|    total_timesteps      | 2076672      |
| train/                  |              |
|    approx_kl            | 0.0051449286 |
|    clip_fraction        | 0.0299       |
|    clip_range           | 0.2          |
|    entropy_loss         | -1.16        |
|    explained_variance   | 0.241        |
|    learning_rate        | 0.0003       |
|    loss                 | 0.0154       |
|    n_updates            | 2022         |
|    policy_gradient_loss | -0.00438     |
|    value_loss           | 0.0768       |
------------------------------------------
------------------------------------------
| battle/                 |              |
|    draw_rate            | 0            |
|    loss_rate            | 0.77         |
|    win_rate             | 0.23         |
| time/                   |              |
|    fps                  | 5058         |
|    iterations           | 339          |
|    time_elapsed         | 411          |
|    total_timesteps      | 2082816      |
| train/                  |              |
|    approx_kl            | 0.0067149117 |
|    clip_fraction        | 0.0461       |
|    clip_range           | 0.2          |
|    entropy_loss         | -1.14        |
|    explained_variance   | 0.298        |
|    learning_rate        | 0.0003       |
|    loss                 | 0.00776      |
|    n_updates            | 2028         |
|    policy_gradient_loss | -0.00554     |
|    value_loss           | 0.0579       |
------------------------------------------
-----------------------------------------
| battle/                 |             |
|    draw_rate            | 0           |
|    loss_rate            | 0.772       |
|    win_rate             | 0.228       |
| time/                   |             |
|    fps                  | 5058        |
|    iterations           | 340         |
|    time_elapsed         | 412         |
|    total_timesteps      | 2088960     |
| train/                  |             |
|    approx_kl            | 0.005999386 |
|    clip_fraction        | 0.069       |
|    clip_range           | 0.2         |
|    entropy_loss         | -1.1        |
|    explained_variance   | 0.29        |
|    learning_rate        | 0.0003      |
|    loss                 | 0.00777     |
|    n_updates            | 2034        |
|    policy_gradient_loss | -0.0058     |
|    value_loss           | 0.062       |
-----------------------------------------
-----------------------------------------
| battle/                 |             |
|    draw_rate            | 0           |
|    loss_rate            | 0.782       |
|    win_rate             | 0.217       |
| time/                   |             |
|    fps                  | 5058        |
|    iterations           | 341         |
|    time_elapsed         | 414         |
|    total_timesteps      | 2095104     |
| train/                  |             |
|    approx_kl            | 0.004181374 |
|    clip_fraction        | 0.0318      |
|    clip_range           | 0.2         |
|    entropy_loss         | -1.12       |
|    explained_variance   | 0.387       |
|    learning_rate        | 0.0003      |
|    loss                 | 0.00243     |
|    n_updates            | 2040        |
|    policy_gradient_loss | -0.00446    |
|    value_loss           | 0.0458      |
-----------------------------------------
-----------------------------------------
| battle/                 |             |
|    draw_rate            | 0           |
|    loss_rate            | 0.785       |
|    win_rate             | 0.215       |
| time/                   |             |
|    fps                  | 5056        |
|    iterations           | 342         |
|    time_elapsed         | 415         |
|    total_timesteps      | 2101248     |
| train/                  |             |
|    approx_kl            | 0.003079863 |
|    clip_fraction        | 0.0305      |
|    clip_range           | 0.2         |
|    entropy_loss         | -1.12       |
|    explained_variance   | 0.23        |
|    learning_rate        | 0.0003      |
|    loss                 | 0.0089      |
|    n_updates            | 2046        |
|    policy_gradient_loss | -0.0039     |
|    value_loss           | 0.0641      |
-----------------------------------------
-----------------------------------------
| battle/                 |             |
|    draw_rate            | 0           |
|    loss_rate            | 0.802       |
|    win_rate             | 0.198       |
| time/                   |             |
|    fps                  | 5054        |
|    iterations           | 343         |
|    time_elapsed         | 416         |
|    total_timesteps      | 2107392     |
| train/                  |             |
|    approx_kl            | 0.004731692 |
|    clip_fraction        | 0.031       |
|    clip_range           | 0.2         |
|    entropy_loss         | -1.08       |
|    explained_variance   | 0.336       |
|    learning_rate        | 0.0003      |
|    loss                 | 0.00207     |
|    n_updates            | 2052        |
|    policy_gradient_loss | -0.00412    |
|    value_loss           | 0.051       |
-----------------------------------------
-----------------------------------------
| battle/                 |             |
|    draw_rate            | 0           |
|    loss_rate            | 0.802       |
|    win_rate             | 0.198       |
| time/                   |             |
|    fps                  | 5053        |
|    iterations           | 344         |
|    time_elapsed         | 418         |
|    total_timesteps      | 2113536     |
| train/                  |             |
|    approx_kl            | 0.004649792 |
|    clip_fraction        | 0.0491      |
|    clip_range           | 0.2         |
|    entropy_loss         | -1.09       |
|    explained_variance   | 0.317       |
|    learning_rate        | 0.0003      |
|    loss                 | 0.00222     |
|    n_updates            | 2058        |
|    policy_gradient_loss | -0.00442    |
|    value_loss           | 0.0531      |
-----------------------------------------
-----------------------------------------
| battle/                 |             |
|    draw_rate            | 0           |
|    loss_rate            | 0.8         |
|    win_rate             | 0.2         |
| time/                   |             |
|    fps                  | 5053        |
|    iterations           | 345         |
|    time_elapsed         | 419         |
|    total_timesteps      | 2119680     |
| train/                  |             |
|    approx_kl            | 0.002240066 |
|    clip_fraction        | 0.0262      |
|    clip_range           | 0.2         |
|    entropy_loss         | -1.08       |
|    explained_variance   | 0.258       |
|    learning_rate        | 0.0003      |
|    loss                 | 0.00944     |
|    n_updates            | 2064        |
|    policy_gradient_loss | -0.00274    |
|    value_loss           | 0.0564      |
-----------------------------------------
------------------------------------------
| battle/                 |              |
|    draw_rate            | 0            |
|    loss_rate            | 0.795        |
|    win_rate             | 0.205        |
| time/                   |              |
|    fps                  | 5052         |
|    iterations           | 346          |
|    time_elapsed         | 420          |
|    total_timesteps      | 2125824      |
| train/                  |              |
|    approx_kl            | 0.0060945223 |
|    clip_fraction        | 0.0484       |
|    clip_range           | 0.2          |
|    entropy_loss         | -1.09        |
|    explained_variance   | 0.26         |
|    learning_rate        | 0.0003       |
|    loss                 | 0.0134       |
|    n_updates            | 2070         |
|    policy_gradient_loss | -0.00425     |
|    value_loss           | 0.0661       |
------------------------------------------
-----------------------------------------
| battle/                 |             |
|    draw_rate            | 0           |
|    loss_rate            | 0.8         |
|    win_rate             | 0.2         |
| time/                   |             |
|    fps                  | 5050        |
|    iterations           | 347         |
|    time_elapsed         | 422         |
|    total_timesteps      | 2131968     |
| train/                  |             |
|    approx_kl            | 0.004818843 |
|    clip_fraction        | 0.045       |
|    clip_range           | 0.2         |
|    entropy_loss         | -1.17       |
|    explained_variance   | 0.412       |
|    learning_rate        | 0.0003      |
|    loss                 | -0.00257    |
|    n_updates            | 2076        |
|    policy_gradient_loss | -0.00542    |
|    value_loss           | 0.0404      |
-----------------------------------------
-----------------------------------------
| battle/                 |             |
|    draw_rate            | 0           |
|    loss_rate            | 0.805       |
|    win_rate             | 0.195       |
| time/                   |             |
|    fps                  | 5048        |
|    iterations           | 348         |
|    time_elapsed         | 423         |
|    total_timesteps      | 2138112     |
| train/                  |             |
|    approx_kl            | 0.004053855 |
|    clip_fraction        | 0.0572      |
|    clip_range           | 0.2         |
|    entropy_loss         | -1.1        |
|    explained_variance   | 0.328       |
|    learning_rate        | 0.0003      |
|    loss                 | 0.00288     |
|    n_updates            | 2082        |
|    policy_gradient_loss | -0.00425    |
|    value_loss           | 0.044       |
-----------------------------------------
----------------------------------------
| battle/                 |            |
|    draw_rate            | 0          |
|    loss_rate            | 0.81       |
|    win_rate             | 0.19       |
| time/                   |            |
|    fps                  | 5045       |
|    iterations           | 349        |
|    time_elapsed         | 424        |
|    total_timesteps      | 2144256    |
| train/                  |            |
|    approx_kl            | 0.00483043 |
|    clip_fraction        | 0.0365     |
|    clip_range           | 0.2        |
|    entropy_loss         | -1.08      |
|    explained_variance   | 0.32       |
|    learning_rate        | 0.0003     |
|    loss                 | -0.00135   |
|    n_updates            | 2088       |
|    policy_gradient_loss | -0.00422   |
|    value_loss           | 0.0436     |
----------------------------------------
-----------------------------------------
| battle/                 |             |
|    draw_rate            | 0           |
|    loss_rate            | 0.815       |
|    win_rate             | 0.185       |
| time/                   |             |
|    fps                  | 5044        |
|    iterations           | 350         |
|    time_elapsed         | 426         |
|    total_timesteps      | 2150400     |
| train/                  |             |
|    approx_kl            | 0.005817047 |
|    clip_fraction        | 0.0637      |
|    clip_range           | 0.2         |
|    entropy_loss         | -1.08       |
|    explained_variance   | 0.403       |
|    learning_rate        | 0.0003      |
|    loss                 | -0.000388   |
|    n_updates            | 2094        |
|    policy_gradient_loss | -0.00588    |
|    value_loss           | 0.0439      |
-----------------------------------------
------------------------------------------
| battle/                 |              |
|    draw_rate            | 0            |
|    loss_rate            | 0.823        |
|    win_rate             | 0.177        |
| time/                   |              |
|    fps                  | 5042         |
|    iterations           | 351          |
|    time_elapsed         | 427          |
|    total_timesteps      | 2156544      |
| train/                  |              |
|    approx_kl            | 0.0076452866 |
|    clip_fraction        | 0.046        |
|    clip_range           | 0.2          |
|    entropy_loss         | -1.17        |
|    explained_variance   | 0.253        |
|    learning_rate        | 0.0003       |
|    loss                 | 0.00809      |
|    n_updates            | 2100         |
|    policy_gradient_loss | -0.00397     |
|    value_loss           | 0.0689       |
------------------------------------------
------------------------------------------
| battle/                 |              |
|    draw_rate            | 0            |
|    loss_rate            | 0.815        |
|    win_rate             | 0.185        |
| time/                   |              |
|    fps                  | 5041         |
|    iterations           | 352          |
|    time_elapsed         | 428          |
|    total_timesteps      | 2162688      |
| train/                  |              |
|    approx_kl            | 0.0036329182 |
|    clip_fraction        | 0.0329       |
|    clip_range           | 0.2          |
|    entropy_loss         | -1.08        |
|    explained_variance   | 0.261        |
|    learning_rate        | 0.0003       |
|    loss                 | 0.00493      |
|    n_updates            | 2106         |
|    policy_gradient_loss | -0.00434     |
|    value_loss           | 0.0461       |
------------------------------------------
------------------------------------------
| battle/                 |              |
|    draw_rate            | 0            |
|    loss_rate            | 0.812        |
|    win_rate             | 0.188        |
| time/                   |              |
|    fps                  | 5042         |
|    iterations           | 353          |
|    time_elapsed         | 430          |
|    total_timesteps      | 2168832      |
| train/                  |              |
|    approx_kl            | 0.0055175535 |
|    clip_fraction        | 0.0244       |
|    clip_range           | 0.2          |
|    entropy_loss         | -1.07        |
|    explained_variance   | 0.292        |
|    learning_rate        | 0.0003       |
|    loss                 | 0.00865      |
|    n_updates            | 2112         |
|    policy_gradient_loss | -0.00395     |
|    value_loss           | 0.0564       |
------------------------------------------
------------------------------------------
| battle/                 |              |
|    draw_rate            | 0            |
|    loss_rate            | 0.795        |
|    win_rate             | 0.205        |
| time/                   |              |
|    fps                  | 5041         |
|    iterations           | 354          |
|    time_elapsed         | 431          |
|    total_timesteps      | 2174976      |
| train/                  |              |
|    approx_kl            | 0.0068943407 |
|    clip_fraction        | 0.0476       |
|    clip_range           | 0.2          |
|    entropy_loss         | -1.25        |
|    explained_variance   | 0.348        |
|    learning_rate        | 0.0003       |
|    loss                 | 0.00123      |
|    n_updates            | 2118         |
|    policy_gradient_loss | -0.00451     |
|    value_loss           | 0.054        |
------------------------------------------
------------------------------------------
| battle/                 |              |
|    draw_rate            | 0            |
|    loss_rate            | 0.795        |
|    win_rate             | 0.205        |
| time/                   |              |
|    fps                  | 5040         |
|    iterations           | 355          |
|    time_elapsed         | 432          |
|    total_timesteps      | 2181120      |
| train/                  |              |
|    approx_kl            | 0.0044290377 |
|    clip_fraction        | 0.0408       |
|    clip_range           | 0.2          |
|    entropy_loss         | -1.1         |
|    explained_variance   | 0.281        |
|    learning_rate        | 0.0003       |
|    loss                 | 0.0137       |
|    n_updates            | 2124         |
|    policy_gradient_loss | -0.00531     |
|    value_loss           | 0.0726       |
------------------------------------------
----------------------------------------
| battle/                 |            |
|    draw_rate            | 0          |
|    loss_rate            | 0.805      |
|    win_rate             | 0.195      |
| time/                   |            |
|    fps                  | 5041       |
|    iterations           | 356        |
|    time_elapsed         | 433        |
|    total_timesteps      | 2187264    |
| train/                  |            |
|    approx_kl            | 0.00551663 |
|    clip_fraction        | 0.0424     |
|    clip_range           | 0.2        |
|    entropy_loss         | -1.11      |
|    explained_variance   | 0.36       |
|    learning_rate        | 0.0003     |
|    loss                 | 0.000893   |
|    n_updates            | 2130       |
|    policy_gradient_loss | -0.00583   |
|    value_loss           | 0.05       |
----------------------------------------
------------------------------------------
| battle/                 |              |
|    draw_rate            | 0            |
|    loss_rate            | 0.792        |
|    win_rate             | 0.207        |
| time/                   |              |
|    fps                  | 5041         |
|    iterations           | 357          |
|    time_elapsed         | 435          |
|    total_timesteps      | 2193408      |
| train/                  |              |
|    approx_kl            | 0.0069805416 |
|    clip_fraction        | 0.0451       |
|    clip_range           | 0.2          |
|    entropy_loss         | -1.16        |
|    explained_variance   | 0.354        |
|    learning_rate        | 0.0003       |
|    loss                 | 0.00195      |
|    n_updates            | 2136         |
|    policy_gradient_loss | -0.00567     |
|    value_loss           | 0.0459       |
------------------------------------------
------------------------------------------
| battle/                 |              |
|    draw_rate            | 0            |
|    loss_rate            | 0.8          |
|    win_rate             | 0.2          |
| time/                   |              |
|    fps                  | 5040         |
|    iterations           | 358          |
|    time_elapsed         | 436          |
|    total_timesteps      | 2199552      |
| train/                  |              |
|    approx_kl            | 0.0057047387 |
|    clip_fraction        | 0.0418       |
|    clip_range           | 0.2          |
|    entropy_loss         | -1.13        |
|    explained_variance   | 0.346        |
|    learning_rate        | 0.0003       |
|    loss                 | 0.00515      |
|    n_updates            | 2142         |
|    policy_gradient_loss | -0.0037      |
|    value_loss           | 0.0512       |
------------------------------------------
-----------------------------------------
| battle/                 |             |
|    draw_rate            | 0           |
|    loss_rate            | 0.795       |
|    win_rate             | 0.205       |
| time/                   |             |
|    fps                  | 5040        |
|    iterations           | 359         |
|    time_elapsed         | 437         |
|    total_timesteps      | 2205696     |
| train/                  |             |
|    approx_kl            | 0.004364393 |
|    clip_fraction        | 0.0392      |
|    clip_range           | 0.2         |
|    entropy_loss         | -1.14       |
|    explained_variance   | 0.371       |
|    learning_rate        | 0.0003      |
|    loss                 | -0.00361    |
|    n_updates            | 2148        |
|    policy_gradient_loss | -0.00434    |
|    value_loss           | 0.0492      |
-----------------------------------------
-----------------------------------------
| battle/                 |             |
|    draw_rate            | 0           |
|    loss_rate            | 0.815       |
|    win_rate             | 0.185       |
| time/                   |             |
|    fps                  | 5037        |
|    iterations           | 360         |
|    time_elapsed         | 439         |
|    total_timesteps      | 2211840     |
| train/                  |             |
|    approx_kl            | 0.004319903 |
|    clip_fraction        | 0.0262      |
|    clip_range           | 0.2         |
|    entropy_loss         | -1.08       |
|    explained_variance   | 0.296       |
|    learning_rate        | 0.0003      |
|    loss                 | 0.00802     |
|    n_updates            | 2154        |
|    policy_gradient_loss | -0.00338    |
|    value_loss           | 0.0556      |
-----------------------------------------
------------------------------------------
| battle/                 |              |
|    draw_rate            | 0            |
|    loss_rate            | 0.802        |
|    win_rate             | 0.198        |
| time/                   |              |
|    fps                  | 5031         |
|    iterations           | 361          |
|    time_elapsed         | 440          |
|    total_timesteps      | 2217984      |
| train/                  |              |
|    approx_kl            | 0.0068792286 |
|    clip_fraction        | 0.0652       |
|    clip_range           | 0.2          |
|    entropy_loss         | -1.09        |
|    explained_variance   | 0.355        |
|    learning_rate        | 0.0003       |
|    loss                 | 0.00263      |
|    n_updates            | 2160         |
|    policy_gradient_loss | -0.00576     |
|    value_loss           | 0.0484       |
------------------------------------------
----------------------------------------
| battle/                 |            |
|    draw_rate            | 0          |
|    loss_rate            | 0.81       |
|    win_rate             | 0.19       |
| time/                   |            |
|    fps                  | 5029       |
|    iterations           | 362        |
|    time_elapsed         | 442        |
|    total_timesteps      | 2224128    |
| train/                  |            |
|    approx_kl            | 0.00624557 |
|    clip_fraction        | 0.0369     |
|    clip_range           | 0.2        |
|    entropy_loss         | -1.09      |
|    explained_variance   | 0.404      |
|    learning_rate        | 0.0003     |
|    loss                 | 0.0015     |
|    n_updates            | 2166       |
|    policy_gradient_loss | -0.00532   |
|    value_loss           | 0.053      |
----------------------------------------
-----------------------------------------
| battle/                 |             |
|    draw_rate            | 0           |
|    loss_rate            | 0.8         |
|    win_rate             | 0.2         |
| time/                   |             |
|    fps                  | 5028        |
|    iterations           | 363         |
|    time_elapsed         | 443         |
|    total_timesteps      | 2230272     |
| train/                  |             |
|    approx_kl            | 0.004531648 |
|    clip_fraction        | 0.0339      |
|    clip_range           | 0.2         |
|    entropy_loss         | -1.06       |
|    explained_variance   | 0.35        |
|    learning_rate        | 0.0003      |
|    loss                 | 0.00573     |
|    n_updates            | 2172        |
|    policy_gradient_loss | -0.00448    |
|    value_loss           | 0.0498      |
-----------------------------------------
-----------------------------------------
| battle/                 |             |
|    draw_rate            | 0           |
|    loss_rate            | 0.823       |
|    win_rate             | 0.177       |
| time/                   |             |
|    fps                  | 5028        |
|    iterations           | 364         |
|    time_elapsed         | 444         |
|    total_timesteps      | 2236416     |
| train/                  |             |
|    approx_kl            | 0.005920086 |
|    clip_fraction        | 0.0269      |
|    clip_range           | 0.2         |
|    entropy_loss         | -1.05       |
|    explained_variance   | 0.248       |
|    learning_rate        | 0.0003      |
|    loss                 | 0.018       |
|    n_updates            | 2178        |
|    policy_gradient_loss | -0.00382    |
|    value_loss           | 0.0696      |
-----------------------------------------
------------------------------------------
| battle/                 |              |
|    draw_rate            | 0            |
|    loss_rate            | 0.823        |
|    win_rate             | 0.177        |
| time/                   |              |
|    fps                  | 5028         |
|    iterations           | 365          |
|    time_elapsed         | 445          |
|    total_timesteps      | 2242560      |
| train/                  |              |
|    approx_kl            | 0.0050246227 |
|    clip_fraction        | 0.0402       |
|    clip_range           | 0.2          |
|    entropy_loss         | -1.14        |
|    explained_variance   | 0.385        |
|    learning_rate        | 0.0003       |
|    loss                 | -0.00506     |
|    n_updates            | 2184         |
|    policy_gradient_loss | -0.00539     |
|    value_loss           | 0.0303       |
------------------------------------------
-----------------------------------------
| battle/                 |             |
|    draw_rate            | 0           |
|    loss_rate            | 0.825       |
|    win_rate             | 0.175       |
| time/                   |             |
|    fps                  | 5025        |
|    iterations           | 366         |
|    time_elapsed         | 447         |
|    total_timesteps      | 2248704     |
| train/                  |             |
|    approx_kl            | 0.006262955 |
|    clip_fraction        | 0.0737      |
|    clip_range           | 0.2         |
|    entropy_loss         | -1.04       |
|    explained_variance   | 0.272       |
|    learning_rate        | 0.0003      |
|    loss                 | 0.0112      |
|    n_updates            | 2190        |
|    policy_gradient_loss | -0.00393    |
|    value_loss           | 0.0632      |
-----------------------------------------
------------------------------------------
| battle/                 |              |
|    draw_rate            | 0            |
|    loss_rate            | 0.823        |
|    win_rate             | 0.177        |
| time/                   |              |
|    fps                  | 5024         |
|    iterations           | 367          |
|    time_elapsed         | 448          |
|    total_timesteps      | 2254848      |
| train/                  |              |
|    approx_kl            | 0.0056648715 |
|    clip_fraction        | 0.0402       |
|    clip_range           | 0.2          |
|    entropy_loss         | -1.04        |
|    explained_variance   | 0.278        |
|    learning_rate        | 0.0003       |
|    loss                 | 0.00352      |
|    n_updates            | 2196         |
|    policy_gradient_loss | -0.00539     |
|    value_loss           | 0.05         |
------------------------------------------
----------------------------------------
| battle/                 |            |
|    draw_rate            | 0          |
|    loss_rate            | 0.807      |
|    win_rate             | 0.193      |
| time/                   |            |
|    fps                  | 5024       |
|    iterations           | 368        |
|    time_elapsed         | 449        |
|    total_timesteps      | 2260992    |
| train/                  |            |
|    approx_kl            | 0.00515846 |
|    clip_fraction        | 0.0305     |
|    clip_range           | 0.2        |
|    entropy_loss         | -1.14      |
|    explained_variance   | 0.349      |
|    learning_rate        | 0.0003     |
|    loss                 | 0.00615    |
|    n_updates            | 2202       |
|    policy_gradient_loss | -0.00463   |
|    value_loss           | 0.0503     |
----------------------------------------
------------------------------------------
| battle/                 |              |
|    draw_rate            | 0            |
|    loss_rate            | 0.82         |
|    win_rate             | 0.18         |
| time/                   |              |
|    fps                  | 5023         |
|    iterations           | 369          |
|    time_elapsed         | 451          |
|    total_timesteps      | 2267136      |
| train/                  |              |
|    approx_kl            | 0.0057955584 |
|    clip_fraction        | 0.0594       |
|    clip_range           | 0.2          |
|    entropy_loss         | -1.04        |
|    explained_variance   | 0.263        |
|    learning_rate        | 0.0003       |
|    loss                 | 0.00938      |
|    n_updates            | 2208         |
|    policy_gradient_loss | -0.00447     |
|    value_loss           | 0.0615       |
------------------------------------------
-----------------------------------------
| battle/                 |             |
|    draw_rate            | 0           |
|    loss_rate            | 0.81        |
|    win_rate             | 0.19        |
| time/                   |             |
|    fps                  | 5022        |
|    iterations           | 370         |
|    time_elapsed         | 452         |
|    total_timesteps      | 2273280     |
| train/                  |             |
|    approx_kl            | 0.004921524 |
|    clip_fraction        | 0.0495      |
|    clip_range           | 0.2         |
|    entropy_loss         | -1.07       |
|    explained_variance   | 0.273       |
|    learning_rate        | 0.0003      |
|    loss                 | 0.000581    |
|    n_updates            | 2214        |
|    policy_gradient_loss | -0.00511    |
|    value_loss           | 0.0487      |
-----------------------------------------
------------------------------------------
| battle/                 |              |
|    draw_rate            | 0            |
|    loss_rate            | 0.797        |
|    win_rate             | 0.203        |
| time/                   |              |
|    fps                  | 5019         |
|    iterations           | 371          |
|    time_elapsed         | 454          |
|    total_timesteps      | 2279424      |
| train/                  |              |
|    approx_kl            | 0.0056744833 |
|    clip_fraction        | 0.058        |
|    clip_range           | 0.2          |
|    entropy_loss         | -0.979       |
|    explained_variance   | 0.394        |
|    learning_rate        | 0.0003       |
|    loss                 | -0.000419    |
|    n_updates            | 2220         |
|    policy_gradient_loss | -0.00486     |
|    value_loss           | 0.0451       |
------------------------------------------
-----------------------------------------
| battle/                 |             |
|    draw_rate            | 0           |
|    loss_rate            | 0.792       |
|    win_rate             | 0.207       |
| time/                   |             |
|    fps                  | 5018        |
|    iterations           | 372         |
|    time_elapsed         | 455         |
|    total_timesteps      | 2285568     |
| train/                  |             |
|    approx_kl            | 0.007402003 |
|    clip_fraction        | 0.0525      |
|    clip_range           | 0.2         |
|    entropy_loss         | -1.17       |
|    explained_variance   | 0.345       |
|    learning_rate        | 0.0003      |
|    loss                 | 0.0116      |
|    n_updates            | 2226        |
|    policy_gradient_loss | -0.00489    |
|    value_loss           | 0.062       |
-----------------------------------------
------------------------------------------
| battle/                 |              |
|    draw_rate            | 0            |
|    loss_rate            | 0.775        |
|    win_rate             | 0.225        |
| time/                   |              |
|    fps                  | 5017         |
|    iterations           | 373          |
|    time_elapsed         | 456          |
|    total_timesteps      | 2291712      |
| train/                  |              |
|    approx_kl            | 0.0044600167 |
|    clip_fraction        | 0.0406       |
|    clip_range           | 0.2          |
|    entropy_loss         | -1.12        |
|    explained_variance   | 0.35         |
|    learning_rate        | 0.0003       |
|    loss                 | 0.00836      |
|    n_updates            | 2232         |
|    policy_gradient_loss | -0.0041      |
|    value_loss           | 0.0531       |
------------------------------------------
------------------------------------------
| battle/                 |              |
|    draw_rate            | 0            |
|    loss_rate            | 0.782        |
|    win_rate             | 0.217        |
| time/                   |              |
|    fps                  | 5017         |
|    iterations           | 374          |
|    time_elapsed         | 457          |
|    total_timesteps      | 2297856      |
| train/                  |              |
|    approx_kl            | 0.0064705196 |
|    clip_fraction        | 0.0475       |
|    clip_range           | 0.2          |
|    entropy_loss         | -1.06        |
|    explained_variance   | 0.274        |
|    learning_rate        | 0.0003       |
|    loss                 | 0.0148       |
|    n_updates            | 2238         |
|    policy_gradient_loss | -0.00528     |
|    value_loss           | 0.075        |
------------------------------------------
------------------------------------------
| battle/                 |              |
|    draw_rate            | 0            |
|    loss_rate            | 0.78         |
|    win_rate             | 0.22         |
| time/                   |              |
|    fps                  | 5016         |
|    iterations           | 375          |
|    time_elapsed         | 459          |
|    total_timesteps      | 2304000      |
| train/                  |              |
|    approx_kl            | 0.0066176145 |
|    clip_fraction        | 0.0418       |
|    clip_range           | 0.2          |
|    entropy_loss         | -1           |
|    explained_variance   | 0.333        |
|    learning_rate        | 0.0003       |
|    loss                 | 0.0107       |
|    n_updates            | 2244         |
|    policy_gradient_loss | -0.00528     |
|    value_loss           | 0.0606       |
------------------------------------------
-----------------------------------------
| battle/                 |             |
|    draw_rate            | 0           |
|    loss_rate            | 0.79        |
|    win_rate             | 0.21        |
| time/                   |             |
|    fps                  | 5016        |
|    iterations           | 376         |
|    time_elapsed         | 460         |
|    total_timesteps      | 2310144     |
| train/                  |             |
|    approx_kl            | 0.003528528 |
|    clip_fraction        | 0.0417      |
|    clip_range           | 0.2         |
|    entropy_loss         | -1.1        |
|    explained_variance   | 0.351       |
|    learning_rate        | 0.0003      |
|    loss                 | 0.00178     |
|    n_updates            | 2250        |
|    policy_gradient_loss | -0.00413    |
|    value_loss           | 0.0523      |
-----------------------------------------
-----------------------------------------
| battle/                 |             |
|    draw_rate            | 0           |
|    loss_rate            | 0.795       |
|    win_rate             | 0.205       |
| time/                   |             |
|    fps                  | 5016        |
|    iterations           | 377         |
|    time_elapsed         | 461         |
|    total_timesteps      | 2316288     |
| train/                  |             |
|    approx_kl            | 0.004429739 |
|    clip_fraction        | 0.0459      |
|    clip_range           | 0.2         |
|    entropy_loss         | -1.11       |
|    explained_variance   | 0.484       |
|    learning_rate        | 0.0003      |
|    loss                 | 0.00375     |
|    n_updates            | 2256        |
|    policy_gradient_loss | -0.004      |
|    value_loss           | 0.046       |
-----------------------------------------
-----------------------------------------
| battle/                 |             |
|    draw_rate            | 0           |
|    loss_rate            | 0.78        |
|    win_rate             | 0.22        |
| time/                   |             |
|    fps                  | 5016        |
|    iterations           | 378         |
|    time_elapsed         | 462         |
|    total_timesteps      | 2322432     |
| train/                  |             |
|    approx_kl            | 0.005422304 |
|    clip_fraction        | 0.0393      |
|    clip_range           | 0.2         |
|    entropy_loss         | -1.09       |
|    explained_variance   | 0.356       |
|    learning_rate        | 0.0003      |
|    loss                 | 0.00631     |
|    n_updates            | 2262        |
|    policy_gradient_loss | -0.00482    |
|    value_loss           | 0.0621      |
-----------------------------------------
------------------------------------------
| battle/                 |              |
|    draw_rate            | 0            |
|    loss_rate            | 0.79         |
|    win_rate             | 0.21         |
| time/                   |              |
|    fps                  | 5015         |
|    iterations           | 379          |
|    time_elapsed         | 464          |
|    total_timesteps      | 2328576      |
| train/                  |              |
|    approx_kl            | 0.0049715345 |
|    clip_fraction        | 0.0429       |
|    clip_range           | 0.2          |
|    entropy_loss         | -1.13        |
|    explained_variance   | 0.289        |
|    learning_rate        | 0.0003       |
|    loss                 | 0.0161       |
|    n_updates            | 2268         |
|    policy_gradient_loss | -0.00423     |
|    value_loss           | 0.0656       |
------------------------------------------
-----------------------------------------
| battle/                 |             |
|    draw_rate            | 0           |
|    loss_rate            | 0.79        |
|    win_rate             | 0.21        |
| time/                   |             |
|    fps                  | 5015        |
|    iterations           | 380         |
|    time_elapsed         | 465         |
|    total_timesteps      | 2334720     |
| train/                  |             |
|    approx_kl            | 0.006949236 |
|    clip_fraction        | 0.043       |
|    clip_range           | 0.2         |
|    entropy_loss         | -1.02       |
|    explained_variance   | 0.242       |
|    learning_rate        | 0.0003      |
|    loss                 | 0.00374     |
|    n_updates            | 2274        |
|    policy_gradient_loss | -0.00495    |
|    value_loss           | 0.0584      |
-----------------------------------------
------------------------------------------
| battle/                 |              |
|    draw_rate            | 0            |
|    loss_rate            | 0.777        |
|    win_rate             | 0.223        |
| time/                   |              |
|    fps                  | 5015         |
|    iterations           | 381          |
|    time_elapsed         | 466          |
|    total_timesteps      | 2340864      |
| train/                  |              |
|    approx_kl            | 0.0053428523 |
|    clip_fraction        | 0.0374       |
|    clip_range           | 0.2          |
|    entropy_loss         | -1.1         |
|    explained_variance   | 0.213        |
|    learning_rate        | 0.0003       |
|    loss                 | 0.00883      |
|    n_updates            | 2280         |
|    policy_gradient_loss | -0.00488     |
|    value_loss           | 0.0679       |
------------------------------------------
-----------------------------------------
| battle/                 |             |
|    draw_rate            | 0           |
|    loss_rate            | 0.772       |
|    win_rate             | 0.228       |
| time/                   |             |
|    fps                  | 5014        |
|    iterations           | 382         |
|    time_elapsed         | 468         |
|    total_timesteps      | 2347008     |
| train/                  |             |
|    approx_kl            | 0.004616376 |
|    clip_fraction        | 0.0632      |
|    clip_range           | 0.2         |
|    entropy_loss         | -1.17       |
|    explained_variance   | 0.279       |
|    learning_rate        | 0.0003      |
|    loss                 | 0.00886     |
|    n_updates            | 2286        |
|    policy_gradient_loss | -0.00543    |
|    value_loss           | 0.0636      |
-----------------------------------------
------------------------------------------
| battle/                 |              |
|    draw_rate            | 0            |
|    loss_rate            | 0.77         |
|    win_rate             | 0.23         |
| time/                   |              |
|    fps                  | 5013         |
|    iterations           | 383          |
|    time_elapsed         | 469          |
|    total_timesteps      | 2353152      |
| train/                  |              |
|    approx_kl            | 0.0060698115 |
|    clip_fraction        | 0.0379       |
|    clip_range           | 0.2          |
|    entropy_loss         | -1.04        |
|    explained_variance   | 0.315        |
|    learning_rate        | 0.0003       |
|    loss                 | 0.00145      |
|    n_updates            | 2292         |
|    policy_gradient_loss | -0.00538     |
|    value_loss           | 0.0479       |
------------------------------------------
------------------------------------------
| battle/                 |              |
|    draw_rate            | 0            |
|    loss_rate            | 0.767        |
|    win_rate             | 0.233        |
| time/                   |              |
|    fps                  | 5011         |
|    iterations           | 384          |
|    time_elapsed         | 470          |
|    total_timesteps      | 2359296      |
| train/                  |              |
|    approx_kl            | 0.0059239953 |
|    clip_fraction        | 0.0876       |
|    clip_range           | 0.2          |
|    entropy_loss         | -1.12        |
|    explained_variance   | 0.291        |
|    learning_rate        | 0.0003       |
|    loss                 | 0.00513      |
|    n_updates            | 2298         |
|    policy_gradient_loss | -0.00462     |
|    value_loss           | 0.0561       |
------------------------------------------
-----------------------------------------
| battle/                 |             |
|    draw_rate            | 0           |
|    loss_rate            | 0.772       |
|    win_rate             | 0.228       |
| time/                   |             |
|    fps                  | 5011        |
|    iterations           | 385         |
|    time_elapsed         | 472         |
|    total_timesteps      | 2365440     |
| train/                  |             |
|    approx_kl            | 0.004357274 |
|    clip_fraction        | 0.0251      |
|    clip_range           | 0.2         |
|    entropy_loss         | -1.21       |
|    explained_variance   | 0.345       |
|    learning_rate        | 0.0003      |
|    loss                 | 0.0101      |
|    n_updates            | 2304        |
|    policy_gradient_loss | -0.00473    |
|    value_loss           | 0.0636      |
-----------------------------------------
-----------------------------------------
| battle/                 |             |
|    draw_rate            | 0           |
|    loss_rate            | 0.78        |
|    win_rate             | 0.22        |
| time/                   |             |
|    fps                  | 5011        |
|    iterations           | 386         |
|    time_elapsed         | 473         |
|    total_timesteps      | 2371584     |
| train/                  |             |
|    approx_kl            | 0.004945217 |
|    clip_fraction        | 0.0371      |
|    clip_range           | 0.2         |
|    entropy_loss         | -1.14       |
|    explained_variance   | 0.32        |
|    learning_rate        | 0.0003      |
|    loss                 | 0.00916     |
|    n_updates            | 2310        |
|    policy_gradient_loss | -0.00604    |
|    value_loss           | 0.0619      |
-----------------------------------------
------------------------------------------
| battle/                 |              |
|    draw_rate            | 0            |
|    loss_rate            | 0.77         |
|    win_rate             | 0.23         |
| time/                   |              |
|    fps                  | 5010         |
|    iterations           | 387          |
|    time_elapsed         | 474          |
|    total_timesteps      | 2377728      |
| train/                  |              |
|    approx_kl            | 0.0055124233 |
|    clip_fraction        | 0.034        |
|    clip_range           | 0.2          |
|    entropy_loss         | -1.14        |
|    explained_variance   | 0.325        |
|    learning_rate        | 0.0003       |
|    loss                 | 0.00954      |
|    n_updates            | 2316         |
|    policy_gradient_loss | -0.0041      |
|    value_loss           | 0.0655       |
------------------------------------------
------------------------------------------
| battle/                 |              |
|    draw_rate            | 0            |
|    loss_rate            | 0.765        |
|    win_rate             | 0.235        |
| time/                   |              |
|    fps                  | 5010         |
|    iterations           | 388          |
|    time_elapsed         | 475          |
|    total_timesteps      | 2383872      |
| train/                  |              |
|    approx_kl            | 0.0053254836 |
|    clip_fraction        | 0.0376       |
|    clip_range           | 0.2          |
|    entropy_loss         | -1.11        |
|    explained_variance   | 0.342        |
|    learning_rate        | 0.0003       |
|    loss                 | 0.00988      |
|    n_updates            | 2322         |
|    policy_gradient_loss | -0.00397     |
|    value_loss           | 0.0641       |
------------------------------------------
-----------------------------------------
| battle/                 |             |
|    draw_rate            | 0           |
|    loss_rate            | 0.775       |
|    win_rate             | 0.225       |
| time/                   |             |
|    fps                  | 5010        |
|    iterations           | 389         |
|    time_elapsed         | 477         |
|    total_timesteps      | 2390016     |
| train/                  |             |
|    approx_kl            | 0.006476674 |
|    clip_fraction        | 0.0553      |
|    clip_range           | 0.2         |
|    entropy_loss         | -1.14       |
|    explained_variance   | 0.361       |
|    learning_rate        | 0.0003      |
|    loss                 | 0.0115      |
|    n_updates            | 2328        |
|    policy_gradient_loss | -0.00541    |
|    value_loss           | 0.0622      |
-----------------------------------------
------------------------------------------
| battle/                 |              |
|    draw_rate            | 0            |
|    loss_rate            | 0.777        |
|    win_rate             | 0.223        |
| time/                   |              |
|    fps                  | 5010         |
|    iterations           | 390          |
|    time_elapsed         | 478          |
|    total_timesteps      | 2396160      |
| train/                  |              |
|    approx_kl            | 0.0069456496 |
|    clip_fraction        | 0.0516       |
|    clip_range           | 0.2          |
|    entropy_loss         | -1.18        |
|    explained_variance   | 0.375        |
|    learning_rate        | 0.0003       |
|    loss                 | 0.00377      |
|    n_updates            | 2334         |
|    policy_gradient_loss | -0.00559     |
|    value_loss           | 0.0559       |
------------------------------------------
------------------------------------------
| battle/                 |              |
|    draw_rate            | 0            |
|    loss_rate            | 0.782        |
|    win_rate             | 0.217        |
| time/                   |              |
|    fps                  | 5010         |
|    iterations           | 391          |
|    time_elapsed         | 479          |
|    total_timesteps      | 2402304      |
| train/                  |              |
|    approx_kl            | 0.0034789897 |
|    clip_fraction        | 0.044        |
|    clip_range           | 0.2          |
|    entropy_loss         | -1.24        |
|    explained_variance   | 0.298        |
|    learning_rate        | 0.0003       |
|    loss                 | 0.00521      |
|    n_updates            | 2340         |
|    policy_gradient_loss | -0.00317     |
|    value_loss           | 0.058        |
------------------------------------------
------------------------------------------
| battle/                 |              |
|    draw_rate            | 0            |
|    loss_rate            | 0.78         |
|    win_rate             | 0.22         |
| time/                   |              |
|    fps                  | 5010         |
|    iterations           | 392          |
|    time_elapsed         | 480          |
|    total_timesteps      | 2408448      |
| train/                  |              |
|    approx_kl            | 0.0048610456 |
|    clip_fraction        | 0.0373       |
|    clip_range           | 0.2          |
|    entropy_loss         | -1.11        |
|    explained_variance   | 0.414        |
|    learning_rate        | 0.0003       |
|    loss                 | 0.00275      |
|    n_updates            | 2346         |
|    policy_gradient_loss | -0.00434     |
|    value_loss           | 0.0447       |
------------------------------------------
------------------------------------------
| battle/                 |              |
|    draw_rate            | 0            |
|    loss_rate            | 0.8          |
|    win_rate             | 0.2          |
| time/                   |              |
|    fps                  | 5010         |
|    iterations           | 393          |
|    time_elapsed         | 481          |
|    total_timesteps      | 2414592      |
| train/                  |              |
|    approx_kl            | 0.0038495762 |
|    clip_fraction        | 0.0303       |
|    clip_range           | 0.2          |
|    entropy_loss         | -1.08        |
|    explained_variance   | 0.28         |
|    learning_rate        | 0.0003       |
|    loss                 | 0.00994      |
|    n_updates            | 2352         |
|    policy_gradient_loss | -0.00422     |
|    value_loss           | 0.0634       |
------------------------------------------
------------------------------------------
| battle/                 |              |
|    draw_rate            | 0            |
|    loss_rate            | 0.82         |
|    win_rate             | 0.18         |
| time/                   |              |
|    fps                  | 5011         |
|    iterations           | 394          |
|    time_elapsed         | 483          |
|    total_timesteps      | 2420736      |
| train/                  |              |
|    approx_kl            | 0.0062191137 |
|    clip_fraction        | 0.0621       |
|    clip_range           | 0.2          |
|    entropy_loss         | -1.11        |
|    explained_variance   | 0.493        |
|    learning_rate        | 0.0003       |
|    loss                 | -0.00186     |
|    n_updates            | 2358         |
|    policy_gradient_loss | -0.00478     |
|    value_loss           | 0.0319       |
------------------------------------------
------------------------------------------
| battle/                 |              |
|    draw_rate            | 0            |
|    loss_rate            | 0.82         |
|    win_rate             | 0.18         |
| time/                   |              |
|    fps                  | 5010         |
|    iterations           | 395          |
|    time_elapsed         | 484          |
|    total_timesteps      | 2426880      |
| train/                  |              |
|    approx_kl            | 0.0052793124 |
|    clip_fraction        | 0.0394       |
|    clip_range           | 0.2          |
|    entropy_loss         | -1.08        |
|    explained_variance   | 0.273        |
|    learning_rate        | 0.0003       |
|    loss                 | -0.000193    |
|    n_updates            | 2364         |
|    policy_gradient_loss | -0.00487     |
|    value_loss           | 0.05         |
------------------------------------------
------------------------------------------
| battle/                 |              |
|    draw_rate            | 0            |
|    loss_rate            | 0.815        |
|    win_rate             | 0.185        |
| time/                   |              |
|    fps                  | 5010         |
|    iterations           | 396          |
|    time_elapsed         | 485          |
|    total_timesteps      | 2433024      |
| train/                  |              |
|    approx_kl            | 0.0050448086 |
|    clip_fraction        | 0.0382       |
|    clip_range           | 0.2          |
|    entropy_loss         | -1.11        |
|    explained_variance   | 0.286        |
|    learning_rate        | 0.0003       |
|    loss                 | 0.00267      |
|    n_updates            | 2370         |
|    policy_gradient_loss | -0.00405     |
|    value_loss           | 0.0541       |
------------------------------------------
------------------------------------------
| battle/                 |              |
|    draw_rate            | 0.0025       |
|    loss_rate            | 0.802        |
|    win_rate             | 0.195        |
| time/                   |              |
|    fps                  | 5010         |
|    iterations           | 397          |
|    time_elapsed         | 486          |
|    total_timesteps      | 2439168      |
| train/                  |              |
|    approx_kl            | 0.0049165785 |
|    clip_fraction        | 0.0359       |
|    clip_range           | 0.2          |
|    entropy_loss         | -1.09        |
|    explained_variance   | 0.258        |
|    learning_rate        | 0.0003       |
|    loss                 | -0.002       |
|    n_updates            | 2376         |
|    policy_gradient_loss | -0.00599     |
|    value_loss           | 0.0492       |
------------------------------------------
-----------------------------------------
| battle/                 |             |
|    draw_rate            | 0.0025      |
|    loss_rate            | 0.797       |
|    win_rate             | 0.2         |
| time/                   |             |
|    fps                  | 5010        |
|    iterations           | 398         |
|    time_elapsed         | 487         |
|    total_timesteps      | 2445312     |
| train/                  |             |
|    approx_kl            | 0.007002597 |
|    clip_fraction        | 0.0458      |
|    clip_range           | 0.2         |
|    entropy_loss         | -1.17       |
|    explained_variance   | 0.236       |
|    learning_rate        | 0.0003      |
|    loss                 | 0.00735     |
|    n_updates            | 2382        |
|    policy_gradient_loss | -0.00566    |
|    value_loss           | 0.069       |
-----------------------------------------
------------------------------------------
| battle/                 |              |
|    draw_rate            | 0.0025       |
|    loss_rate            | 0.792        |
|    win_rate             | 0.205        |
| time/                   |              |
|    fps                  | 5010         |
|    iterations           | 399          |
|    time_elapsed         | 489          |
|    total_timesteps      | 2451456      |
| train/                  |              |
|    approx_kl            | 0.0061972435 |
|    clip_fraction        | 0.0402       |
|    clip_range           | 0.2          |
|    entropy_loss         | -1.17        |
|    explained_variance   | 0.314        |
|    learning_rate        | 0.0003       |
|    loss                 | 0.00746      |
|    n_updates            | 2388         |
|    policy_gradient_loss | -0.00427     |
|    value_loss           | 0.0593       |
------------------------------------------
----------------------------------------
| battle/                 |            |
|    draw_rate            | 0.0025     |
|    loss_rate            | 0.775      |
|    win_rate             | 0.223      |
| time/                   |            |
|    fps                  | 5011       |
|    iterations           | 400        |
|    time_elapsed         | 490        |
|    total_timesteps      | 2457600    |
| train/                  |            |
|    approx_kl            | 0.00438061 |
|    clip_fraction        | 0.037      |
|    clip_range           | 0.2        |
|    entropy_loss         | -1.13      |
|    explained_variance   | 0.338      |
|    learning_rate        | 0.0003     |
|    loss                 | 0.0021     |
|    n_updates            | 2394       |
|    policy_gradient_loss | -0.00498   |
|    value_loss           | 0.053      |
----------------------------------------
------------------------------------------
| battle/                 |              |
|    draw_rate            | 0.0025       |
|    loss_rate            | 0.77         |
|    win_rate             | 0.228        |
| time/                   |              |
|    fps                  | 5011         |
|    iterations           | 401          |
|    time_elapsed         | 491          |
|    total_timesteps      | 2463744      |
| train/                  |              |
|    approx_kl            | 0.0076750517 |
|    clip_fraction        | 0.0661       |
|    clip_range           | 0.2          |
|    entropy_loss         | -1.1         |
|    explained_variance   | 0.266        |
|    learning_rate        | 0.0003       |
|    loss                 | 0.0131       |
|    n_updates            | 2400         |
|    policy_gradient_loss | -0.0057      |
|    value_loss           | 0.0634       |
------------------------------------------
-----------------------------------------
| battle/                 |             |
|    draw_rate            | 0.0025      |
|    loss_rate            | 0.755       |
|    win_rate             | 0.242       |
| time/                   |             |
|    fps                  | 5011        |
|    iterations           | 402         |
|    time_elapsed         | 492         |
|    total_timesteps      | 2469888     |
| train/                  |             |
|    approx_kl            | 0.005291399 |
|    clip_fraction        | 0.0582      |
|    clip_range           | 0.2         |
|    entropy_loss         | -1.05       |
|    explained_variance   | 0.28        |
|    learning_rate        | 0.0003      |
|    loss                 | 0.00972     |
|    n_updates            | 2406        |
|    policy_gradient_loss | -0.00554    |
|    value_loss           | 0.0657      |
-----------------------------------------
-----------------------------------------
| battle/                 |             |
|    draw_rate            | 0           |
|    loss_rate            | 0.767       |
|    win_rate             | 0.233       |
| time/                   |             |
|    fps                  | 5011        |
|    iterations           | 403         |
|    time_elapsed         | 494         |
|    total_timesteps      | 2476032     |
| train/                  |             |
|    approx_kl            | 0.006166058 |
|    clip_fraction        | 0.0484      |
|    clip_range           | 0.2         |
|    entropy_loss         | -1.01       |
|    explained_variance   | 0.302       |
|    learning_rate        | 0.0003      |
|    loss                 | 0.0123      |
|    n_updates            | 2412        |
|    policy_gradient_loss | -0.00496    |
|    value_loss           | 0.0644      |
-----------------------------------------
------------------------------------------
| battle/                 |              |
|    draw_rate            | 0            |
|    loss_rate            | 0.752        |
|    win_rate             | 0.247        |
| time/                   |              |
|    fps                  | 5011         |
|    iterations           | 404          |
|    time_elapsed         | 495          |
|    total_timesteps      | 2482176      |
| train/                  |              |
|    approx_kl            | 0.0055105537 |
|    clip_fraction        | 0.0575       |
|    clip_range           | 0.2          |
|    entropy_loss         | -1.22        |
|    explained_variance   | 0.321        |
|    learning_rate        | 0.0003       |
|    loss                 | 0.00546      |
|    n_updates            | 2418         |
|    policy_gradient_loss | -0.00448     |
|    value_loss           | 0.0695       |
------------------------------------------
------------------------------------------
| battle/                 |              |
|    draw_rate            | 0            |
|    loss_rate            | 0.757        |
|    win_rate             | 0.242        |
| time/                   |              |
|    fps                  | 5011         |
|    iterations           | 405          |
|    time_elapsed         | 496          |
|    total_timesteps      | 2488320      |
| train/                  |              |
|    approx_kl            | 0.0050034444 |
|    clip_fraction        | 0.0477       |
|    clip_range           | 0.2          |
|    entropy_loss         | -1.12        |
|    explained_variance   | 0.306        |
|    learning_rate        | 0.0003       |
|    loss                 | 0.0191       |
|    n_updates            | 2424         |
|    policy_gradient_loss | -0.00441     |
|    value_loss           | 0.0848       |
------------------------------------------
------------------------------------------
| battle/                 |              |
|    draw_rate            | 0            |
|    loss_rate            | 0.767        |
|    win_rate             | 0.233        |
| time/                   |              |
|    fps                  | 5012         |
|    iterations           | 406          |
|    time_elapsed         | 497          |
|    total_timesteps      | 2494464      |
| train/                  |              |
|    approx_kl            | 0.0053120465 |
|    clip_fraction        | 0.0276       |
|    clip_range           | 0.2          |
|    entropy_loss         | -1.16        |
|    explained_variance   | 0.288        |
|    learning_rate        | 0.0003       |
|    loss                 | 0.0102       |
|    n_updates            | 2430         |
|    policy_gradient_loss | -0.00394     |
|    value_loss           | 0.0698       |
------------------------------------------

[eval @ 2,500,608 steps] 确定性评估胜率: 18.0%
-----------------------------------------
| battle/                 |             |
|    draw_rate            | 0           |
|    eval_win_rate        | 0.18        |
|    loss_rate            | 0.762       |
|    win_rate             | 0.237       |
| time/                   |             |
|    fps                  | 4975        |
|    iterations           | 407         |
|    time_elapsed         | 502         |
|    total_timesteps      | 2500608     |
| train/                  |             |
|    approx_kl            | 0.005040107 |
|    clip_fraction        | 0.0481      |
|    clip_range           | 0.2         |
|    entropy_loss         | -1.1        |
|    explained_variance   | 0.389       |
|    learning_rate        | 0.0003      |
|    loss                 | -0.000599   |
|    n_updates            | 2436        |
|    policy_gradient_loss | -0.00361    |
|    value_loss           | 0.0393      |
-----------------------------------------
------------------------------------------
| battle/                 |              |
|    draw_rate            | 0            |
|    loss_rate            | 0.765        |
|    win_rate             | 0.235        |
| time/                   |              |
|    fps                  | 4975         |
|    iterations           | 408          |
|    time_elapsed         | 503          |
|    total_timesteps      | 2506752      |
| train/                  |              |
|    approx_kl            | 0.0033559483 |
|    clip_fraction        | 0.0231       |
|    clip_range           | 0.2          |
|    entropy_loss         | -1.19        |
|    explained_variance   | 0.26         |
|    learning_rate        | 0.0003       |
|    loss                 | 0.0085       |
|    n_updates            | 2442         |
|    policy_gradient_loss | -0.00408     |
|    value_loss           | 0.0568       |
------------------------------------------
-----------------------------------------
| battle/                 |             |
|    draw_rate            | 0           |
|    loss_rate            | 0.755       |
|    win_rate             | 0.245       |
| time/                   |             |
|    fps                  | 4974        |
|    iterations           | 409         |
|    time_elapsed         | 505         |
|    total_timesteps      | 2512896     |
| train/                  |             |
|    approx_kl            | 0.005889084 |
|    clip_fraction        | 0.0372      |
|    clip_range           | 0.2         |
|    entropy_loss         | -1.07       |
|    explained_variance   | 0.266       |
|    learning_rate        | 0.0003      |
|    loss                 | 0.00952     |
|    n_updates            | 2448        |
|    policy_gradient_loss | -0.00512    |
|    value_loss           | 0.062       |
-----------------------------------------
-----------------------------------------
| battle/                 |             |
|    draw_rate            | 0           |
|    loss_rate            | 0.782       |
|    win_rate             | 0.217       |
| time/                   |             |
|    fps                  | 4974        |
|    iterations           | 410         |
|    time_elapsed         | 506         |
|    total_timesteps      | 2519040     |
| train/                  |             |
|    approx_kl            | 0.008940814 |
|    clip_fraction        | 0.0396      |
|    clip_range           | 0.2         |
|    entropy_loss         | -1.12       |
|    explained_variance   | 0.218       |
|    learning_rate        | 0.0003      |
|    loss                 | 0.0182      |
|    n_updates            | 2454        |
|    policy_gradient_loss | -0.00444    |
|    value_loss           | 0.0721      |
-----------------------------------------
-----------------------------------------
| battle/                 |             |
|    draw_rate            | 0           |
|    loss_rate            | 0.797       |
|    win_rate             | 0.203       |
| time/                   |             |
|    fps                  | 4975        |
|    iterations           | 411         |
|    time_elapsed         | 507         |
|    total_timesteps      | 2525184     |
| train/                  |             |
|    approx_kl            | 0.007129366 |
|    clip_fraction        | 0.0572      |
|    clip_range           | 0.2         |
|    entropy_loss         | -1.07       |
|    explained_variance   | 0.393       |
|    learning_rate        | 0.0003      |
|    loss                 | 0.00104     |
|    n_updates            | 2460        |
|    policy_gradient_loss | -0.00343    |
|    value_loss           | 0.0379      |
-----------------------------------------
------------------------------------------
| battle/                 |              |
|    draw_rate            | 0            |
|    loss_rate            | 0.782        |
|    win_rate             | 0.217        |
| time/                   |              |
|    fps                  | 4974         |
|    iterations           | 412          |
|    time_elapsed         | 508          |
|    total_timesteps      | 2531328      |
| train/                  |              |
|    approx_kl            | 0.0064887907 |
|    clip_fraction        | 0.0422       |
|    clip_range           | 0.2          |
|    entropy_loss         | -1.17        |
|    explained_variance   | 0.393        |
|    learning_rate        | 0.0003       |
|    loss                 | 0.00216      |
|    n_updates            | 2466         |
|    policy_gradient_loss | -0.00545     |
|    value_loss           | 0.0472       |
------------------------------------------
-----------------------------------------
| battle/                 |             |
|    draw_rate            | 0           |
|    loss_rate            | 0.787       |
|    win_rate             | 0.212       |
| time/                   |             |
|    fps                  | 4974        |
|    iterations           | 413         |
|    time_elapsed         | 510         |
|    total_timesteps      | 2537472     |
| train/                  |             |
|    approx_kl            | 0.006728446 |
|    clip_fraction        | 0.0441      |
|    clip_range           | 0.2         |
|    entropy_loss         | -1.15       |
|    explained_variance   | 0.369       |
|    learning_rate        | 0.0003      |
|    loss                 | 0.00577     |
|    n_updates            | 2472        |
|    policy_gradient_loss | -0.0052     |
|    value_loss           | 0.0584      |
-----------------------------------------
-----------------------------------------
| battle/                 |             |
|    draw_rate            | 0           |
|    loss_rate            | 0.8         |
|    win_rate             | 0.2         |
| time/                   |             |
|    fps                  | 4974        |
|    iterations           | 414         |
|    time_elapsed         | 511         |
|    total_timesteps      | 2543616     |
| train/                  |             |
|    approx_kl            | 0.006296609 |
|    clip_fraction        | 0.0339      |
|    clip_range           | 0.2         |
|    entropy_loss         | -1.09       |
|    explained_variance   | 0.269       |
|    learning_rate        | 0.0003      |
|    loss                 | 0.00999     |
|    n_updates            | 2478        |
|    policy_gradient_loss | -0.00525    |
|    value_loss           | 0.0679      |
-----------------------------------------
------------------------------------------
| battle/                 |              |
|    draw_rate            | 0            |
|    loss_rate            | 0.812        |
|    win_rate             | 0.188        |
| time/                   |              |
|    fps                  | 4974         |
|    iterations           | 415          |
|    time_elapsed         | 512          |
|    total_timesteps      | 2549760      |
| train/                  |              |
|    approx_kl            | 0.0059047467 |
|    clip_fraction        | 0.0382       |
|    clip_range           | 0.2          |
|    entropy_loss         | -1.16        |
|    explained_variance   | 0.328        |
|    learning_rate        | 0.0003       |
|    loss                 | 0.00221      |
|    n_updates            | 2484         |
|    policy_gradient_loss | -0.0043      |
|    value_loss           | 0.0532       |
------------------------------------------
-----------------------------------------
| battle/                 |             |
|    draw_rate            | 0           |
|    loss_rate            | 0.81        |
|    win_rate             | 0.19        |
| time/                   |             |
|    fps                  | 4974        |
|    iterations           | 416         |
|    time_elapsed         | 513         |
|    total_timesteps      | 2555904     |
| train/                  |             |
|    approx_kl            | 0.004938534 |
|    clip_fraction        | 0.0469      |
|    clip_range           | 0.2         |
|    entropy_loss         | -1.2        |
|    explained_variance   | 0.385       |
|    learning_rate        | 0.0003      |
|    loss                 | -0.000521   |
|    n_updates            | 2490        |
|    policy_gradient_loss | -0.00478    |
|    value_loss           | 0.0471      |
-----------------------------------------
------------------------------------------
| battle/                 |              |
|    draw_rate            | 0            |
|    loss_rate            | 0.797        |
|    win_rate             | 0.203        |
| time/                   |              |
|    fps                  | 4974         |
|    iterations           | 417          |
|    time_elapsed         | 514          |
|    total_timesteps      | 2562048      |
| train/                  |              |
|    approx_kl            | 0.0054979273 |
|    clip_fraction        | 0.0553       |
|    clip_range           | 0.2          |
|    entropy_loss         | -1.13        |
|    explained_variance   | 0.274        |
|    learning_rate        | 0.0003       |
|    loss                 | 0.00419      |
|    n_updates            | 2496         |
|    policy_gradient_loss | -0.00444     |
|    value_loss           | 0.0521       |
------------------------------------------
------------------------------------------
| battle/                 |              |
|    draw_rate            | 0            |
|    loss_rate            | 0.81         |
|    win_rate             | 0.19         |
| time/                   |              |
|    fps                  | 4974         |
|    iterations           | 418          |
|    time_elapsed         | 516          |
|    total_timesteps      | 2568192      |
| train/                  |              |
|    approx_kl            | 0.0044971122 |
|    clip_fraction        | 0.0536       |
|    clip_range           | 0.2          |
|    entropy_loss         | -1.19        |
|    explained_variance   | 0.271        |
|    learning_rate        | 0.0003       |
|    loss                 | 0.00629      |
|    n_updates            | 2502         |
|    policy_gradient_loss | -0.00479     |
|    value_loss           | 0.0577       |
------------------------------------------
-----------------------------------------
| battle/                 |             |
|    draw_rate            | 0           |
|    loss_rate            | 0.8         |
|    win_rate             | 0.2         |
| time/                   |             |
|    fps                  | 4974        |
|    iterations           | 419         |
|    time_elapsed         | 517         |
|    total_timesteps      | 2574336     |
| train/                  |             |
|    approx_kl            | 0.005552882 |
|    clip_fraction        | 0.0563      |
|    clip_range           | 0.2         |
|    entropy_loss         | -1.17       |
|    explained_variance   | 0.319       |
|    learning_rate        | 0.0003      |
|    loss                 | 0.00419     |
|    n_updates            | 2508        |
|    policy_gradient_loss | -0.0049     |
|    value_loss           | 0.0513      |
-----------------------------------------
-----------------------------------------
| battle/                 |             |
|    draw_rate            | 0           |
|    loss_rate            | 0.812       |
|    win_rate             | 0.188       |
| time/                   |             |
|    fps                  | 4974        |
|    iterations           | 420         |
|    time_elapsed         | 518         |
|    total_timesteps      | 2580480     |
| train/                  |             |
|    approx_kl            | 0.005035815 |
|    clip_fraction        | 0.0454      |
|    clip_range           | 0.2         |
|    entropy_loss         | -1.16       |
|    explained_variance   | 0.378       |
|    learning_rate        | 0.0003      |
|    loss                 | -0.000408   |
|    n_updates            | 2514        |
|    policy_gradient_loss | -0.00423    |
|    value_loss           | 0.0463      |
-----------------------------------------
------------------------------------------
| battle/                 |              |
|    draw_rate            | 0            |
|    loss_rate            | 0.79         |
|    win_rate             | 0.21         |
| time/                   |              |
|    fps                  | 4974         |
|    iterations           | 421          |
|    time_elapsed         | 519          |
|    total_timesteps      | 2586624      |
| train/                  |              |
|    approx_kl            | 0.0071555288 |
|    clip_fraction        | 0.0483       |
|    clip_range           | 0.2          |
|    entropy_loss         | -1.11        |
|    explained_variance   | 0.422        |
|    learning_rate        | 0.0003       |
|    loss                 | 0.00275      |
|    n_updates            | 2520         |
|    policy_gradient_loss | -0.00517     |
|    value_loss           | 0.0499       |
------------------------------------------
------------------------------------------
| battle/                 |              |
|    draw_rate            | 0            |
|    loss_rate            | 0.8          |
|    win_rate             | 0.2          |
| time/                   |              |
|    fps                  | 4975         |
|    iterations           | 422          |
|    time_elapsed         | 521          |
|    total_timesteps      | 2592768      |
| train/                  |              |
|    approx_kl            | 0.0061976076 |
|    clip_fraction        | 0.0296       |
|    clip_range           | 0.2          |
|    entropy_loss         | -1.16        |
|    explained_variance   | 0.334        |
|    learning_rate        | 0.0003       |
|    loss                 | 0.00995      |
|    n_updates            | 2526         |
|    policy_gradient_loss | -0.00378     |
|    value_loss           | 0.0668       |
------------------------------------------
-----------------------------------------
| battle/                 |             |
|    draw_rate            | 0           |
|    loss_rate            | 0.795       |
|    win_rate             | 0.205       |
| time/                   |             |
|    fps                  | 4975        |
|    iterations           | 423         |
|    time_elapsed         | 522         |
|    total_timesteps      | 2598912     |
| train/                  |             |
|    approx_kl            | 0.006372571 |
|    clip_fraction        | 0.0481      |
|    clip_range           | 0.2         |
|    entropy_loss         | -1.14       |
|    explained_variance   | 0.412       |
|    learning_rate        | 0.0003      |
|    loss                 | -0.00154    |
|    n_updates            | 2532        |
|    policy_gradient_loss | -0.00422    |
|    value_loss           | 0.038       |
-----------------------------------------
------------------------------------------
| battle/                 |              |
|    draw_rate            | 0            |
|    loss_rate            | 0.8          |
|    win_rate             | 0.2          |
| time/                   |              |
|    fps                  | 4975         |
|    iterations           | 424          |
|    time_elapsed         | 523          |
|    total_timesteps      | 2605056      |
| train/                  |              |
|    approx_kl            | 0.0041366727 |
|    clip_fraction        | 0.0486       |
|    clip_range           | 0.2          |
|    entropy_loss         | -1.13        |
|    explained_variance   | 0.296        |
|    learning_rate        | 0.0003       |
|    loss                 | 0.000427     |
|    n_updates            | 2538         |
|    policy_gradient_loss | -0.00406     |
|    value_loss           | 0.0515       |
------------------------------------------
------------------------------------------
| battle/                 |              |
|    draw_rate            | 0            |
|    loss_rate            | 0.8          |
|    win_rate             | 0.2          |
| time/                   |              |
|    fps                  | 4975         |
|    iterations           | 425          |
|    time_elapsed         | 524          |
|    total_timesteps      | 2611200      |
| train/                  |              |
|    approx_kl            | 0.0035977329 |
|    clip_fraction        | 0.0401       |
|    clip_range           | 0.2          |
|    entropy_loss         | -1.12        |
|    explained_variance   | 0.251        |
|    learning_rate        | 0.0003       |
|    loss                 | 0.0128       |
|    n_updates            | 2544         |
|    policy_gradient_loss | -0.00301     |
|    value_loss           | 0.0636       |
------------------------------------------
------------------------------------------
| battle/                 |              |
|    draw_rate            | 0            |
|    loss_rate            | 0.797        |
|    win_rate             | 0.203        |
| time/                   |              |
|    fps                  | 4975         |
|    iterations           | 426          |
|    time_elapsed         | 526          |
|    total_timesteps      | 2617344      |
| train/                  |              |
|    approx_kl            | 0.0073350403 |
|    clip_fraction        | 0.062        |
|    clip_range           | 0.2          |
|    entropy_loss         | -1.17        |
|    explained_variance   | 0.292        |
|    learning_rate        | 0.0003       |
|    loss                 | 0.00253      |
|    n_updates            | 2550         |
|    policy_gradient_loss | -0.00484     |
|    value_loss           | 0.0481       |
------------------------------------------
------------------------------------------
| battle/                 |              |
|    draw_rate            | 0            |
|    loss_rate            | 0.82         |
|    win_rate             | 0.18         |
| time/                   |              |
|    fps                  | 4975         |
|    iterations           | 427          |
|    time_elapsed         | 527          |
|    total_timesteps      | 2623488      |
| train/                  |              |
|    approx_kl            | 0.0049818656 |
|    clip_fraction        | 0.0442       |
|    clip_range           | 0.2          |
|    entropy_loss         | -1.12        |
|    explained_variance   | 0.381        |
|    learning_rate        | 0.0003       |
|    loss                 | -0.00245     |
|    n_updates            | 2556         |
|    policy_gradient_loss | -0.00442     |
|    value_loss           | 0.0404       |
------------------------------------------
-----------------------------------------
| battle/                 |             |
|    draw_rate            | 0           |
|    loss_rate            | 0.828       |
|    win_rate             | 0.172       |
| time/                   |             |
|    fps                  | 4976        |
|    iterations           | 428         |
|    time_elapsed         | 528         |
|    total_timesteps      | 2629632     |
| train/                  |             |
|    approx_kl            | 0.005607719 |
|    clip_fraction        | 0.0385      |
|    clip_range           | 0.2         |
|    entropy_loss         | -1.08       |
|    explained_variance   | 0.397       |
|    learning_rate        | 0.0003      |
|    loss                 | 0.00404     |
|    n_updates            | 2562        |
|    policy_gradient_loss | -0.00409    |
|    value_loss           | 0.0397      |
-----------------------------------------
------------------------------------------
| battle/                 |              |
|    draw_rate            | 0            |
|    loss_rate            | 0.81         |
|    win_rate             | 0.19         |
| time/                   |              |
|    fps                  | 4976         |
|    iterations           | 429          |
|    time_elapsed         | 529          |
|    total_timesteps      | 2635776      |
| train/                  |              |
|    approx_kl            | 0.0060926625 |
|    clip_fraction        | 0.0573       |
|    clip_range           | 0.2          |
|    entropy_loss         | -1.14        |
|    explained_variance   | 0.299        |
|    learning_rate        | 0.0003       |
|    loss                 | 0.000723     |
|    n_updates            | 2568         |
|    policy_gradient_loss | -0.00492     |
|    value_loss           | 0.0519       |
------------------------------------------
------------------------------------------
| battle/                 |              |
|    draw_rate            | 0            |
|    loss_rate            | 0.82         |
|    win_rate             | 0.18         |
| time/                   |              |
|    fps                  | 4976         |
|    iterations           | 430          |
|    time_elapsed         | 530          |
|    total_timesteps      | 2641920      |
| train/                  |              |
|    approx_kl            | 0.0066621876 |
|    clip_fraction        | 0.0658       |
|    clip_range           | 0.2          |
|    entropy_loss         | -1.09        |
|    explained_variance   | 0.308        |
|    learning_rate        | 0.0003       |
|    loss                 | 0.011        |
|    n_updates            | 2574         |
|    policy_gradient_loss | -0.00409     |
|    value_loss           | 0.0604       |
------------------------------------------
------------------------------------------
| battle/                 |              |
|    draw_rate            | 0            |
|    loss_rate            | 0.807        |
|    win_rate             | 0.193        |
| time/                   |              |
|    fps                  | 4977         |
|    iterations           | 431          |
|    time_elapsed         | 532          |
|    total_timesteps      | 2648064      |
| train/                  |              |
|    approx_kl            | 0.0057100747 |
|    clip_fraction        | 0.0563       |
|    clip_range           | 0.2          |
|    entropy_loss         | -1.14        |
|    explained_variance   | 0.4          |
|    learning_rate        | 0.0003       |
|    loss                 | -0.00111     |
|    n_updates            | 2580         |
|    policy_gradient_loss | -0.00522     |
|    value_loss           | 0.0469       |
------------------------------------------
-----------------------------------------
| battle/                 |             |
|    draw_rate            | 0           |
|    loss_rate            | 0.802       |
|    win_rate             | 0.198       |
| time/                   |             |
|    fps                  | 4972        |
|    iterations           | 432         |
|    time_elapsed         | 533         |
|    total_timesteps      | 2654208     |
| train/                  |             |
|    approx_kl            | 0.006018544 |
|    clip_fraction        | 0.0291      |
|    clip_range           | 0.2         |
|    entropy_loss         | -1.13       |
|    explained_variance   | 0.216       |
|    learning_rate        | 0.0003      |
|    loss                 | 0.0101      |
|    n_updates            | 2586        |
|    policy_gradient_loss | -0.00428    |
|    value_loss           | 0.0686      |
-----------------------------------------
------------------------------------------
| battle/                 |              |
|    draw_rate            | 0            |
|    loss_rate            | 0.787        |
|    win_rate             | 0.212        |
| time/                   |              |
|    fps                  | 4969         |
|    iterations           | 433          |
|    time_elapsed         | 535          |
|    total_timesteps      | 2660352      |
| train/                  |              |
|    approx_kl            | 0.0076690377 |
|    clip_fraction        | 0.058        |
|    clip_range           | 0.2          |
|    entropy_loss         | -1.17        |
|    explained_variance   | 0.356        |
|    learning_rate        | 0.0003       |
|    loss                 | 0.00485      |
|    n_updates            | 2592         |
|    policy_gradient_loss | -0.00491     |
|    value_loss           | 0.0589       |
------------------------------------------
-----------------------------------------
| battle/                 |             |
|    draw_rate            | 0           |
|    loss_rate            | 0.777       |
|    win_rate             | 0.223       |
| time/                   |             |
|    fps                  | 4966        |
|    iterations           | 434         |
|    time_elapsed         | 536         |
|    total_timesteps      | 2666496     |
| train/                  |             |
|    approx_kl            | 0.005455471 |
|    clip_fraction        | 0.0543      |
|    clip_range           | 0.2         |
|    entropy_loss         | -1.08       |
|    explained_variance   | 0.291       |
|    learning_rate        | 0.0003      |
|    loss                 | 0.00878     |
|    n_updates            | 2598        |
|    policy_gradient_loss | -0.00456    |
|    value_loss           | 0.0611      |
-----------------------------------------
------------------------------------------
| battle/                 |              |
|    draw_rate            | 0            |
|    loss_rate            | 0.785        |
|    win_rate             | 0.215        |
| time/                   |              |
|    fps                  | 4962         |
|    iterations           | 435          |
|    time_elapsed         | 538          |
|    total_timesteps      | 2672640      |
| train/                  |              |
|    approx_kl            | 0.0033365048 |
|    clip_fraction        | 0.0339       |
|    clip_range           | 0.2          |
|    entropy_loss         | -1.05        |
|    explained_variance   | 0.23         |
|    learning_rate        | 0.0003       |
|    loss                 | 0.011        |
|    n_updates            | 2604         |
|    policy_gradient_loss | -0.0041      |
|    value_loss           | 0.0682       |
------------------------------------------
------------------------------------------
| battle/                 |              |
|    draw_rate            | 0            |
|    loss_rate            | 0.777        |
|    win_rate             | 0.223        |
| time/                   |              |
|    fps                  | 4958         |
|    iterations           | 436          |
|    time_elapsed         | 540          |
|    total_timesteps      | 2678784      |
| train/                  |              |
|    approx_kl            | 0.0073162527 |
|    clip_fraction        | 0.048        |
|    clip_range           | 0.2          |
|    entropy_loss         | -1.09        |
|    explained_variance   | 0.426        |
|    learning_rate        | 0.0003       |
|    loss                 | 0.00794      |
|    n_updates            | 2610         |
|    policy_gradient_loss | -0.00418     |
|    value_loss           | 0.0478       |
------------------------------------------
------------------------------------------
| battle/                 |              |
|    draw_rate            | 0            |
|    loss_rate            | 0.795        |
|    win_rate             | 0.205        |
| time/                   |              |
|    fps                  | 4954         |
|    iterations           | 437          |
|    time_elapsed         | 541          |
|    total_timesteps      | 2684928      |
| train/                  |              |
|    approx_kl            | 0.0042804214 |
|    clip_fraction        | 0.0327       |
|    clip_range           | 0.2          |
|    entropy_loss         | -1.17        |
|    explained_variance   | 0.328        |
|    learning_rate        | 0.0003       |
|    loss                 | 0.00753      |
|    n_updates            | 2616         |
|    policy_gradient_loss | -0.00467     |
|    value_loss           | 0.0569       |
------------------------------------------
-----------------------------------------
| battle/                 |             |
|    draw_rate            | 0           |
|    loss_rate            | 0.795       |
|    win_rate             | 0.205       |
| time/                   |             |
|    fps                  | 4951        |
|    iterations           | 438         |
|    time_elapsed         | 543         |
|    total_timesteps      | 2691072     |
| train/                  |             |
|    approx_kl            | 0.005666817 |
|    clip_fraction        | 0.0481      |
|    clip_range           | 0.2         |
|    entropy_loss         | -1.09       |
|    explained_variance   | 0.357       |
|    learning_rate        | 0.0003      |
|    loss                 | 0.00204     |
|    n_updates            | 2622        |
|    policy_gradient_loss | -0.00478    |
|    value_loss           | 0.0449      |
-----------------------------------------
------------------------------------------
| battle/                 |              |
|    draw_rate            | 0            |
|    loss_rate            | 0.79         |
|    win_rate             | 0.21         |
| time/                   |              |
|    fps                  | 4948         |
|    iterations           | 439          |
|    time_elapsed         | 545          |
|    total_timesteps      | 2697216      |
| train/                  |              |
|    approx_kl            | 0.0045202337 |
|    clip_fraction        | 0.0312       |
|    clip_range           | 0.2          |
|    entropy_loss         | -1.15        |
|    explained_variance   | 0.329        |
|    learning_rate        | 0.0003       |
|    loss                 | 0.00666      |
|    n_updates            | 2628         |
|    policy_gradient_loss | -0.00489     |
|    value_loss           | 0.0576       |
------------------------------------------
------------------------------------------
| battle/                 |              |
|    draw_rate            | 0            |
|    loss_rate            | 0.8          |
|    win_rate             | 0.2          |
| time/                   |              |
|    fps                  | 4946         |
|    iterations           | 440          |
|    time_elapsed         | 546          |
|    total_timesteps      | 2703360      |
| train/                  |              |
|    approx_kl            | 0.0037417728 |
|    clip_fraction        | 0.0416       |
|    clip_range           | 0.2          |
|    entropy_loss         | -1.14        |
|    explained_variance   | 0.336        |
|    learning_rate        | 0.0003       |
|    loss                 | 0.0067       |
|    n_updates            | 2634         |
|    policy_gradient_loss | -0.00429     |
|    value_loss           | 0.0562       |
------------------------------------------
------------------------------------------
| battle/                 |              |
|    draw_rate            | 0            |
|    loss_rate            | 0.805        |
|    win_rate             | 0.195        |
| time/                   |              |
|    fps                  | 4946         |
|    iterations           | 441          |
|    time_elapsed         | 547          |
|    total_timesteps      | 2709504      |
| train/                  |              |
|    approx_kl            | 0.0044327755 |
|    clip_fraction        | 0.0319       |
|    clip_range           | 0.2          |
|    entropy_loss         | -1.11        |
|    explained_variance   | 0.325        |
|    learning_rate        | 0.0003       |
|    loss                 | 0.00496      |
|    n_updates            | 2640         |
|    policy_gradient_loss | -0.00432     |
|    value_loss           | 0.0566       |
------------------------------------------
-----------------------------------------
| battle/                 |             |
|    draw_rate            | 0           |
|    loss_rate            | 0.802       |
|    win_rate             | 0.198       |
| time/                   |             |
|    fps                  | 4945        |
|    iterations           | 442         |
|    time_elapsed         | 549         |
|    total_timesteps      | 2715648     |
| train/                  |             |
|    approx_kl            | 0.006208759 |
|    clip_fraction        | 0.0484      |
|    clip_range           | 0.2         |
|    entropy_loss         | -1.07       |
|    explained_variance   | 0.327       |
|    learning_rate        | 0.0003      |
|    loss                 | 0.00961     |
|    n_updates            | 2646        |
|    policy_gradient_loss | -0.00417    |
|    value_loss           | 0.0555      |
-----------------------------------------
-----------------------------------------
| battle/                 |             |
|    draw_rate            | 0           |
|    loss_rate            | 0.792       |
|    win_rate             | 0.207       |
| time/                   |             |
|    fps                  | 4945        |
|    iterations           | 443         |
|    time_elapsed         | 550         |
|    total_timesteps      | 2721792     |
| train/                  |             |
|    approx_kl            | 0.004787467 |
|    clip_fraction        | 0.0311      |
|    clip_range           | 0.2         |
|    entropy_loss         | -1.11       |
|    explained_variance   | 0.356       |
|    learning_rate        | 0.0003      |
|    loss                 | 0.00542     |
|    n_updates            | 2652        |
|    policy_gradient_loss | -0.00494    |
|    value_loss           | 0.0518      |
-----------------------------------------
------------------------------------------
| battle/                 |              |
|    draw_rate            | 0            |
|    loss_rate            | 0.797        |
|    win_rate             | 0.203        |
| time/                   |              |
|    fps                  | 4945         |
|    iterations           | 444          |
|    time_elapsed         | 551          |
|    total_timesteps      | 2727936      |
| train/                  |              |
|    approx_kl            | 0.0055692364 |
|    clip_fraction        | 0.0458       |
|    clip_range           | 0.2          |
|    entropy_loss         | -0.99        |
|    explained_variance   | 0.208        |
|    learning_rate        | 0.0003       |
|    loss                 | 0.0114       |
|    n_updates            | 2658         |
|    policy_gradient_loss | -0.0051      |
|    value_loss           | 0.0656       |
------------------------------------------
-----------------------------------------
| battle/                 |             |
|    draw_rate            | 0           |
|    loss_rate            | 0.805       |
|    win_rate             | 0.195       |
| time/                   |             |
|    fps                  | 4945        |
|    iterations           | 445         |
|    time_elapsed         | 552         |
|    total_timesteps      | 2734080     |
| train/                  |             |
|    approx_kl            | 0.005237037 |
|    clip_fraction        | 0.0356      |
|    clip_range           | 0.2         |
|    entropy_loss         | -1.01       |
|    explained_variance   | 0.247       |
|    learning_rate        | 0.0003      |
|    loss                 | 0.00751     |
|    n_updates            | 2664        |
|    policy_gradient_loss | -0.0054     |
|    value_loss           | 0.0567      |
-----------------------------------------
------------------------------------------
| battle/                 |              |
|    draw_rate            | 0            |
|    loss_rate            | 0.812        |
|    win_rate             | 0.188        |
| time/                   |              |
|    fps                  | 4945         |
|    iterations           | 446          |
|    time_elapsed         | 554          |
|    total_timesteps      | 2740224      |
| train/                  |              |
|    approx_kl            | 0.0035913244 |
|    clip_fraction        | 0.0323       |
|    clip_range           | 0.2          |
|    entropy_loss         | -0.998       |
|    explained_variance   | 0.333        |
|    learning_rate        | 0.0003       |
|    loss                 | 0.00211      |
|    n_updates            | 2670         |
|    policy_gradient_loss | -0.00412     |
|    value_loss           | 0.0404       |
------------------------------------------
------------------------------------------
| battle/                 |              |
|    draw_rate            | 0            |
|    loss_rate            | 0.805        |
|    win_rate             | 0.195        |
| time/                   |              |
|    fps                  | 4945         |
|    iterations           | 447          |
|    time_elapsed         | 555          |
|    total_timesteps      | 2746368      |
| train/                  |              |
|    approx_kl            | 0.0050493856 |
|    clip_fraction        | 0.0505       |
|    clip_range           | 0.2          |
|    entropy_loss         | -1.04        |
|    explained_variance   | 0.372        |
|    learning_rate        | 0.0003       |
|    loss                 | 0.00276      |
|    n_updates            | 2676         |
|    policy_gradient_loss | -0.00433     |
|    value_loss           | 0.048        |
------------------------------------------
------------------------------------------
| battle/                 |              |
|    draw_rate            | 0            |
|    loss_rate            | 0.807        |
|    win_rate             | 0.193        |
| time/                   |              |
|    fps                  | 4946         |
|    iterations           | 448          |
|    time_elapsed         | 556          |
|    total_timesteps      | 2752512      |
| train/                  |              |
|    approx_kl            | 0.0035271377 |
|    clip_fraction        | 0.0294       |
|    clip_range           | 0.2          |
|    entropy_loss         | -1.04        |
|    explained_variance   | 0.332        |
|    learning_rate        | 0.0003       |
|    loss                 | 0.00867      |
|    n_updates            | 2682         |
|    policy_gradient_loss | -0.00457     |
|    value_loss           | 0.0554       |
------------------------------------------
-----------------------------------------
| battle/                 |             |
|    draw_rate            | 0           |
|    loss_rate            | 0.823       |
|    win_rate             | 0.177       |
| time/                   |             |
|    fps                  | 4946        |
|    iterations           | 449         |
|    time_elapsed         | 557         |
|    total_timesteps      | 2758656     |
| train/                  |             |
|    approx_kl            | 0.003142678 |
|    clip_fraction        | 0.0306      |
|    clip_range           | 0.2         |
|    entropy_loss         | -1.06       |
|    explained_variance   | 0.388       |
|    learning_rate        | 0.0003      |
|    loss                 | 0.00727     |
|    n_updates            | 2688        |
|    policy_gradient_loss | -0.00396    |
|    value_loss           | 0.0462      |
-----------------------------------------
------------------------------------------
| battle/                 |              |
|    draw_rate            | 0            |
|    loss_rate            | 0.835        |
|    win_rate             | 0.165        |
| time/                   |              |
|    fps                  | 4946         |
|    iterations           | 450          |
|    time_elapsed         | 558          |
|    total_timesteps      | 2764800      |
| train/                  |              |
|    approx_kl            | 0.0060130996 |
|    clip_fraction        | 0.0306       |
|    clip_range           | 0.2          |
|    entropy_loss         | -1.03        |
|    explained_variance   | 0.428        |
|    learning_rate        | 0.0003       |
|    loss                 | -0.00131     |
|    n_updates            | 2694         |
|    policy_gradient_loss | -0.00485     |
|    value_loss           | 0.0367       |
------------------------------------------
------------------------------------------
| battle/                 |              |
|    draw_rate            | 0            |
|    loss_rate            | 0.818        |
|    win_rate             | 0.182        |
| time/                   |              |
|    fps                  | 4946         |
|    iterations           | 451          |
|    time_elapsed         | 560          |
|    total_timesteps      | 2770944      |
| train/                  |              |
|    approx_kl            | 0.0062864423 |
|    clip_fraction        | 0.0519       |
|    clip_range           | 0.2          |
|    entropy_loss         | -1.11        |
|    explained_variance   | 0.405        |
|    learning_rate        | 0.0003       |
|    loss                 | 0.00359      |
|    n_updates            | 2700         |
|    policy_gradient_loss | -0.00304     |
|    value_loss           | 0.0471       |
------------------------------------------
------------------------------------------
| battle/                 |              |
|    draw_rate            | 0            |
|    loss_rate            | 0.797        |
|    win_rate             | 0.203        |
| time/                   |              |
|    fps                  | 4944         |
|    iterations           | 452          |
|    time_elapsed         | 561          |
|    total_timesteps      | 2777088      |
| train/                  |              |
|    approx_kl            | 0.0047859047 |
|    clip_fraction        | 0.0393       |
|    clip_range           | 0.2          |
|    entropy_loss         | -1.05        |
|    explained_variance   | 0.224        |
|    learning_rate        | 0.0003       |
|    loss                 | 0.0122       |
|    n_updates            | 2706         |
|    policy_gradient_loss | -0.00333     |
|    value_loss           | 0.0693       |
------------------------------------------
------------------------------------------
| battle/                 |              |
|    draw_rate            | 0            |
|    loss_rate            | 0.782        |
|    win_rate             | 0.217        |
| time/                   |              |
|    fps                  | 4945         |
|    iterations           | 453          |
|    time_elapsed         | 562          |
|    total_timesteps      | 2783232      |
| train/                  |              |
|    approx_kl            | 0.0039877333 |
|    clip_fraction        | 0.0439       |
|    clip_range           | 0.2          |
|    entropy_loss         | -1.16        |
|    explained_variance   | 0.253        |
|    learning_rate        | 0.0003       |
|    loss                 | 0.0118       |
|    n_updates            | 2712         |
|    policy_gradient_loss | -0.00465     |
|    value_loss           | 0.0732       |
------------------------------------------
------------------------------------------
| battle/                 |              |
|    draw_rate            | 0            |
|    loss_rate            | 0.787        |
|    win_rate             | 0.212        |
| time/                   |              |
|    fps                  | 4944         |
|    iterations           | 454          |
|    time_elapsed         | 564          |
|    total_timesteps      | 2789376      |
| train/                  |              |
|    approx_kl            | 0.0034442684 |
|    clip_fraction        | 0.0329       |
|    clip_range           | 0.2          |
|    entropy_loss         | -1.17        |
|    explained_variance   | 0.243        |
|    learning_rate        | 0.0003       |
|    loss                 | 0.00689      |
|    n_updates            | 2718         |
|    policy_gradient_loss | -0.00483     |
|    value_loss           | 0.0629       |
------------------------------------------
-----------------------------------------
| battle/                 |             |
|    draw_rate            | 0           |
|    loss_rate            | 0.772       |
|    win_rate             | 0.228       |
| time/                   |             |
|    fps                  | 4944        |
|    iterations           | 455         |
|    time_elapsed         | 565         |
|    total_timesteps      | 2795520     |
| train/                  |             |
|    approx_kl            | 0.004874394 |
|    clip_fraction        | 0.041       |
|    clip_range           | 0.2         |
|    entropy_loss         | -1.08       |
|    explained_variance   | 0.306       |
|    learning_rate        | 0.0003      |
|    loss                 | -5.89e-05   |
|    n_updates            | 2724        |
|    policy_gradient_loss | -0.00501    |
|    value_loss           | 0.0444      |
-----------------------------------------
----------------------------------------
| battle/                 |            |
|    draw_rate            | 0          |
|    loss_rate            | 0.765      |
|    win_rate             | 0.235      |
| time/                   |            |
|    fps                  | 4944       |
|    iterations           | 456        |
|    time_elapsed         | 566        |
|    total_timesteps      | 2801664    |
| train/                  |            |
|    approx_kl            | 0.00537635 |
|    clip_fraction        | 0.0797     |
|    clip_range           | 0.2        |
|    entropy_loss         | -1.06      |
|    explained_variance   | 0.299      |
|    learning_rate        | 0.0003     |
|    loss                 | 0.00567    |
|    n_updates            | 2730       |
|    policy_gradient_loss | -0.00603   |
|    value_loss           | 0.0575     |
----------------------------------------
------------------------------------------
| battle/                 |              |
|    draw_rate            | 0            |
|    loss_rate            | 0.775        |
|    win_rate             | 0.225        |
| time/                   |              |
|    fps                  | 4944         |
|    iterations           | 457          |
|    time_elapsed         | 567          |
|    total_timesteps      | 2807808      |
| train/                  |              |
|    approx_kl            | 0.0053022797 |
|    clip_fraction        | 0.061        |
|    clip_range           | 0.2          |
|    entropy_loss         | -1.09        |
|    explained_variance   | 0.258        |
|    learning_rate        | 0.0003       |
|    loss                 | 0.00499      |
|    n_updates            | 2736         |
|    policy_gradient_loss | -0.00432     |
|    value_loss           | 0.0517       |
------------------------------------------
-----------------------------------------
| battle/                 |             |
|    draw_rate            | 0           |
|    loss_rate            | 0.78        |
|    win_rate             | 0.22        |
| time/                   |             |
|    fps                  | 4943        |
|    iterations           | 458         |
|    time_elapsed         | 569         |
|    total_timesteps      | 2813952     |
| train/                  |             |
|    approx_kl            | 0.005436161 |
|    clip_fraction        | 0.0465      |
|    clip_range           | 0.2         |
|    entropy_loss         | -1.05       |
|    explained_variance   | 0.392       |
|    learning_rate        | 0.0003      |
|    loss                 | 0.00256     |
|    n_updates            | 2742        |
|    policy_gradient_loss | -0.0044     |
|    value_loss           | 0.0431      |
-----------------------------------------
------------------------------------------
| battle/                 |              |
|    draw_rate            | 0            |
|    loss_rate            | 0.797        |
|    win_rate             | 0.203        |
| time/                   |              |
|    fps                  | 4943         |
|    iterations           | 459          |
|    time_elapsed         | 570          |
|    total_timesteps      | 2820096      |
| train/                  |              |
|    approx_kl            | 0.0043700407 |
|    clip_fraction        | 0.04         |
|    clip_range           | 0.2          |
|    entropy_loss         | -1.12        |
|    explained_variance   | 0.312        |
|    learning_rate        | 0.0003       |
|    loss                 | 0.0108       |
|    n_updates            | 2748         |
|    policy_gradient_loss | -0.00471     |
|    value_loss           | 0.0647       |
------------------------------------------
------------------------------------------
| battle/                 |              |
|    draw_rate            | 0            |
|    loss_rate            | 0.792        |
|    win_rate             | 0.207        |
| time/                   |              |
|    fps                  | 4943         |
|    iterations           | 460          |
|    time_elapsed         | 571          |
|    total_timesteps      | 2826240      |
| train/                  |              |
|    approx_kl            | 0.0063669193 |
|    clip_fraction        | 0.0464       |
|    clip_range           | 0.2          |
|    entropy_loss         | -1.24        |
|    explained_variance   | 0.46         |
|    learning_rate        | 0.0003       |
|    loss                 | 0.00322      |
|    n_updates            | 2754         |
|    policy_gradient_loss | -0.00525     |
|    value_loss           | 0.0467       |
------------------------------------------
------------------------------------------
| battle/                 |              |
|    draw_rate            | 0            |
|    loss_rate            | 0.825        |
|    win_rate             | 0.175        |
| time/                   |              |
|    fps                  | 4943         |
|    iterations           | 461          |
|    time_elapsed         | 572          |
|    total_timesteps      | 2832384      |
| train/                  |              |
|    approx_kl            | 0.0055661597 |
|    clip_fraction        | 0.0352       |
|    clip_range           | 0.2          |
|    entropy_loss         | -1.03        |
|    explained_variance   | 0.336        |
|    learning_rate        | 0.0003       |
|    loss                 | 0.00708      |
|    n_updates            | 2760         |
|    policy_gradient_loss | -0.00473     |
|    value_loss           | 0.0599       |
------------------------------------------
------------------------------------------
| battle/                 |              |
|    draw_rate            | 0            |
|    loss_rate            | 0.818        |
|    win_rate             | 0.182        |
| time/                   |              |
|    fps                  | 4943         |
|    iterations           | 462          |
|    time_elapsed         | 574          |
|    total_timesteps      | 2838528      |
| train/                  |              |
|    approx_kl            | 0.0040160366 |
|    clip_fraction        | 0.0343       |
|    clip_range           | 0.2          |
|    entropy_loss         | -1.16        |
|    explained_variance   | 0.426        |
|    learning_rate        | 0.0003       |
|    loss                 | -0.00159     |
|    n_updates            | 2766         |
|    policy_gradient_loss | -0.00396     |
|    value_loss           | 0.0389       |
------------------------------------------
------------------------------------------
| battle/                 |              |
|    draw_rate            | 0            |
|    loss_rate            | 0.8          |
|    win_rate             | 0.2          |
| time/                   |              |
|    fps                  | 4943         |
|    iterations           | 463          |
|    time_elapsed         | 575          |
|    total_timesteps      | 2844672      |
| train/                  |              |
|    approx_kl            | 0.0040359967 |
|    clip_fraction        | 0.0691       |
|    clip_range           | 0.2          |
|    entropy_loss         | -1.08        |
|    explained_variance   | 0.305        |
|    learning_rate        | 0.0003       |
|    loss                 | 0.0101       |
|    n_updates            | 2772         |
|    policy_gradient_loss | -0.00488     |
|    value_loss           | 0.0583       |
------------------------------------------
------------------------------------------
| battle/                 |              |
|    draw_rate            | 0            |
|    loss_rate            | 0.805        |
|    win_rate             | 0.195        |
| time/                   |              |
|    fps                  | 4943         |
|    iterations           | 464          |
|    time_elapsed         | 576          |
|    total_timesteps      | 2850816      |
| train/                  |              |
|    approx_kl            | 0.0036302295 |
|    clip_fraction        | 0.0247       |
|    clip_range           | 0.2          |
|    entropy_loss         | -1.21        |
|    explained_variance   | 0.358        |
|    learning_rate        | 0.0003       |
|    loss                 | 0.00448      |
|    n_updates            | 2778         |
|    policy_gradient_loss | -0.00476     |
|    value_loss           | 0.0542       |
------------------------------------------
-----------------------------------------
| battle/                 |             |
|    draw_rate            | 0           |
|    loss_rate            | 0.807       |
|    win_rate             | 0.193       |
| time/                   |             |
|    fps                  | 4942        |
|    iterations           | 465         |
|    time_elapsed         | 578         |
|    total_timesteps      | 2856960     |
| train/                  |             |
|    approx_kl            | 0.004613587 |
|    clip_fraction        | 0.0329      |
|    clip_range           | 0.2         |
|    entropy_loss         | -0.977      |
|    explained_variance   | 0.336       |
|    learning_rate        | 0.0003      |
|    loss                 | 0.000393    |
|    n_updates            | 2784        |
|    policy_gradient_loss | -0.00354    |
|    value_loss           | 0.044       |
-----------------------------------------
------------------------------------------
| battle/                 |              |
|    draw_rate            | 0            |
|    loss_rate            | 0.787        |
|    win_rate             | 0.212        |
| time/                   |              |
|    fps                  | 4941         |
|    iterations           | 466          |
|    time_elapsed         | 579          |
|    total_timesteps      | 2863104      |
| train/                  |              |
|    approx_kl            | 0.0048129302 |
|    clip_fraction        | 0.0512       |
|    clip_range           | 0.2          |
|    entropy_loss         | -1.02        |
|    explained_variance   | 0.35         |
|    learning_rate        | 0.0003       |
|    loss                 | 0.00619      |
|    n_updates            | 2790         |
|    policy_gradient_loss | -0.00425     |
|    value_loss           | 0.0505       |
------------------------------------------
------------------------------------------
| battle/                 |              |
|    draw_rate            | 0            |
|    loss_rate            | 0.767        |
|    win_rate             | 0.233        |
| time/                   |              |
|    fps                  | 4941         |
|    iterations           | 467          |
|    time_elapsed         | 580          |
|    total_timesteps      | 2869248      |
| train/                  |              |
|    approx_kl            | 0.0053860187 |
|    clip_fraction        | 0.0342       |
|    clip_range           | 0.2          |
|    entropy_loss         | -1.16        |
|    explained_variance   | 0.239        |
|    learning_rate        | 0.0003       |
|    loss                 | 0.0125       |
|    n_updates            | 2796         |
|    policy_gradient_loss | -0.00431     |
|    value_loss           | 0.0692       |
------------------------------------------
------------------------------------------
| battle/                 |              |
|    draw_rate            | 0            |
|    loss_rate            | 0.757        |
|    win_rate             | 0.242        |
| time/                   |              |
|    fps                  | 4941         |
|    iterations           | 468          |
|    time_elapsed         | 581          |
|    total_timesteps      | 2875392      |
| train/                  |              |
|    approx_kl            | 0.0055153077 |
|    clip_fraction        | 0.061        |
|    clip_range           | 0.2          |
|    entropy_loss         | -1.09        |
|    explained_variance   | 0.319        |
|    learning_rate        | 0.0003       |
|    loss                 | 0.0052       |
|    n_updates            | 2802         |
|    policy_gradient_loss | -0.00443     |
|    value_loss           | 0.0592       |
------------------------------------------
-----------------------------------------
| battle/                 |             |
|    draw_rate            | 0           |
|    loss_rate            | 0.755       |
|    win_rate             | 0.245       |
| time/                   |             |
|    fps                  | 4941        |
|    iterations           | 469         |
|    time_elapsed         | 583         |
|    total_timesteps      | 2881536     |
| train/                  |             |
|    approx_kl            | 0.005716605 |
|    clip_fraction        | 0.0608      |
|    clip_range           | 0.2         |
|    entropy_loss         | -1.05       |
|    explained_variance   | 0.248       |
|    learning_rate        | 0.0003      |
|    loss                 | 0.0102      |
|    n_updates            | 2808        |
|    policy_gradient_loss | -0.00456    |
|    value_loss           | 0.0588      |
-----------------------------------------
------------------------------------------
| battle/                 |              |
|    draw_rate            | 0            |
|    loss_rate            | 0.762        |
|    win_rate             | 0.237        |
| time/                   |              |
|    fps                  | 4941         |
|    iterations           | 470          |
|    time_elapsed         | 584          |
|    total_timesteps      | 2887680      |
| train/                  |              |
|    approx_kl            | 0.0052556177 |
|    clip_fraction        | 0.0315       |
|    clip_range           | 0.2          |
|    entropy_loss         | -0.953       |
|    explained_variance   | 0.13         |
|    learning_rate        | 0.0003       |
|    loss                 | 0.0095       |
|    n_updates            | 2814         |
|    policy_gradient_loss | -0.00463     |
|    value_loss           | 0.0665       |
------------------------------------------
------------------------------------------
| battle/                 |              |
|    draw_rate            | 0            |
|    loss_rate            | 0.765        |
|    win_rate             | 0.235        |
| time/                   |              |
|    fps                  | 4941         |
|    iterations           | 471          |
|    time_elapsed         | 585          |
|    total_timesteps      | 2893824      |
| train/                  |              |
|    approx_kl            | 0.0060688346 |
|    clip_fraction        | 0.0547       |
|    clip_range           | 0.2          |
|    entropy_loss         | -1.08        |
|    explained_variance   | 0.303        |
|    learning_rate        | 0.0003       |
|    loss                 | 0.0054       |
|    n_updates            | 2820         |
|    policy_gradient_loss | -0.00579     |
|    value_loss           | 0.0509       |
------------------------------------------
-----------------------------------------
| battle/                 |             |
|    draw_rate            | 0           |
|    loss_rate            | 0.762       |
|    win_rate             | 0.237       |
| time/                   |             |
|    fps                  | 4940        |
|    iterations           | 472         |
|    time_elapsed         | 586         |
|    total_timesteps      | 2899968     |
| train/                  |             |
|    approx_kl            | 0.005600643 |
|    clip_fraction        | 0.0516      |
|    clip_range           | 0.2         |
|    entropy_loss         | -1.14       |
|    explained_variance   | 0.352       |
|    learning_rate        | 0.0003      |
|    loss                 | 0.0041      |
|    n_updates            | 2826        |
|    policy_gradient_loss | -0.00574    |
|    value_loss           | 0.0518      |
-----------------------------------------
------------------------------------------
| battle/                 |              |
|    draw_rate            | 0            |
|    loss_rate            | 0.757        |
|    win_rate             | 0.242        |
| time/                   |              |
|    fps                  | 4940         |
|    iterations           | 473          |
|    time_elapsed         | 588          |
|    total_timesteps      | 2906112      |
| train/                  |              |
|    approx_kl            | 0.0041060844 |
|    clip_fraction        | 0.0383       |
|    clip_range           | 0.2          |
|    entropy_loss         | -1.05        |
|    explained_variance   | 0.338        |
|    learning_rate        | 0.0003       |
|    loss                 | 0.00644      |
|    n_updates            | 2832         |
|    policy_gradient_loss | -0.00423     |
|    value_loss           | 0.0612       |
------------------------------------------
------------------------------------------
| battle/                 |              |
|    draw_rate            | 0            |
|    loss_rate            | 0.775        |
|    win_rate             | 0.225        |
| time/                   |              |
|    fps                  | 4941         |
|    iterations           | 474          |
|    time_elapsed         | 589          |
|    total_timesteps      | 2912256      |
| train/                  |              |
|    approx_kl            | 0.0066873827 |
|    clip_fraction        | 0.0374       |
|    clip_range           | 0.2          |
|    entropy_loss         | -1.07        |
|    explained_variance   | 0.183        |
|    learning_rate        | 0.0003       |
|    loss                 | 0.0219       |
|    n_updates            | 2838         |
|    policy_gradient_loss | -0.00523     |
|    value_loss           | 0.0836       |
------------------------------------------
------------------------------------------
| battle/                 |              |
|    draw_rate            | 0            |
|    loss_rate            | 0.782        |
|    win_rate             | 0.217        |
| time/                   |              |
|    fps                  | 4941         |
|    iterations           | 475          |
|    time_elapsed         | 590          |
|    total_timesteps      | 2918400      |
| train/                  |              |
|    approx_kl            | 0.0053504375 |
|    clip_fraction        | 0.0498       |
|    clip_range           | 0.2          |
|    entropy_loss         | -1.18        |
|    explained_variance   | 0.333        |
|    learning_rate        | 0.0003       |
|    loss                 | 0.0035       |
|    n_updates            | 2844         |
|    policy_gradient_loss | -0.00507     |
|    value_loss           | 0.0474       |
------------------------------------------
------------------------------------------
| battle/                 |              |
|    draw_rate            | 0            |
|    loss_rate            | 0.777        |
|    win_rate             | 0.223        |
| time/                   |              |
|    fps                  | 4941         |
|    iterations           | 476          |
|    time_elapsed         | 591          |
|    total_timesteps      | 2924544      |
| train/                  |              |
|    approx_kl            | 0.0056064227 |
|    clip_fraction        | 0.0364       |
|    clip_range           | 0.2          |
|    entropy_loss         | -1.09        |
|    explained_variance   | 0.345        |
|    learning_rate        | 0.0003       |
|    loss                 | 0.0041       |
|    n_updates            | 2850         |
|    policy_gradient_loss | -0.0051      |
|    value_loss           | 0.0507       |
------------------------------------------
-----------------------------------------
| battle/                 |             |
|    draw_rate            | 0           |
|    loss_rate            | 0.767       |
|    win_rate             | 0.233       |
| time/                   |             |
|    fps                  | 4941        |
|    iterations           | 477         |
|    time_elapsed         | 593         |
|    total_timesteps      | 2930688     |
| train/                  |             |
|    approx_kl            | 0.005632673 |
|    clip_fraction        | 0.0385      |
|    clip_range           | 0.2         |
|    entropy_loss         | -1.04       |
|    explained_variance   | 0.364       |
|    learning_rate        | 0.0003      |
|    loss                 | 0.00495     |
|    n_updates            | 2856        |
|    policy_gradient_loss | -0.00453    |
|    value_loss           | 0.0531      |
-----------------------------------------
------------------------------------------
| battle/                 |              |
|    draw_rate            | 0            |
|    loss_rate            | 0.785        |
|    win_rate             | 0.215        |
| time/                   |              |
|    fps                  | 4941         |
|    iterations           | 478          |
|    time_elapsed         | 594          |
|    total_timesteps      | 2936832      |
| train/                  |              |
|    approx_kl            | 0.0049124323 |
|    clip_fraction        | 0.0438       |
|    clip_range           | 0.2          |
|    entropy_loss         | -1.07        |
|    explained_variance   | 0.328        |
|    learning_rate        | 0.0003       |
|    loss                 | 0.0115       |
|    n_updates            | 2862         |
|    policy_gradient_loss | -0.0044      |
|    value_loss           | 0.0723       |
------------------------------------------
------------------------------------------
| battle/                 |              |
|    draw_rate            | 0            |
|    loss_rate            | 0.795        |
|    win_rate             | 0.205        |
| time/                   |              |
|    fps                  | 4942         |
|    iterations           | 479          |
|    time_elapsed         | 595          |
|    total_timesteps      | 2942976      |
| train/                  |              |
|    approx_kl            | 0.0053530415 |
|    clip_fraction        | 0.042        |
|    clip_range           | 0.2          |
|    entropy_loss         | -1.08        |
|    explained_variance   | 0.397        |
|    learning_rate        | 0.0003       |
|    loss                 | 0.00113      |
|    n_updates            | 2868         |
|    policy_gradient_loss | -0.00477     |
|    value_loss           | 0.0401       |
------------------------------------------
------------------------------------------
| battle/                 |              |
|    draw_rate            | 0            |
|    loss_rate            | 0.807        |
|    win_rate             | 0.193        |
| time/                   |              |
|    fps                  | 4941         |
|    iterations           | 480          |
|    time_elapsed         | 596          |
|    total_timesteps      | 2949120      |
| train/                  |              |
|    approx_kl            | 0.0069121122 |
|    clip_fraction        | 0.0369       |
|    clip_range           | 0.2          |
|    entropy_loss         | -1.16        |
|    explained_variance   | 0.318        |
|    learning_rate        | 0.0003       |
|    loss                 | 0.00402      |
|    n_updates            | 2874         |
|    policy_gradient_loss | -0.0046      |
|    value_loss           | 0.0567       |
------------------------------------------
-----------------------------------------
| battle/                 |             |
|    draw_rate            | 0           |
|    loss_rate            | 0.8         |
|    win_rate             | 0.2         |
| time/                   |             |
|    fps                  | 4940        |
|    iterations           | 481         |
|    time_elapsed         | 598         |
|    total_timesteps      | 2955264     |
| train/                  |             |
|    approx_kl            | 0.005953893 |
|    clip_fraction        | 0.0551      |
|    clip_range           | 0.2         |
|    entropy_loss         | -1.09       |
|    explained_variance   | 0.301       |
|    learning_rate        | 0.0003      |
|    loss                 | 0.00447     |
|    n_updates            | 2880        |
|    policy_gradient_loss | -0.005      |
|    value_loss           | 0.053       |
-----------------------------------------
-----------------------------------------
| battle/                 |             |
|    draw_rate            | 0           |
|    loss_rate            | 0.81        |
|    win_rate             | 0.19        |
| time/                   |             |
|    fps                  | 4940        |
|    iterations           | 482         |
|    time_elapsed         | 599         |
|    total_timesteps      | 2961408     |
| train/                  |             |
|    approx_kl            | 0.005024919 |
|    clip_fraction        | 0.0476      |
|    clip_range           | 0.2         |
|    entropy_loss         | -1.09       |
|    explained_variance   | 0.321       |
|    learning_rate        | 0.0003      |
|    loss                 | 0.00575     |
|    n_updates            | 2886        |
|    policy_gradient_loss | -0.00314    |
|    value_loss           | 0.0535      |
-----------------------------------------
-----------------------------------------
| battle/                 |             |
|    draw_rate            | 0           |
|    loss_rate            | 0.802       |
|    win_rate             | 0.198       |
| time/                   |             |
|    fps                  | 4941        |
|    iterations           | 483         |
|    time_elapsed         | 600         |
|    total_timesteps      | 2967552     |
| train/                  |             |
|    approx_kl            | 0.007572274 |
|    clip_fraction        | 0.0502      |
|    clip_range           | 0.2         |
|    entropy_loss         | -1.03       |
|    explained_variance   | 0.307       |
|    learning_rate        | 0.0003      |
|    loss                 | 0.00518     |
|    n_updates            | 2892        |
|    policy_gradient_loss | -0.00469    |
|    value_loss           | 0.0555      |
-----------------------------------------
------------------------------------------
| battle/                 |              |
|    draw_rate            | 0            |
|    loss_rate            | 0.797        |
|    win_rate             | 0.203        |
| time/                   |              |
|    fps                  | 4940         |
|    iterations           | 484          |
|    time_elapsed         | 601          |
|    total_timesteps      | 2973696      |
| train/                  |              |
|    approx_kl            | 0.0049842806 |
|    clip_fraction        | 0.0404       |
|    clip_range           | 0.2          |
|    entropy_loss         | -0.968       |
|    explained_variance   | 0.218        |
|    learning_rate        | 0.0003       |
|    loss                 | 0.0113       |
|    n_updates            | 2898         |
|    policy_gradient_loss | -0.00354     |
|    value_loss           | 0.0552       |
------------------------------------------
-----------------------------------------
| battle/                 |             |
|    draw_rate            | 0           |
|    loss_rate            | 0.795       |
|    win_rate             | 0.205       |
| time/                   |             |
|    fps                  | 4941        |
|    iterations           | 485         |
|    time_elapsed         | 603         |
|    total_timesteps      | 2979840     |
| train/                  |             |
|    approx_kl            | 0.004724965 |
|    clip_fraction        | 0.0426      |
|    clip_range           | 0.2         |
|    entropy_loss         | -1.09       |
|    explained_variance   | 0.292       |
|    learning_rate        | 0.0003      |
|    loss                 | 0.00716     |
|    n_updates            | 2904        |
|    policy_gradient_loss | -0.00427    |
|    value_loss           | 0.0525      |
-----------------------------------------
------------------------------------------
| battle/                 |              |
|    draw_rate            | 0            |
|    loss_rate            | 0.78         |
|    win_rate             | 0.22         |
| time/                   |              |
|    fps                  | 4940         |
|    iterations           | 486          |
|    time_elapsed         | 604          |
|    total_timesteps      | 2985984      |
| train/                  |              |
|    approx_kl            | 0.0042842203 |
|    clip_fraction        | 0.0385       |
|    clip_range           | 0.2          |
|    entropy_loss         | -1.08        |
|    explained_variance   | 0.334        |
|    learning_rate        | 0.0003       |
|    loss                 | 0.009        |
|    n_updates            | 2910         |
|    policy_gradient_loss | -0.00372     |
|    value_loss           | 0.0557       |
------------------------------------------
-----------------------------------------
| battle/                 |             |
|    draw_rate            | 0           |
|    loss_rate            | 0.78        |
|    win_rate             | 0.22        |
| time/                   |             |
|    fps                  | 4941        |
|    iterations           | 487         |
|    time_elapsed         | 605         |
|    total_timesteps      | 2992128     |
| train/                  |             |
|    approx_kl            | 0.006314125 |
|    clip_fraction        | 0.0599      |
|    clip_range           | 0.2         |
|    entropy_loss         | -1.09       |
|    explained_variance   | 0.216       |
|    learning_rate        | 0.0003      |
|    loss                 | 0.0129      |
|    n_updates            | 2916        |
|    policy_gradient_loss | -0.00453    |
|    value_loss           | 0.068       |
-----------------------------------------
------------------------------------------
| battle/                 |              |
|    draw_rate            | 0            |
|    loss_rate            | 0.775        |
|    win_rate             | 0.225        |
| time/                   |              |
|    fps                  | 4941         |
|    iterations           | 488          |
|    time_elapsed         | 606          |
|    total_timesteps      | 2998272      |
| train/                  |              |
|    approx_kl            | 0.0056968927 |
|    clip_fraction        | 0.039        |
|    clip_range           | 0.2          |
|    entropy_loss         | -1.13        |
|    explained_variance   | 0.349        |
|    learning_rate        | 0.0003       |
|    loss                 | -0.00324     |
|    n_updates            | 2922         |
|    policy_gradient_loss | -0.00474     |
|    value_loss           | 0.0384       |
------------------------------------------

[eval @ 3,004,416 steps] 确定性评估胜率: 19.0%
------------------------------------------
| battle/                 |              |
|    draw_rate            | 0            |
|    eval_win_rate        | 0.19         |
|    loss_rate            | 0.765        |
|    win_rate             | 0.235        |
| time/                   |              |
|    fps                  | 4908         |
|    iterations           | 489          |
|    time_elapsed         | 612          |
|    total_timesteps      | 3004416      |
| train/                  |              |
|    approx_kl            | 0.0048774206 |
|    clip_fraction        | 0.0485       |
|    clip_range           | 0.2          |
|    entropy_loss         | -1.12        |
|    explained_variance   | 0.309        |
|    learning_rate        | 0.0003       |
|    loss                 | 0.00676      |
|    n_updates            | 2928         |
|    policy_gradient_loss | -0.00539     |
|    value_loss           | 0.0568       |
------------------------------------------
-----------------------------------------
| battle/                 |             |
|    draw_rate            | 0           |
|    loss_rate            | 0.782       |
|    win_rate             | 0.217       |
| time/                   |             |
|    fps                  | 4909        |
|    iterations           | 490         |
|    time_elapsed         | 613         |
|    total_timesteps      | 3010560     |
| train/                  |             |
|    approx_kl            | 0.005399982 |
|    clip_fraction        | 0.0451      |
|    clip_range           | 0.2         |
|    entropy_loss         | -1.15       |
|    explained_variance   | 0.333       |
|    learning_rate        | 0.0003      |
|    loss                 | 0.00962     |
|    n_updates            | 2934        |
|    policy_gradient_loss | -0.00455    |
|    value_loss           | 0.0594      |
-----------------------------------------
-----------------------------------------
| battle/                 |             |
|    draw_rate            | 0           |
|    loss_rate            | 0.78        |
|    win_rate             | 0.22        |
| time/                   |             |
|    fps                  | 4908        |
|    iterations           | 491         |
|    time_elapsed         | 614         |
|    total_timesteps      | 3016704     |
| train/                  |             |
|    approx_kl            | 0.008467276 |
|    clip_fraction        | 0.0681      |
|    clip_range           | 0.2         |
|    entropy_loss         | -1.2        |
|    explained_variance   | 0.453       |
|    learning_rate        | 0.0003      |
|    loss                 | -0.00223    |
|    n_updates            | 2940        |
|    policy_gradient_loss | -0.00487    |
|    value_loss           | 0.0384      |
-----------------------------------------
------------------------------------------
| battle/                 |              |
|    draw_rate            | 0            |
|    loss_rate            | 0.807        |
|    win_rate             | 0.193        |
| time/                   |              |
|    fps                  | 4907         |
|    iterations           | 492          |
|    time_elapsed         | 615          |
|    total_timesteps      | 3022848      |
| train/                  |              |
|    approx_kl            | 0.0043866937 |
|    clip_fraction        | 0.0622       |
|    clip_range           | 0.2          |
|    entropy_loss         | -1.21        |
|    explained_variance   | 0.457        |
|    learning_rate        | 0.0003       |
|    loss                 | 0.00356      |
|    n_updates            | 2946         |
|    policy_gradient_loss | -0.00474     |
|    value_loss           | 0.0558       |
------------------------------------------
------------------------------------------
| battle/                 |              |
|    draw_rate            | 0            |
|    loss_rate            | 0.818        |
|    win_rate             | 0.182        |
| time/                   |              |
|    fps                  | 4908         |
|    iterations           | 493          |
|    time_elapsed         | 617          |
|    total_timesteps      | 3028992      |
| train/                  |              |
|    approx_kl            | 0.0055303727 |
|    clip_fraction        | 0.0414       |
|    clip_range           | 0.2          |
|    entropy_loss         | -1.06        |
|    explained_variance   | 0.464        |
|    learning_rate        | 0.0003       |
|    loss                 | 0.0035       |
|    n_updates            | 2952         |
|    policy_gradient_loss | -0.00432     |
|    value_loss           | 0.0386       |
------------------------------------------
------------------------------------------
| battle/                 |              |
|    draw_rate            | 0            |
|    loss_rate            | 0.802        |
|    win_rate             | 0.198        |
| time/                   |              |
|    fps                  | 4908         |
|    iterations           | 494          |
|    time_elapsed         | 618          |
|    total_timesteps      | 3035136      |
| train/                  |              |
|    approx_kl            | 0.0052963793 |
|    clip_fraction        | 0.0397       |
|    clip_range           | 0.2          |
|    entropy_loss         | -1.14        |
|    explained_variance   | 0.387        |
|    learning_rate        | 0.0003       |
|    loss                 | -0.00309     |
|    n_updates            | 2958         |
|    policy_gradient_loss | -0.00485     |
|    value_loss           | 0.0424       |
------------------------------------------
-----------------------------------------
| battle/                 |             |
|    draw_rate            | 0           |
|    loss_rate            | 0.818       |
|    win_rate             | 0.182       |
| time/                   |             |
|    fps                  | 4908        |
|    iterations           | 495         |
|    time_elapsed         | 619         |
|    total_timesteps      | 3041280     |
| train/                  |             |
|    approx_kl            | 0.006791784 |
|    clip_fraction        | 0.0463      |
|    clip_range           | 0.2         |
|    entropy_loss         | -1.13       |
|    explained_variance   | 0.18        |
|    learning_rate        | 0.0003      |
|    loss                 | 0.0149      |
|    n_updates            | 2964        |
|    policy_gradient_loss | -0.00485    |
|    value_loss           | 0.0731      |
-----------------------------------------
------------------------------------------
| battle/                 |              |
|    draw_rate            | 0            |
|    loss_rate            | 0.8          |
|    win_rate             | 0.2          |
| time/                   |              |
|    fps                  | 4908         |
|    iterations           | 496          |
|    time_elapsed         | 620          |
|    total_timesteps      | 3047424      |
| train/                  |              |
|    approx_kl            | 0.0066664387 |
|    clip_fraction        | 0.079        |
|    clip_range           | 0.2          |
|    entropy_loss         | -1.18        |
|    explained_variance   | 0.344        |
|    learning_rate        | 0.0003       |
|    loss                 | 0.0072       |
|    n_updates            | 2970         |
|    policy_gradient_loss | -0.00525     |
|    value_loss           | 0.0587       |
------------------------------------------
------------------------------------------
| battle/                 |              |
|    draw_rate            | 0            |
|    loss_rate            | 0.777        |
|    win_rate             | 0.223        |
| time/                   |              |
|    fps                  | 4908         |
|    iterations           | 497          |
|    time_elapsed         | 622          |
|    total_timesteps      | 3053568      |
| train/                  |              |
|    approx_kl            | 0.0033907352 |
|    clip_fraction        | 0.0463       |
|    clip_range           | 0.2          |
|    entropy_loss         | -1.1         |
|    explained_variance   | 0.3          |
|    learning_rate        | 0.0003       |
|    loss                 | 0.00847      |
|    n_updates            | 2976         |
|    policy_gradient_loss | -0.00516     |
|    value_loss           | 0.061        |
------------------------------------------
------------------------------------------
| battle/                 |              |
|    draw_rate            | 0            |
|    loss_rate            | 0.77         |
|    win_rate             | 0.23         |
| time/                   |              |
|    fps                  | 4907         |
|    iterations           | 498          |
|    time_elapsed         | 623          |
|    total_timesteps      | 3059712      |
| train/                  |              |
|    approx_kl            | 0.0049991836 |
|    clip_fraction        | 0.0407       |
|    clip_range           | 0.2          |
|    entropy_loss         | -1.11        |
|    explained_variance   | 0.298        |
|    learning_rate        | 0.0003       |
|    loss                 | 0.0112       |
|    n_updates            | 2982         |
|    policy_gradient_loss | -0.00397     |
|    value_loss           | 0.0616       |
------------------------------------------
-----------------------------------------
| battle/                 |             |
|    draw_rate            | 0           |
|    loss_rate            | 0.752       |
|    win_rate             | 0.247       |
| time/                   |             |
|    fps                  | 4907        |
|    iterations           | 499         |
|    time_elapsed         | 624         |
|    total_timesteps      | 3065856     |
| train/                  |             |
|    approx_kl            | 0.005662035 |
|    clip_fraction        | 0.0444      |
|    clip_range           | 0.2         |
|    entropy_loss         | -1.17       |
|    explained_variance   | 0.39        |
|    learning_rate        | 0.0003      |
|    loss                 | 0.00923     |
|    n_updates            | 2988        |
|    policy_gradient_loss | -0.00515    |
|    value_loss           | 0.0559      |
-----------------------------------------
-----------------------------------------
| battle/                 |             |
|    draw_rate            | 0           |
|    loss_rate            | 0.748       |
|    win_rate             | 0.253       |
| time/                   |             |
|    fps                  | 4906        |
|    iterations           | 500         |
|    time_elapsed         | 626         |
|    total_timesteps      | 3072000     |
| train/                  |             |
|    approx_kl            | 0.005194513 |
|    clip_fraction        | 0.0345      |
|    clip_range           | 0.2         |
|    entropy_loss         | -1.15       |
|    explained_variance   | 0.213       |
|    learning_rate        | 0.0003      |
|    loss                 | 0.0116      |
|    n_updates            | 2994        |
|    policy_gradient_loss | -0.00446    |
|    value_loss           | 0.0717      |
-----------------------------------------
------------------------------------------
| battle/                 |              |
|    draw_rate            | 0            |
|    loss_rate            | 0.745        |
|    win_rate             | 0.255        |
| time/                   |              |
|    fps                  | 4905         |
|    iterations           | 501          |
|    time_elapsed         | 627          |
|    total_timesteps      | 3078144      |
| train/                  |              |
|    approx_kl            | 0.0064523933 |
|    clip_fraction        | 0.0502       |
|    clip_range           | 0.2          |
|    entropy_loss         | -1.11        |
|    explained_variance   | 0.231        |
|    learning_rate        | 0.0003       |
|    loss                 | 0.00814      |
|    n_updates            | 3000         |
|    policy_gradient_loss | -0.00505     |
|    value_loss           | 0.0699       |
------------------------------------------
-----------------------------------------
| battle/                 |             |
|    draw_rate            | 0           |
|    loss_rate            | 0.75        |
|    win_rate             | 0.25        |
| time/                   |             |
|    fps                  | 4903        |
|    iterations           | 502         |
|    time_elapsed         | 628         |
|    total_timesteps      | 3084288     |
| train/                  |             |
|    approx_kl            | 0.005768499 |
|    clip_fraction        | 0.0557      |
|    clip_range           | 0.2         |
|    entropy_loss         | -1.16       |
|    explained_variance   | 0.351       |
|    learning_rate        | 0.0003      |
|    loss                 | 0.0065      |
|    n_updates            | 3006        |
|    policy_gradient_loss | -0.00479    |
|    value_loss           | 0.0569      |
-----------------------------------------
------------------------------------------
| battle/                 |              |
|    draw_rate            | 0            |
|    loss_rate            | 0.728        |
|    win_rate             | 0.273        |
| time/                   |              |
|    fps                  | 4903         |
|    iterations           | 503          |
|    time_elapsed         | 630          |
|    total_timesteps      | 3090432      |
| train/                  |              |
|    approx_kl            | 0.0044255913 |
|    clip_fraction        | 0.041        |
|    clip_range           | 0.2          |
|    entropy_loss         | -1.11        |
|    explained_variance   | 0.3          |
|    learning_rate        | 0.0003       |
|    loss                 | 0.00505      |
|    n_updates            | 3012         |
|    policy_gradient_loss | -0.00484     |
|    value_loss           | 0.0559       |
------------------------------------------
-----------------------------------------
| battle/                 |             |
|    draw_rate            | 0           |
|    loss_rate            | 0.745       |
|    win_rate             | 0.255       |
| time/                   |             |
|    fps                  | 4902        |
|    iterations           | 504         |
|    time_elapsed         | 631         |
|    total_timesteps      | 3096576     |
| train/                  |             |
|    approx_kl            | 0.006607992 |
|    clip_fraction        | 0.048       |
|    clip_range           | 0.2         |
|    entropy_loss         | -1.09       |
|    explained_variance   | 0.192       |
|    learning_rate        | 0.0003      |
|    loss                 | 0.0147      |
|    n_updates            | 3018        |
|    policy_gradient_loss | -0.0059     |
|    value_loss           | 0.0771      |
-----------------------------------------
------------------------------------------
| battle/                 |              |
|    draw_rate            | 0            |
|    loss_rate            | 0.75         |
|    win_rate             | 0.25         |
| time/                   |              |
|    fps                  | 4902         |
|    iterations           | 505          |
|    time_elapsed         | 632          |
|    total_timesteps      | 3102720      |
| train/                  |              |
|    approx_kl            | 0.0054485365 |
|    clip_fraction        | 0.0305       |
|    clip_range           | 0.2          |
|    entropy_loss         | -1.11        |
|    explained_variance   | 0.331        |
|    learning_rate        | 0.0003       |
|    loss                 | 0.00505      |
|    n_updates            | 3024         |
|    policy_gradient_loss | -0.00476     |
|    value_loss           | 0.0522       |
------------------------------------------
/opt/anaconda3/lib/python3.13/multiprocessing/resource_tracker.py:324: UserWarning: resource_tracker: There appear to be 1 leaked semaphore objects to clean up at shutdown: {'/mp-61xqemjm'}
  warnings.warn(
